{
  "timestamp": "2026-05-23T14:39:16.034757+00:00",
  "hardware": "Mac M5 Max",
  "model_preset": "qwen-1.5b",
  "configuration": "fp16+prefill",
  "weight_bits": 16,
  "optimizations": {
    "weight_bits": 16,
    "kv_cache": false,
    "prefill": true
  },
  "model_repo": "mlx-community/Qwen2.5-1.5B-Instruct-bf16",
  "kv_bits": null,
  "prefill_step_size": 2048,
  "prompt_tokens": 512,
  "generation_tokens": 128,
  "num_trials": 3,
  "memory_gb": 3.5627,
  "ttft_ms": 44.2536,
  "throughput_tps": 155.5338,
  "prompt_tps": 11569.6737,
  "mlx_version": "0.31.2",
  "mlx_lm_version": "0.29.1",
  "platform": "macOS-26.4.1-arm64-arm-64bit-Mach-O",
  "status": "ok",
  "error": null,
  "article_id": 5,
  "run_label": null,
  "benchmark_mode": "standard",
  "draft_model_repo": null,
  "draft_preset": "qwen-0.5b",
  "num_draft_tokens": null,
  "draft_accept_rate": null,
  "prefix_cache_cold_ttft_ms": null,
  "prefix_cache_warm_ttft_ms": null,
  "prefix_system_tokens": null,
  "workload": null,
  "schema_version": 1,
  "trials": {
    "ttft_ms": [
      52.668208023533225,
      44.253624975681305,
      44.20904186554253
    ],
    "throughput_tps": [
      155.46883643148712,
      155.53375904858433,
      155.878546861153
    ],
    "memory_gb": [
      3.5626815,
      3.5626815,
      3.5626815
    ],
    "prompt_tps": [
      9721.234483072369,
      11569.673677158862,
      11581.341245919733
    ]
  },
  "stats": {
    "ttft_ms": {
      "n": 3,
      "mean": 47.0436,
      "median": 44.2536,
      "p50": 44.2536,
      "p95": 51.8267,
      "std": 3.9772,
      "min": 44.209,
      "max": 52.6682
    },
    "throughput_tps": {
      "n": 3,
      "mean": 155.627,
      "median": 155.5338,
      "p50": 155.5338,
      "p95": 155.8441,
      "std": 0.1798,
      "min": 155.4688,
      "max": 155.8785
    },
    "memory_gb": {
      "n": 3,
      "mean": 3.5627,
      "median": 3.5627,
      "p50": 3.5627,
      "p95": 3.5627,
      "std": 0.0,
      "min": 3.5627,
      "max": 3.5627
    },
    "prompt_tps": {
      "n": 3,
      "mean": 10957.4165,
      "median": 11569.6737,
      "p50": 11569.6737,
      "p95": 11580.1745,
      "std": 874.1256,
      "min": 9721.2345,
      "max": 11581.3412
    }
  },
  "warmup_policy": {
    "warmup_trials": 1,
    "warmup_discarded": true,
    "measured_trials_field": "num_trials",
    "description": "One full generate before timed trials; trials use seed+trial."
  }
}
