{
  "timestamp": "2026-05-23T14:39:05.615495+00:00",
  "hardware": "Mac M5 Max",
  "model_preset": "qwen-1.5b",
  "configuration": "fp16+kv_cache",
  "weight_bits": 16,
  "optimizations": {
    "weight_bits": 16,
    "kv_cache": true,
    "prefill": false
  },
  "model_repo": "mlx-community/Qwen2.5-1.5B-Instruct-bf16",
  "kv_bits": 4,
  "prefill_step_size": 512,
  "prompt_tokens": 512,
  "generation_tokens": 128,
  "num_trials": 3,
  "memory_gb": 3.5627,
  "ttft_ms": 49.603,
  "throughput_tps": 144.3936,
  "prompt_tps": 10321.9651,
  "mlx_version": "0.31.2",
  "mlx_lm_version": "0.29.1",
  "platform": "macOS-26.4.1-arm64-arm-64bit-Mach-O",
  "status": "ok",
  "error": null,
  "article_id": 5,
  "run_label": null,
  "benchmark_mode": "standard",
  "draft_model_repo": null,
  "draft_preset": "qwen-0.5b",
  "num_draft_tokens": null,
  "draft_accept_rate": null,
  "prefix_cache_cold_ttft_ms": null,
  "prefix_cache_warm_ttft_ms": null,
  "prefix_system_tokens": null,
  "workload": null,
  "schema_version": 1,
  "trials": {
    "ttft_ms": [
      69.93566709570587,
      48.68137510493397,
      49.60295790806413
    ],
    "throughput_tps": [
      144.5367031910037,
      144.39357393904754,
      143.85090084315263
    ],
    "memory_gb": [
      3.5626815,
      3.5626815,
      3.5626815
    ],
    "prompt_tps": [
      7321.014029927476,
      10517.36929978602,
      10321.965092262419
    ]
  },
  "stats": {
    "ttft_ms": {
      "n": 3,
      "mean": 56.0733,
      "median": 49.603,
      "p50": 49.603,
      "p95": 67.9024,
      "std": 9.8094,
      "min": 48.6814,
      "max": 69.9357
    },
    "throughput_tps": {
      "n": 3,
      "mean": 144.2604,
      "median": 144.3936,
      "p50": 144.3936,
      "p95": 144.5224,
      "std": 0.2954,
      "min": 143.8509,
      "max": 144.5367
    },
    "memory_gb": {
      "n": 3,
      "mean": 3.5627,
      "median": 3.5627,
      "p50": 3.5627,
      "p95": 3.5627,
      "std": 0.0,
      "min": 3.5627,
      "max": 3.5627
    },
    "prompt_tps": {
      "n": 3,
      "mean": 9386.7828,
      "median": 10321.9651,
      "p50": 10321.9651,
      "p95": 10497.8289,
      "std": 1462.8958,
      "min": 7321.014,
      "max": 10517.3693
    }
  },
  "warmup_policy": {
    "warmup_trials": 1,
    "warmup_discarded": true,
    "measured_trials_field": "num_trials",
    "description": "One full generate before timed trials; trials use seed+trial."
  }
}
