{
  "timestamp": "2026-05-25T05:07:50.706452+00:00",
  "hardware": "Mac M5 Max",
  "model_preset": "qwen-1.5b",
  "configuration": "fp16+prefill",
  "weight_bits": 16,
  "optimizations": {
    "weight_bits": 16,
    "kv_cache": false,
    "prefill": true
  },
  "model_repo": "mlx-community/Qwen2.5-1.5B-Instruct-bf16",
  "kv_bits": null,
  "prefill_step_size": 2048,
  "prompt_tokens": 512,
  "generation_tokens": 128,
  "num_trials": 3,
  "memory_gb": 3.5627,
  "ttft_ms": 49.5502,
  "throughput_tps": 154.9063,
  "prompt_tps": 10332.9622,
  "mlx_version": "0.31.2",
  "mlx_lm_version": "0.29.1",
  "platform": "macOS-26.4.1-arm64-arm-64bit-Mach-O",
  "status": "ok",
  "error": null,
  "article_id": 5,
  "run_label": null,
  "benchmark_mode": "standard",
  "draft_model_repo": null,
  "draft_preset": "qwen-0.5b",
  "num_draft_tokens": null,
  "draft_accept_rate": null,
  "prefix_cache_cold_ttft_ms": null,
  "prefix_cache_warm_ttft_ms": null,
  "prefix_system_tokens": null,
  "workload": null,
  "schema_version": 1,
  "trials": {
    "ttft_ms": [
      52.87129199132324,
      44.711750000715256,
      49.55016681924462
    ],
    "throughput_tps": [
      156.68722389037208,
      154.90633296825595,
      142.66917300409514
    ],
    "memory_gb": [
      3.5626815,
      3.562682524,
      3.562682524
    ],
    "prompt_tps": [
      9683.894240451413,
      11451.12861813303,
      10332.9621849254
    ]
  },
  "stats": {
    "ttft_ms": {
      "n": 3,
      "mean": 49.0444,
      "median": 49.5502,
      "p50": 49.5502,
      "p95": 52.5392,
      "std": 3.3503,
      "min": 44.7118,
      "max": 52.8713
    },
    "throughput_tps": {
      "n": 3,
      "mean": 151.4209,
      "median": 154.9063,
      "p50": 154.9063,
      "p95": 156.5091,
      "std": 6.231,
      "min": 142.6692,
      "max": 156.6872
    },
    "memory_gb": {
      "n": 3,
      "mean": 3.5627,
      "median": 3.5627,
      "p50": 3.5627,
      "p95": 3.5627,
      "std": 0.0,
      "min": 3.5627,
      "max": 3.5627
    },
    "prompt_tps": {
      "n": 3,
      "mean": 10489.3283,
      "median": 10332.9622,
      "p50": 10332.9622,
      "p95": 11339.312,
      "std": 729.8937,
      "min": 9683.8942,
      "max": 11451.1286
    }
  },
  "warmup_policy": {
    "warmup_trials": 1,
    "warmup_discarded": true,
    "measured_trials_field": "num_trials",
    "description": "One full generate before timed trials; trials use seed+trial."
  }
}
