{
  "timestamp": "2026-05-25T05:08:01.961638+00:00",
  "hardware": "Mac M5 Max",
  "model_preset": "qwen-1.5b",
  "configuration": "fp16+kv_cache+prefill",
  "weight_bits": 16,
  "optimizations": {
    "weight_bits": 16,
    "kv_cache": true,
    "prefill": true
  },
  "model_repo": "mlx-community/Qwen2.5-1.5B-Instruct-bf16",
  "kv_bits": 4,
  "prefill_step_size": 2048,
  "prompt_tokens": 512,
  "generation_tokens": 128,
  "num_trials": 3,
  "memory_gb": 3.5627,
  "ttft_ms": 52.2744,
  "throughput_tps": 142.4403,
  "prompt_tps": 9794.4739,
  "mlx_version": "0.31.2",
  "mlx_lm_version": "0.29.1",
  "platform": "macOS-26.4.1-arm64-arm-64bit-Mach-O",
  "status": "ok",
  "error": null,
  "article_id": 5,
  "run_label": null,
  "benchmark_mode": "standard",
  "draft_model_repo": null,
  "draft_preset": "qwen-0.5b",
  "num_draft_tokens": null,
  "draft_accept_rate": null,
  "prefix_cache_cold_ttft_ms": null,
  "prefix_cache_warm_ttft_ms": null,
  "prefix_system_tokens": null,
  "workload": null,
  "schema_version": 1,
  "trials": {
    "ttft_ms": [
      59.06395893543959,
      48.69833285920322,
      52.27437498979271
    ],
    "throughput_tps": [
      145.81499581959525,
      142.44028119323698,
      134.26656175813304
    ],
    "memory_gb": [
      3.5626815,
      3.5626815,
      3.5626815
    ],
    "prompt_tps": [
      8668.568941672982,
      10513.706936956058,
      9794.473871757913
    ]
  },
  "stats": {
    "ttft_ms": {
      "n": 3,
      "mean": 53.3456,
      "median": 52.2744,
      "p50": 52.2744,
      "p95": 58.385,
      "std": 4.299,
      "min": 48.6983,
      "max": 59.064
    },
    "throughput_tps": {
      "n": 3,
      "mean": 140.8406,
      "median": 142.4403,
      "p50": 142.4403,
      "p95": 145.4775,
      "std": 4.8484,
      "min": 134.2666,
      "max": 145.815
    },
    "memory_gb": {
      "n": 3,
      "mean": 3.5627,
      "median": 3.5627,
      "p50": 3.5627,
      "p95": 3.5627,
      "std": 0.0,
      "min": 3.5627,
      "max": 3.5627
    },
    "prompt_tps": {
      "n": 3,
      "mean": 9658.9166,
      "median": 9794.4739,
      "p50": 9794.4739,
      "p95": 10441.7836,
      "std": 759.3486,
      "min": 8668.5689,
      "max": 10513.7069
    }
  },
  "warmup_policy": {
    "warmup_trials": 1,
    "warmup_discarded": true,
    "measured_trials_field": "num_trials",
    "description": "One full generate before timed trials; trials use seed+trial."
  }
}
