{
  "timestamp": "2026-05-25T05:07:28.880574+00:00",
  "hardware": "Mac M5 Max",
  "model_preset": "qwen-1.5b",
  "configuration": "fp16",
  "weight_bits": 16,
  "optimizations": {
    "weight_bits": 16,
    "kv_cache": false,
    "prefill": false
  },
  "model_repo": "mlx-community/Qwen2.5-1.5B-Instruct-bf16",
  "kv_bits": null,
  "prefill_step_size": 512,
  "prompt_tokens": 512,
  "generation_tokens": 128,
  "num_trials": 3,
  "memory_gb": 3.5627,
  "ttft_ms": 44.422,
  "throughput_tps": 156.289,
  "prompt_tps": 11525.8096,
  "mlx_version": "0.31.2",
  "mlx_lm_version": "0.29.1",
  "platform": "macOS-26.4.1-arm64-arm-64bit-Mach-O",
  "status": "ok",
  "error": null,
  "article_id": 5,
  "run_label": null,
  "benchmark_mode": "standard",
  "draft_model_repo": null,
  "draft_preset": "qwen-0.5b",
  "num_draft_tokens": null,
  "draft_accept_rate": null,
  "prefix_cache_cold_ttft_ms": null,
  "prefix_cache_warm_ttft_ms": null,
  "prefix_system_tokens": null,
  "workload": null,
  "schema_version": 1,
  "trials": {
    "ttft_ms": [
      52.460917038843036,
      44.32020802050829,
      44.42204209044576
    ],
    "throughput_tps": [
      156.5147745608858,
      156.28895126356588,
      154.9383498506018
    ],
    "memory_gb": [
      3.5626815,
      3.5626815,
      3.5626815
    ],
    "prompt_tps": [
      9759.646397734636,
      11552.292348517007,
      11525.809618511896
    ]
  },
  "stats": {
    "ttft_ms": {
      "n": 3,
      "mean": 47.0677,
      "median": 44.422,
      "p50": 44.422,
      "p95": 51.657,
      "std": 3.8138,
      "min": 44.3202,
      "max": 52.4609
    },
    "throughput_tps": {
      "n": 3,
      "mean": 155.914,
      "median": 156.289,
      "p50": 156.289,
      "p95": 156.4922,
      "std": 0.696,
      "min": 154.9383,
      "max": 156.5148
    },
    "memory_gb": {
      "n": 3,
      "mean": 3.5627,
      "median": 3.5627,
      "p50": 3.5627,
      "p95": 3.5627,
      "std": 0.0,
      "min": 3.5627,
      "max": 3.5627
    },
    "prompt_tps": {
      "n": 3,
      "mean": 10945.9161,
      "median": 11525.8096,
      "p50": 11525.8096,
      "p95": 11549.6441,
      "std": 838.889,
      "min": 9759.6464,
      "max": 11552.2923
    }
  },
  "warmup_policy": {
    "warmup_trials": 1,
    "warmup_discarded": true,
    "measured_trials_field": "num_trials",
    "description": "One full generate before timed trials; trials use seed+trial."
  }
}
