{
  "timestamp": "2026-05-25T05:07:39.839332+00:00",
  "hardware": "Mac M5 Max",
  "model_preset": "qwen-1.5b",
  "configuration": "fp16+kv_cache",
  "weight_bits": 16,
  "optimizations": {
    "weight_bits": 16,
    "kv_cache": true,
    "prefill": false
  },
  "model_repo": "mlx-community/Qwen2.5-1.5B-Instruct-bf16",
  "kv_bits": 4,
  "prefill_step_size": 512,
  "prompt_tokens": 512,
  "generation_tokens": 128,
  "num_trials": 3,
  "memory_gb": 3.5627,
  "ttft_ms": 48.9569,
  "throughput_tps": 143.6066,
  "prompt_tps": 10458.1839,
  "mlx_version": "0.31.2",
  "mlx_lm_version": "0.29.1",
  "platform": "macOS-26.4.1-arm64-arm-64bit-Mach-O",
  "status": "ok",
  "error": null,
  "article_id": 5,
  "run_label": null,
  "benchmark_mode": "standard",
  "draft_model_repo": null,
  "draft_preset": "qwen-0.5b",
  "num_draft_tokens": null,
  "draft_accept_rate": null,
  "prefix_cache_cold_ttft_ms": null,
  "prefix_cache_warm_ttft_ms": null,
  "prefix_system_tokens": null,
  "workload": null,
  "schema_version": 1,
  "trials": {
    "ttft_ms": [
      48.956874990835786,
      48.890375066548586,
      57.50174983404577
    ],
    "throughput_tps": [
      144.53180022302283,
      143.60657636058457,
      126.45952281486893
    ],
    "memory_gb": [
      3.5626815,
      3.5626815,
      3.5626815
    ],
    "prompt_tps": [
      10458.183862753516,
      10472.408921041739,
      8904.076858142043
    ]
  },
  "stats": {
    "ttft_ms": {
      "n": 3,
      "mean": 51.783,
      "median": 48.9569,
      "p50": 48.9569,
      "p95": 56.6473,
      "std": 4.0439,
      "min": 48.8904,
      "max": 57.5017
    },
    "throughput_tps": {
      "n": 3,
      "mean": 138.1993,
      "median": 143.6066,
      "p50": 143.6066,
      "p95": 144.4393,
      "std": 8.3099,
      "min": 126.4595,
      "max": 144.5318
    },
    "memory_gb": {
      "n": 3,
      "mean": 3.5627,
      "median": 3.5627,
      "p50": 3.5627,
      "p95": 3.5627,
      "std": 0.0,
      "min": 3.5627,
      "max": 3.5627
    },
    "prompt_tps": {
      "n": 3,
      "mean": 9944.8899,
      "median": 10458.1839,
      "p50": 10458.1839,
      "p95": 10470.9864,
      "std": 735.9889,
      "min": 8904.0769,
      "max": 10472.4089
    }
  },
  "warmup_policy": {
    "warmup_trials": 1,
    "warmup_discarded": true,
    "measured_trials_field": "num_trials",
    "description": "One full generate before timed trials; trials use seed+trial."
  }
}
