{
  "timestamp": "2026-05-25T05:09:13.065363+00:00",
  "hardware": "Mac M5 Max",
  "model_preset": "qwen-1.5b",
  "configuration": "w4+kv_cache",
  "weight_bits": 4,
  "optimizations": {
    "weight_bits": 4,
    "kv_cache": true,
    "prefill": false
  },
  "model_repo": "mlx-community/Qwen2.5-1.5B-Instruct-4bit",
  "kv_bits": 4,
  "prefill_step_size": 512,
  "prompt_tokens": 512,
  "generation_tokens": 128,
  "num_trials": 3,
  "memory_gb": 1.6142,
  "ttft_ms": 48.4477,
  "throughput_tps": 303.5462,
  "prompt_tps": 10568.0863,
  "mlx_version": "0.31.2",
  "mlx_lm_version": "0.29.1",
  "platform": "macOS-26.4.1-arm64-arm-64bit-Mach-O",
  "status": "ok",
  "error": null,
  "article_id": 5,
  "run_label": null,
  "benchmark_mode": "standard",
  "draft_model_repo": null,
  "draft_preset": "qwen-0.5b",
  "num_draft_tokens": null,
  "draft_accept_rate": null,
  "prefix_cache_cold_ttft_ms": null,
  "prefix_cache_warm_ttft_ms": null,
  "prefix_system_tokens": null,
  "workload": null,
  "schema_version": 1,
  "trials": {
    "ttft_ms": [
      56.043416960164905,
      48.44774981029332,
      47.27895790711045
    ],
    "throughput_tps": [
      304.2201335231979,
      303.5462439228863,
      302.44085136214153
    ],
    "memory_gb": [
      1.6142472,
      1.494732016,
      1.494732016
    ],
    "prompt_tps": [
      9135.774151028736,
      10568.086278616378,
      10829.341903134427
    ]
  },
  "stats": {
    "ttft_ms": {
      "n": 3,
      "mean": 50.59,
      "median": 48.4477,
      "p50": 48.4477,
      "p95": 55.2839,
      "std": 3.8855,
      "min": 47.279,
      "max": 56.0434
    },
    "throughput_tps": {
      "n": 3,
      "mean": 303.4024,
      "median": 303.5462,
      "p50": 303.5462,
      "p95": 304.1527,
      "std": 0.7335,
      "min": 302.4409,
      "max": 304.2201
    },
    "memory_gb": {
      "n": 3,
      "mean": 1.5346,
      "median": 1.4947,
      "p50": 1.4947,
      "p95": 1.6023,
      "std": 0.0563,
      "min": 1.4947,
      "max": 1.6142
    },
    "prompt_tps": {
      "n": 3,
      "mean": 10177.7341,
      "median": 10568.0863,
      "p50": 10568.0863,
      "p95": 10803.2163,
      "std": 744.4569,
      "min": 9135.7742,
      "max": 10829.3419
    }
  },
  "warmup_policy": {
    "warmup_trials": 1,
    "warmup_discarded": true,
    "measured_trials_field": "num_trials",
    "description": "One full generate before timed trials; trials use seed+trial."
  }
}
