{
  "timestamp": "2026-05-25T05:09:30.250027+00:00",
  "hardware": "Mac M5 Max",
  "model_preset": "qwen-1.5b",
  "configuration": "w4+kv_cache+prefill",
  "weight_bits": 4,
  "optimizations": {
    "weight_bits": 4,
    "kv_cache": true,
    "prefill": true
  },
  "model_repo": "mlx-community/Qwen2.5-1.5B-Instruct-4bit",
  "kv_bits": 4,
  "prefill_step_size": 2048,
  "prompt_tokens": 512,
  "generation_tokens": 128,
  "num_trials": 3,
  "memory_gb": 1.6142,
  "ttft_ms": 48.0593,
  "throughput_tps": 307.2106,
  "prompt_tps": 10653.5069,
  "mlx_version": "0.31.2",
  "mlx_lm_version": "0.29.1",
  "platform": "macOS-26.4.1-arm64-arm-64bit-Mach-O",
  "status": "ok",
  "error": null,
  "article_id": 5,
  "run_label": null,
  "benchmark_mode": "standard",
  "draft_model_repo": null,
  "draft_preset": "qwen-0.5b",
  "num_draft_tokens": null,
  "draft_accept_rate": null,
  "prefix_cache_cold_ttft_ms": null,
  "prefix_cache_warm_ttft_ms": null,
  "prefix_system_tokens": null,
  "workload": null,
  "schema_version": 1,
  "trials": {
    "ttft_ms": [
      65.55191683582962,
      47.64704196713865,
      48.05929190479219
    ],
    "throughput_tps": [
      305.53960651304357,
      308.7386914006879,
      307.21062958302736
    ],
    "memory_gb": [
      1.6142472,
      1.494732016,
      1.494732016
    ],
    "prompt_tps": [
      7810.603026030035,
      10745.682813911462,
      10653.506943346087
    ]
  },
  "stats": {
    "ttft_ms": {
      "n": 3,
      "mean": 53.7528,
      "median": 48.0593,
      "p50": 48.0593,
      "p95": 63.8027,
      "std": 8.345,
      "min": 47.647,
      "max": 65.5519
    },
    "throughput_tps": {
      "n": 3,
      "mean": 307.163,
      "median": 307.2106,
      "p50": 307.2106,
      "p95": 308.5859,
      "std": 1.3065,
      "min": 305.5396,
      "max": 308.7387
    },
    "memory_gb": {
      "n": 3,
      "mean": 1.5346,
      "median": 1.4947,
      "p50": 1.4947,
      "p95": 1.6023,
      "std": 0.0563,
      "min": 1.4947,
      "max": 1.6142
    },
    "prompt_tps": {
      "n": 3,
      "mean": 9736.5976,
      "median": 10653.5069,
      "p50": 10653.5069,
      "p95": 10736.4652,
      "std": 1362.4036,
      "min": 7810.603,
      "max": 10745.6828
    }
  },
  "warmup_policy": {
    "warmup_trials": 1,
    "warmup_discarded": true,
    "measured_trials_field": "num_trials",
    "description": "One full generate before timed trials; trials use seed+trial."
  }
}
