{
  "timestamp": "2026-05-25T05:09:21.470173+00:00",
  "hardware": "Mac M5 Max",
  "model_preset": "qwen-1.5b",
  "configuration": "w4+prefill",
  "weight_bits": 4,
  "optimizations": {
    "weight_bits": 4,
    "kv_cache": false,
    "prefill": true
  },
  "model_repo": "mlx-community/Qwen2.5-1.5B-Instruct-4bit",
  "kv_bits": null,
  "prefill_step_size": 2048,
  "prompt_tokens": 512,
  "generation_tokens": 128,
  "num_trials": 3,
  "memory_gb": 1.6142,
  "ttft_ms": 43.6505,
  "throughput_tps": 364.9344,
  "prompt_tps": 11729.5445,
  "mlx_version": "0.31.2",
  "mlx_lm_version": "0.29.1",
  "platform": "macOS-26.4.1-arm64-arm-64bit-Mach-O",
  "status": "ok",
  "error": null,
  "article_id": 5,
  "run_label": null,
  "benchmark_mode": "standard",
  "draft_model_repo": null,
  "draft_preset": "qwen-0.5b",
  "num_draft_tokens": null,
  "draft_accept_rate": null,
  "prefix_cache_cold_ttft_ms": null,
  "prefix_cache_warm_ttft_ms": null,
  "prefix_system_tokens": null,
  "workload": null,
  "schema_version": 1,
  "trials": {
    "ttft_ms": [
      61.118666082620614,
      43.65045903250575,
      43.01254195161164
    ],
    "throughput_tps": [
      364.25302414388284,
      365.8154076699444,
      364.9343688678917
    ],
    "memory_gb": [
      1.6142472,
      1.490384112,
      1.490384112
    ],
    "prompt_tps": [
      8377.146178352044,
      11729.544461805599,
      11903.50480973645
    ]
  },
  "stats": {
    "ttft_ms": {
      "n": 3,
      "mean": 49.2606,
      "median": 43.6505,
      "p50": 43.6505,
      "p95": 59.3718,
      "std": 8.389,
      "min": 43.0125,
      "max": 61.1187
    },
    "throughput_tps": {
      "n": 3,
      "mean": 365.0009,
      "median": 364.9344,
      "p50": 364.9344,
      "p95": 365.7273,
      "std": 0.6396,
      "min": 364.253,
      "max": 365.8154
    },
    "memory_gb": {
      "n": 3,
      "mean": 1.5317,
      "median": 1.4904,
      "p50": 1.4904,
      "p95": 1.6019,
      "std": 0.0584,
      "min": 1.4904,
      "max": 1.6142
    },
    "prompt_tps": {
      "n": 3,
      "mean": 10670.0651,
      "median": 11729.5445,
      "p50": 11729.5445,
      "p95": 11886.1088,
      "std": 1622.8932,
      "min": 8377.1462,
      "max": 11903.5048
    }
  },
  "warmup_policy": {
    "warmup_trials": 1,
    "warmup_discarded": true,
    "measured_trials_field": "num_trials",
    "description": "One full generate before timed trials; trials use seed+trial."
  }
}
