{
  "timestamp": "2026-05-23T14:40:29.615826+00:00",
  "hardware": "Mac M5 Max",
  "model_preset": "qwen-1.5b",
  "configuration": "w4+prefill",
  "weight_bits": 4,
  "optimizations": {
    "weight_bits": 4,
    "kv_cache": false,
    "prefill": true
  },
  "model_repo": "mlx-community/Qwen2.5-1.5B-Instruct-4bit",
  "kv_bits": null,
  "prefill_step_size": 2048,
  "prompt_tokens": 512,
  "generation_tokens": 128,
  "num_trials": 3,
  "memory_gb": 1.6142,
  "ttft_ms": 44.6074,
  "throughput_tps": 363.5386,
  "prompt_tps": 11477.9226,
  "mlx_version": "0.31.2",
  "mlx_lm_version": "0.29.1",
  "platform": "macOS-26.4.1-arm64-arm-64bit-Mach-O",
  "status": "ok",
  "error": null,
  "article_id": 5,
  "run_label": null,
  "benchmark_mode": "standard",
  "draft_model_repo": null,
  "draft_preset": "qwen-0.5b",
  "num_draft_tokens": null,
  "draft_accept_rate": null,
  "prefix_cache_cold_ttft_ms": null,
  "prefix_cache_warm_ttft_ms": null,
  "prefix_system_tokens": null,
  "workload": null,
  "schema_version": 1,
  "trials": {
    "ttft_ms": [
      62.8169160336256,
      44.48645911179483,
      44.60737504996359
    ],
    "throughput_tps": [
      365.89732134958035,
      362.1608411863027,
      363.538636681378
    ],
    "memory_gb": [
      1.6142472,
      1.485403376,
      1.490384112
    ],
    "prompt_tps": [
      8150.670748082073,
      11509.120083334568,
      11477.922640068413
    ]
  },
  "stats": {
    "ttft_ms": {
      "n": 3,
      "mean": 50.6369,
      "median": 44.6074,
      "p50": 44.6074,
      "p95": 60.996,
      "std": 8.6127,
      "min": 44.4865,
      "max": 62.8169
    },
    "throughput_tps": {
      "n": 3,
      "mean": 363.8656,
      "median": 363.5386,
      "p50": 363.5386,
      "p95": 365.6615,
      "std": 1.5428,
      "min": 362.1608,
      "max": 365.8973
    },
    "memory_gb": {
      "n": 3,
      "mean": 1.53,
      "median": 1.4904,
      "p50": 1.4904,
      "p95": 1.6019,
      "std": 0.0596,
      "min": 1.4854,
      "max": 1.6142
    },
    "prompt_tps": {
      "n": 3,
      "mean": 10379.2378,
      "median": 11477.9226,
      "p50": 11477.9226,
      "p95": 11506.0003,
      "std": 1575.8864,
      "min": 8150.6707,
      "max": 11509.1201
    }
  },
  "warmup_policy": {
    "warmup_trials": 1,
    "warmup_discarded": true,
    "measured_trials_field": "num_trials",
    "description": "One full generate before timed trials; trials use seed+trial."
  }
}
