{
  "timestamp": "2026-05-23T14:40:12.446805+00:00",
  "hardware": "Mac M5 Max",
  "model_preset": "qwen-1.5b",
  "configuration": "w4",
  "weight_bits": 4,
  "optimizations": {
    "weight_bits": 4,
    "kv_cache": false,
    "prefill": false
  },
  "model_repo": "mlx-community/Qwen2.5-1.5B-Instruct-4bit",
  "kv_bits": null,
  "prefill_step_size": 512,
  "prompt_tokens": 512,
  "generation_tokens": 128,
  "num_trials": 3,
  "memory_gb": 1.6142,
  "ttft_ms": 41.8574,
  "throughput_tps": 361.2035,
  "prompt_tps": 12232.0018,
  "mlx_version": "0.31.2",
  "mlx_lm_version": "0.29.1",
  "platform": "macOS-26.4.1-arm64-arm-64bit-Mach-O",
  "status": "ok",
  "error": null,
  "article_id": 5,
  "run_label": null,
  "benchmark_mode": "standard",
  "draft_model_repo": null,
  "draft_preset": "qwen-0.5b",
  "num_draft_tokens": null,
  "draft_accept_rate": null,
  "prefix_cache_cold_ttft_ms": null,
  "prefix_cache_warm_ttft_ms": null,
  "prefix_system_tokens": null,
  "workload": null,
  "schema_version": 1,
  "trials": {
    "ttft_ms": [
      66.1927501205355,
      41.85741697438061,
      41.55800002627075
    ],
    "throughput_tps": [
      361.20354192046653,
      358.91187992613993,
      361.2701898486281
    ],
    "memory_gb": [
      1.6142472,
      1.490384112,
      1.490384112
    ],
    "prompt_tps": [
      7734.986068227407,
      12232.001805399897,
      12320.130893602698
    ]
  },
  "stats": {
    "ttft_ms": {
      "n": 3,
      "mean": 49.8694,
      "median": 41.8574,
      "p50": 41.8574,
      "p95": 63.7592,
      "std": 11.543,
      "min": 41.558,
      "max": 66.1928
    },
    "throughput_tps": {
      "n": 3,
      "mean": 360.4619,
      "median": 361.2035,
      "p50": 361.2035,
      "p95": 361.2635,
      "std": 1.0963,
      "min": 358.9119,
      "max": 361.2702
    },
    "memory_gb": {
      "n": 3,
      "mean": 1.5317,
      "median": 1.4904,
      "p50": 1.4904,
      "p95": 1.6019,
      "std": 0.0584,
      "min": 1.4904,
      "max": 1.6142
    },
    "prompt_tps": {
      "n": 3,
      "mean": 10762.3729,
      "median": 12232.0018,
      "p50": 12232.0018,
      "p95": 12311.318,
      "std": 2140.9881,
      "min": 7734.9861,
      "max": 12320.1309
    }
  },
  "warmup_policy": {
    "warmup_trials": 1,
    "warmup_discarded": true,
    "measured_trials_field": "num_trials",
    "description": "One full generate before timed trials; trials use seed+trial."
  }
}
