{
  "timestamp": "2026-05-25T05:09:04.240999+00:00",
  "hardware": "Mac M5 Max",
  "model_preset": "qwen-1.5b",
  "configuration": "w4",
  "weight_bits": 4,
  "optimizations": {
    "weight_bits": 4,
    "kv_cache": false,
    "prefill": false
  },
  "model_repo": "mlx-community/Qwen2.5-1.5B-Instruct-4bit",
  "kv_bits": null,
  "prefill_step_size": 512,
  "prompt_tokens": 512,
  "generation_tokens": 128,
  "num_trials": 3,
  "memory_gb": 1.6142,
  "ttft_ms": 43.8464,
  "throughput_tps": 364.086,
  "prompt_tps": 11677.1228,
  "mlx_version": "0.31.2",
  "mlx_lm_version": "0.29.1",
  "platform": "macOS-26.4.1-arm64-arm-64bit-Mach-O",
  "status": "ok",
  "error": null,
  "article_id": 5,
  "run_label": null,
  "benchmark_mode": "standard",
  "draft_model_repo": null,
  "draft_preset": "qwen-0.5b",
  "num_draft_tokens": null,
  "draft_accept_rate": null,
  "prefix_cache_cold_ttft_ms": null,
  "prefix_cache_warm_ttft_ms": null,
  "prefix_system_tokens": null,
  "workload": null,
  "schema_version": 1,
  "trials": {
    "ttft_ms": [
      62.2924999333918,
      41.67716694064438,
      43.84641721844673
    ],
    "throughput_tps": [
      363.76928928076285,
      364.61146633280674,
      364.0859551258776
    ],
    "memory_gb": [
      1.6142472,
      1.517090056,
      1.49719988
    ],
    "prompt_tps": [
      8219.288045069181,
      12284.904123381948,
      11677.122841056105
    ]
  },
  "stats": {
    "ttft_ms": {
      "n": 3,
      "mean": 49.272,
      "median": 43.8464,
      "p50": 43.8464,
      "p95": 60.4479,
      "std": 9.2494,
      "min": 41.6772,
      "max": 62.2925
    },
    "throughput_tps": {
      "n": 3,
      "mean": 364.1556,
      "median": 364.086,
      "p50": 364.086,
      "p95": 364.5589,
      "std": 0.3473,
      "min": 363.7693,
      "max": 364.6115
    },
    "memory_gb": {
      "n": 3,
      "mean": 1.5428,
      "median": 1.5171,
      "p50": 1.5171,
      "p95": 1.6045,
      "std": 0.0511,
      "min": 1.4972,
      "max": 1.6142
    },
    "prompt_tps": {
      "n": 3,
      "mean": 10727.105,
      "median": 11677.1228,
      "p50": 11677.1228,
      "p95": 12224.126,
      "std": 1790.5695,
      "min": 8219.288,
      "max": 12284.9041
    }
  },
  "warmup_policy": {
    "warmup_trials": 1,
    "warmup_discarded": true,
    "measured_trials_field": "num_trials",
    "description": "One full generate before timed trials; trials use seed+trial."
  }
}
