{
  "timestamp": "2026-05-25T05:08:55.670186+00:00",
  "hardware": "Mac M5 Max",
  "model_preset": "qwen-1.5b",
  "configuration": "w8+kv_cache+prefill",
  "weight_bits": 8,
  "optimizations": {
    "weight_bits": 8,
    "kv_cache": true,
    "prefill": true
  },
  "model_repo": "mlx-community/Qwen2.5-1.5B-Instruct-8bit",
  "kv_bits": 4,
  "prefill_step_size": 2048,
  "prompt_tokens": 512,
  "generation_tokens": 128,
  "num_trials": 3,
  "memory_gb": 2.2889,
  "ttft_ms": 55.7005,
  "throughput_tps": 210.5094,
  "prompt_tps": 9192.018,
  "mlx_version": "0.31.2",
  "mlx_lm_version": "0.29.1",
  "platform": "macOS-26.4.1-arm64-arm-64bit-Mach-O",
  "status": "ok",
  "error": null,
  "article_id": 5,
  "run_label": null,
  "benchmark_mode": "standard",
  "draft_model_repo": null,
  "draft_preset": "qwen-0.5b",
  "num_draft_tokens": null,
  "draft_accept_rate": null,
  "prefix_cache_cold_ttft_ms": null,
  "prefix_cache_warm_ttft_ms": null,
  "prefix_system_tokens": null,
  "workload": null,
  "schema_version": 1,
  "trials": {
    "ttft_ms": [
      61.809792183339596,
      52.112875040620565,
      55.70050003007054
    ],
    "throughput_tps": [
      212.21548830952057,
      210.50942273174576,
      199.4946653395424
    ],
    "memory_gb": [
      2.288874796,
      2.280256776,
      2.280256776
    ],
    "prompt_tps": [
      8283.477130635072,
      9824.8273502644,
      9192.018020010431
    ]
  },
  "stats": {
    "ttft_ms": {
      "n": 3,
      "mean": 56.5411,
      "median": 55.7005,
      "p50": 55.7005,
      "p95": 61.1989,
      "std": 4.0031,
      "min": 52.1129,
      "max": 61.8098
    },
    "throughput_tps": {
      "n": 3,
      "mean": 207.4065,
      "median": 210.5094,
      "p50": 210.5094,
      "p95": 212.0449,
      "std": 5.6377,
      "min": 199.4947,
      "max": 212.2155
    },
    "memory_gb": {
      "n": 3,
      "mean": 2.2831,
      "median": 2.2803,
      "p50": 2.2803,
      "p95": 2.288,
      "std": 0.0041,
      "min": 2.2803,
      "max": 2.2889
    },
    "prompt_tps": {
      "n": 3,
      "mean": 9100.1075,
      "median": 9192.018,
      "p50": 9192.018,
      "p95": 9761.5464,
      "std": 632.6009,
      "min": 8283.4771,
      "max": 9824.8274
    }
  },
  "warmup_policy": {
    "warmup_trials": 1,
    "warmup_discarded": true,
    "measured_trials_field": "num_trials",
    "description": "One full generate before timed trials; trials use seed+trial."
  }
}
