{
  "timestamp": "2026-05-25T05:08:36.458534+00:00",
  "hardware": "Mac M5 Max",
  "model_preset": "qwen-1.5b",
  "configuration": "w8+kv_cache",
  "weight_bits": 8,
  "optimizations": {
    "weight_bits": 8,
    "kv_cache": true,
    "prefill": false
  },
  "model_repo": "mlx-community/Qwen2.5-1.5B-Instruct-8bit",
  "kv_bits": 4,
  "prefill_step_size": 512,
  "prompt_tokens": 512,
  "generation_tokens": 128,
  "num_trials": 3,
  "memory_gb": 2.2803,
  "ttft_ms": 56.342,
  "throughput_tps": 211.4259,
  "prompt_tps": 9087.3661,
  "mlx_version": "0.31.2",
  "mlx_lm_version": "0.29.1",
  "platform": "macOS-26.4.1-arm64-arm-64bit-Mach-O",
  "status": "ok",
  "error": null,
  "article_id": 5,
  "run_label": null,
  "benchmark_mode": "standard",
  "draft_model_repo": null,
  "draft_preset": "qwen-0.5b",
  "num_draft_tokens": null,
  "draft_accept_rate": null,
  "prefix_cache_cold_ttft_ms": null,
  "prefix_cache_warm_ttft_ms": null,
  "prefix_system_tokens": null,
  "workload": null,
  "schema_version": 1,
  "trials": {
    "ttft_ms": [
      52.53291688859463,
      56.34195799939335,
      57.40945902653039
    ],
    "throughput_tps": [
      215.36587858842068,
      210.90114540238469,
      211.42594848431938
    ],
    "memory_gb": [
      2.280256776,
      2.280256776,
      2.232579312
    ],
    "prompt_tps": [
      9746.270154497357,
      9087.366115418155,
      8918.390953020331
    ]
  },
  "stats": {
    "ttft_ms": {
      "n": 3,
      "mean": 55.4281,
      "median": 56.342,
      "p50": 56.342,
      "p95": 57.3027,
      "std": 2.0931,
      "min": 52.5329,
      "max": 57.4095
    },
    "throughput_tps": {
      "n": 3,
      "mean": 212.5643,
      "median": 211.4259,
      "p50": 211.4259,
      "p95": 214.9719,
      "std": 1.9926,
      "min": 210.9011,
      "max": 215.3659
    },
    "memory_gb": {
      "n": 3,
      "mean": 2.2644,
      "median": 2.2803,
      "p50": 2.2803,
      "p95": 2.2803,
      "std": 0.0225,
      "min": 2.2326,
      "max": 2.2803
    },
    "prompt_tps": {
      "n": 3,
      "mean": 9250.6757,
      "median": 9087.3661,
      "p50": 9087.3661,
      "p95": 9680.3798,
      "std": 357.1634,
      "min": 8918.391,
      "max": 9746.2702
    }
  },
  "warmup_policy": {
    "warmup_trials": 1,
    "warmup_discarded": true,
    "measured_trials_field": "num_trials",
    "description": "One full generate before timed trials; trials use seed+trial."
  }
}
