{
  "timestamp": "2026-05-23T14:40:04.027296+00:00",
  "hardware": "Mac M5 Max",
  "model_preset": "qwen-1.5b",
  "configuration": "w8+kv_cache+prefill",
  "weight_bits": 8,
  "optimizations": {
    "weight_bits": 8,
    "kv_cache": true,
    "prefill": true
  },
  "model_repo": "mlx-community/Qwen2.5-1.5B-Instruct-8bit",
  "kv_bits": 4,
  "prefill_step_size": 2048,
  "prompt_tokens": 512,
  "generation_tokens": 128,
  "num_trials": 3,
  "memory_gb": 2.2889,
  "ttft_ms": 53.5625,
  "throughput_tps": 213.3776,
  "prompt_tps": 9558.9192,
  "mlx_version": "0.31.2",
  "mlx_lm_version": "0.29.1",
  "platform": "macOS-26.4.1-arm64-arm-64bit-Mach-O",
  "status": "ok",
  "error": null,
  "article_id": 5,
  "run_label": null,
  "benchmark_mode": "standard",
  "draft_model_repo": null,
  "draft_preset": "qwen-0.5b",
  "num_draft_tokens": null,
  "draft_accept_rate": null,
  "prefix_cache_cold_ttft_ms": null,
  "prefix_cache_warm_ttft_ms": null,
  "prefix_system_tokens": null,
  "workload": null,
  "schema_version": 1,
  "trials": {
    "ttft_ms": [
      53.56254102662206,
      52.01316601596773,
      72.40308402106166
    ],
    "throughput_tps": [
      212.90307719441088,
      213.377579635221,
      215.0608695815727
    ],
    "memory_gb": [
      2.271606016,
      2.280256776,
      2.288874796
    ],
    "prompt_tps": [
      9558.919166017944,
      9843.661503758858,
      7071.52197896794
    ]
  },
  "stats": {
    "ttft_ms": {
      "n": 3,
      "mean": 59.3263,
      "median": 53.5625,
      "p50": 53.5625,
      "p95": 70.519,
      "std": 9.2683,
      "min": 52.0132,
      "max": 72.4031
    },
    "throughput_tps": {
      "n": 3,
      "mean": 213.7805,
      "median": 213.3776,
      "p50": 213.3776,
      "p95": 214.8925,
      "std": 0.9258,
      "min": 212.9031,
      "max": 215.0609
    },
    "memory_gb": {
      "n": 3,
      "mean": 2.2802,
      "median": 2.2803,
      "p50": 2.2803,
      "p95": 2.288,
      "std": 0.007,
      "min": 2.2716,
      "max": 2.2889
    },
    "prompt_tps": {
      "n": 3,
      "mean": 8824.7009,
      "median": 9558.9192,
      "p50": 9558.9192,
      "p95": 9815.1873,
      "std": 1245.123,
      "min": 7071.522,
      "max": 9843.6615
    }
  },
  "warmup_policy": {
    "warmup_trials": 1,
    "warmup_discarded": true,
    "measured_trials_field": "num_trials",
    "description": "One full generate before timed trials; trials use seed+trial."
  }
}
