{
  "timestamp": "2026-05-25T05:08:46.009097+00:00",
  "hardware": "Mac M5 Max",
  "model_preset": "qwen-1.5b",
  "configuration": "w8+prefill",
  "weight_bits": 8,
  "optimizations": {
    "weight_bits": 8,
    "kv_cache": false,
    "prefill": true
  },
  "model_repo": "mlx-community/Qwen2.5-1.5B-Instruct-8bit",
  "kv_bits": null,
  "prefill_step_size": 2048,
  "prompt_tokens": 512,
  "generation_tokens": 128,
  "num_trials": 3,
  "memory_gb": 2.2803,
  "ttft_ms": 45.6846,
  "throughput_tps": 236.2545,
  "prompt_tps": 11207.2819,
  "mlx_version": "0.31.2",
  "mlx_lm_version": "0.29.1",
  "platform": "macOS-26.4.1-arm64-arm-64bit-Mach-O",
  "status": "ok",
  "error": null,
  "article_id": 5,
  "run_label": null,
  "benchmark_mode": "standard",
  "draft_model_repo": null,
  "draft_preset": "qwen-0.5b",
  "num_draft_tokens": null,
  "draft_accept_rate": null,
  "prefix_cache_cold_ttft_ms": null,
  "prefix_cache_warm_ttft_ms": null,
  "prefix_system_tokens": null,
  "workload": null,
  "schema_version": 1,
  "trials": {
    "ttft_ms": [
      45.363958925008774,
      45.68458301946521,
      48.20258286781609
    ],
    "throughput_tps": [
      241.19199749797548,
      236.25449867019154,
      230.76933456610834
    ],
    "memory_gb": [
      2.280256776,
      2.280256776,
      2.280256776
    ],
    "prompt_tps": [
      11286.49289287974,
      11207.281891614244,
      10621.837452238524
    ]
  },
  "stats": {
    "ttft_ms": {
      "n": 3,
      "mean": 46.417,
      "median": 45.6846,
      "p50": 45.6846,
      "p95": 47.9508,
      "std": 1.2693,
      "min": 45.364,
      "max": 48.2026
    },
    "throughput_tps": {
      "n": 3,
      "mean": 236.0719,
      "median": 236.2545,
      "p50": 236.2545,
      "p95": 240.6982,
      "std": 4.257,
      "min": 230.7693,
      "max": 241.192
    },
    "memory_gb": {
      "n": 3,
      "mean": 2.2803,
      "median": 2.2803,
      "p50": 2.2803,
      "p95": 2.2803,
      "std": 0.0,
      "min": 2.2803,
      "max": 2.2803
    },
    "prompt_tps": {
      "n": 3,
      "mean": 11038.5374,
      "median": 11207.2819,
      "p50": 11207.2819,
      "p95": 11278.5718,
      "std": 296.4206,
      "min": 10621.8375,
      "max": 11286.4929
    }
  },
  "warmup_policy": {
    "warmup_trials": 1,
    "warmup_discarded": true,
    "measured_trials_field": "num_trials",
    "description": "One full generate before timed trials; trials use seed+trial."
  }
}
