{
  "timestamp": "2026-05-23T14:39:54.546293+00:00",
  "hardware": "Mac M5 Max",
  "model_preset": "qwen-1.5b",
  "configuration": "w8+prefill",
  "weight_bits": 8,
  "optimizations": {
    "weight_bits": 8,
    "kv_cache": false,
    "prefill": true
  },
  "model_repo": "mlx-community/Qwen2.5-1.5B-Instruct-8bit",
  "kv_bits": null,
  "prefill_step_size": 2048,
  "prompt_tokens": 512,
  "generation_tokens": 128,
  "num_trials": 3,
  "memory_gb": 2.2889,
  "ttft_ms": 45.5434,
  "throughput_tps": 240.7106,
  "prompt_tps": 11242.0201,
  "mlx_version": "0.31.2",
  "mlx_lm_version": "0.29.1",
  "platform": "macOS-26.4.1-arm64-arm-64bit-Mach-O",
  "status": "ok",
  "error": null,
  "article_id": 5,
  "run_label": null,
  "benchmark_mode": "standard",
  "draft_model_repo": null,
  "draft_preset": "qwen-0.5b",
  "num_draft_tokens": null,
  "draft_accept_rate": null,
  "prefix_cache_cold_ttft_ms": null,
  "prefix_cache_warm_ttft_ms": null,
  "prefix_system_tokens": null,
  "workload": null,
  "schema_version": 1,
  "trials": {
    "ttft_ms": [
      54.87216613255442,
      45.54341617040336,
      45.43858300894499
    ],
    "throughput_tps": [
      241.29562553968805,
      240.71062263124836,
      240.2930262053167
    ],
    "memory_gb": [
      2.288874796,
      2.280256776,
      2.280256776
    ],
    "prompt_tps": [
      9330.777989758308,
      11242.020099772972,
      11267.957011318074
    ]
  },
  "stats": {
    "ttft_ms": {
      "n": 3,
      "mean": 48.6181,
      "median": 45.5434,
      "p50": 45.5434,
      "p95": 53.9393,
      "std": 4.4225,
      "min": 45.4386,
      "max": 54.8722
    },
    "throughput_tps": {
      "n": 3,
      "mean": 240.7664,
      "median": 240.7106,
      "p50": 240.7106,
      "p95": 241.2371,
      "std": 0.4112,
      "min": 240.293,
      "max": 241.2956
    },
    "memory_gb": {
      "n": 3,
      "mean": 2.2831,
      "median": 2.2803,
      "p50": 2.2803,
      "p95": 2.288,
      "std": 0.0041,
      "min": 2.2803,
      "max": 2.2889
    },
    "prompt_tps": {
      "n": 3,
      "mean": 10613.585,
      "median": 11242.0201,
      "p50": 11242.0201,
      "p95": 11265.3633,
      "std": 907.1434,
      "min": 9330.778,
      "max": 11267.957
    }
  },
  "warmup_policy": {
    "warmup_trials": 1,
    "warmup_discarded": true,
    "measured_trials_field": "num_trials",
    "description": "One full generate before timed trials; trials use seed+trial."
  }
}
