{
  "timestamp": "2026-05-25T05:08:26.607726+00:00",
  "hardware": "Mac M5 Max",
  "model_preset": "qwen-1.5b",
  "configuration": "w8",
  "weight_bits": 8,
  "optimizations": {
    "weight_bits": 8,
    "kv_cache": false,
    "prefill": false
  },
  "model_repo": "mlx-community/Qwen2.5-1.5B-Instruct-8bit",
  "kv_bits": null,
  "prefill_step_size": 512,
  "prompt_tokens": 512,
  "generation_tokens": 128,
  "num_trials": 3,
  "memory_gb": 2.2889,
  "ttft_ms": 46.033,
  "throughput_tps": 239.8358,
  "prompt_tps": 11122.4455,
  "mlx_version": "0.31.2",
  "mlx_lm_version": "0.29.1",
  "platform": "macOS-26.4.1-arm64-arm-64bit-Mach-O",
  "status": "ok",
  "error": null,
  "article_id": 5,
  "run_label": null,
  "benchmark_mode": "standard",
  "draft_model_repo": null,
  "draft_preset": "qwen-0.5b",
  "num_draft_tokens": null,
  "draft_accept_rate": null,
  "prefix_cache_cold_ttft_ms": null,
  "prefix_cache_warm_ttft_ms": null,
  "prefix_system_tokens": null,
  "workload": null,
  "schema_version": 1,
  "trials": {
    "ttft_ms": [
      45.709958067163825,
      46.03304201737046,
      56.36029178276658
    ],
    "throughput_tps": [
      241.78457794027943,
      239.835768540569,
      230.87360241581098
    ],
    "memory_gb": [
      2.262168816,
      2.275013896,
      2.288874796
    ],
    "prompt_tps": [
      11201.06037392758,
      11122.44547746373,
      9084.410030619385
    ]
  },
  "stats": {
    "ttft_ms": {
      "n": 3,
      "mean": 49.3678,
      "median": 46.033,
      "p50": 46.033,
      "p95": 55.3276,
      "std": 4.9462,
      "min": 45.71,
      "max": 56.3603
    },
    "throughput_tps": {
      "n": 3,
      "mean": 237.498,
      "median": 239.8358,
      "p50": 239.8358,
      "p95": 241.5897,
      "std": 4.7512,
      "min": 230.8736,
      "max": 241.7846
    },
    "memory_gb": {
      "n": 3,
      "mean": 2.2754,
      "median": 2.275,
      "p50": 2.275,
      "p95": 2.2875,
      "std": 0.0109,
      "min": 2.2622,
      "max": 2.2889
    },
    "prompt_tps": {
      "n": 3,
      "mean": 10469.3053,
      "median": 11122.4455,
      "p50": 11122.4455,
      "p95": 11193.1989,
      "std": 979.7946,
      "min": 9084.41,
      "max": 11201.0604
    }
  },
  "warmup_policy": {
    "warmup_trials": 1,
    "warmup_discarded": true,
    "measured_trials_field": "num_trials",
    "description": "One full generate before timed trials; trials use seed+trial."
  }
}
