{
  "timestamp": "2026-05-25T04:30:41.319444+00:00",
  "hardware": "Mac M5 Max",
  "model_preset": "qwen-35b",
  "configuration": "w8",
  "weight_bits": 8,
  "optimizations": {
    "weight_bits": 8,
    "kv_cache": false,
    "prefill": false
  },
  "model_repo": "mlx-community/Qwen2.5-32B-Instruct-8bit",
  "kv_bits": null,
  "prefill_step_size": 512,
  "prompt_tokens": 512,
  "generation_tokens": 128,
  "num_trials": 3,
  "memory_gb": 35.3638,
  "ttft_ms": 861.3313,
  "throughput_tps": 15.5635,
  "prompt_tps": 594.4287,
  "mlx_version": "0.31.2",
  "mlx_lm_version": "0.29.1",
  "platform": "macOS-26.4.1-arm64-arm-64bit-Mach-O",
  "status": "ok",
  "error": null,
  "article_id": 1,
  "run_label": null,
  "benchmark_mode": "standard",
  "draft_model_repo": null,
  "draft_preset": "qwen-1.5b",
  "num_draft_tokens": null,
  "draft_accept_rate": null,
  "prefix_cache_cold_ttft_ms": null,
  "prefix_cache_warm_ttft_ms": null,
  "prefix_system_tokens": null,
  "workload": null,
  "schema_version": 1,
  "trials": {
    "ttft_ms": [
      843.6512919142841,
      861.3312910310924,
      900.0357079785317
    ],
    "throughput_tps": [
      15.563489040938684,
      15.581509702844317,
      15.495875194968924
    ],
    "memory_gb": [
      35.363778632,
      35.363778632,
      35.363778632
    ],
    "prompt_tps": [
      606.8858127843888,
      594.4286540282185,
      568.8663188152226
    ]
  },
  "stats": {
    "ttft_ms": {
      "n": 3,
      "mean": 868.3394,
      "median": 861.3313,
      "p50": 861.3313,
      "p95": 896.1653,
      "std": 23.5462,
      "min": 843.6513,
      "max": 900.0357
    },
    "throughput_tps": {
      "n": 3,
      "mean": 15.547,
      "median": 15.5635,
      "p50": 15.5635,
      "p95": 15.5797,
      "std": 0.0369,
      "min": 15.4959,
      "max": 15.5815
    },
    "memory_gb": {
      "n": 3,
      "mean": 35.3638,
      "median": 35.3638,
      "p50": 35.3638,
      "p95": 35.3638,
      "std": 0.0,
      "min": 35.3638,
      "max": 35.3638
    },
    "prompt_tps": {
      "n": 3,
      "mean": 590.0603,
      "median": 594.4287,
      "p50": 594.4287,
      "p95": 605.6401,
      "std": 15.8258,
      "min": 568.8663,
      "max": 606.8858
    }
  },
  "warmup_policy": {
    "warmup_trials": 1,
    "warmup_discarded": true,
    "measured_trials_field": "num_trials",
    "description": "One full generate before timed trials; trials use seed+trial."
  }
}
