{
  "timestamp": "2026-05-25T05:37:02.978877+00:00",
  "hardware": "Mac M5 Max",
  "model_preset": "deepseek-r1-llama-8b",
  "configuration": "fp16+kv_cache+prefill",
  "weight_bits": 16,
  "optimizations": {
    "weight_bits": 16,
    "kv_cache": true,
    "prefill": true
  },
  "model_repo": "mlx-community/DeepSeek-R1-Distill-Llama-8B-bf16",
  "kv_bits": 4,
  "prefill_step_size": 2048,
  "prompt_tokens": 512,
  "generation_tokens": 128,
  "num_trials": 3,
  "memory_gb": 16.4555,
  "ttft_ms": 191.9186,
  "throughput_tps": 34.3581,
  "prompt_tps": 2667.7979,
  "mlx_version": "0.31.2",
  "mlx_lm_version": "0.29.1",
  "platform": "macOS-26.4.1-arm64-arm-64bit-Mach-O",
  "status": "ok",
  "error": null,
  "article_id": 5,
  "run_label": null,
  "benchmark_mode": "standard",
  "draft_model_repo": null,
  "draft_preset": "llama-3.2-1b",
  "num_draft_tokens": null,
  "draft_accept_rate": null,
  "prefix_cache_cold_ttft_ms": null,
  "prefix_cache_warm_ttft_ms": null,
  "prefix_system_tokens": null,
  "workload": null,
  "schema_version": 1,
  "trials": {
    "ttft_ms": [
      191.62837509065866,
      192.24270805716517,
      191.9185828883201
    ],
    "throughput_tps": [
      34.431662644426176,
      34.358068690409645,
      34.31167857668274
    ],
    "memory_gb": [
      16.455534652,
      16.455534652,
      16.455534652
    ],
    "prompt_tps": [
      2671.838133354597,
      2663.2999772753515,
      2667.7979395978523
    ]
  },
  "stats": {
    "ttft_ms": {
      "n": 3,
      "mean": 191.9299,
      "median": 191.9186,
      "p50": 191.9186,
      "p95": 192.2103,
      "std": 0.2509,
      "min": 191.6284,
      "max": 192.2427
    },
    "throughput_tps": {
      "n": 3,
      "mean": 34.3671,
      "median": 34.3581,
      "p50": 34.3581,
      "p95": 34.4243,
      "std": 0.0494,
      "min": 34.3117,
      "max": 34.4317
    },
    "memory_gb": {
      "n": 3,
      "mean": 16.4555,
      "median": 16.4555,
      "p50": 16.4555,
      "p95": 16.4555,
      "std": 0.0,
      "min": 16.4555,
      "max": 16.4555
    },
    "prompt_tps": {
      "n": 3,
      "mean": 2667.6454,
      "median": 2667.7979,
      "p50": 2667.7979,
      "p95": 2671.4341,
      "std": 3.4874,
      "min": 2663.3,
      "max": 2671.8381
    }
  },
  "warmup_policy": {
    "warmup_trials": 1,
    "warmup_discarded": true,
    "measured_trials_field": "num_trials",
    "description": "One full generate before timed trials; trials use seed+trial."
  }
}
