{
  "timestamp": "2026-05-23T15:07:03.726944+00:00",
  "hardware": "Mac M5 Max",
  "model_preset": "deepseek-r1-llama-8b",
  "configuration": "fp16+kv_cache+prefill",
  "weight_bits": 16,
  "optimizations": {
    "weight_bits": 16,
    "kv_cache": true,
    "prefill": true
  },
  "model_repo": "mlx-community/DeepSeek-R1-Distill-Llama-8B-bf16",
  "kv_bits": 4,
  "prefill_step_size": 2048,
  "prompt_tokens": 512,
  "generation_tokens": 128,
  "num_trials": 3,
  "memory_gb": 16.4555,
  "ttft_ms": 191.9074,
  "throughput_tps": 34.3633,
  "prompt_tps": 2667.9537,
  "mlx_version": "0.31.2",
  "mlx_lm_version": "0.29.1",
  "platform": "macOS-26.4.1-arm64-arm-64bit-Mach-O",
  "status": "ok",
  "error": null,
  "article_id": 5,
  "run_label": null,
  "benchmark_mode": "standard",
  "draft_model_repo": null,
  "draft_preset": "qwen-0.5b",
  "num_draft_tokens": null,
  "draft_accept_rate": null,
  "prefix_cache_cold_ttft_ms": null,
  "prefix_cache_warm_ttft_ms": null,
  "prefix_system_tokens": null,
  "workload": null,
  "schema_version": 1,
  "trials": {
    "ttft_ms": [
      191.6771661490202,
      191.90737488679585,
      192.41179106757045
    ],
    "throughput_tps": [
      34.39489427941088,
      34.36334592011077,
      34.05409098039077
    ],
    "memory_gb": [
      16.455534652,
      16.455534652,
      16.455534652
    ],
    "prompt_tps": [
      2671.1580220355695,
      2667.953747488982,
      2660.9595865161805
    ]
  },
  "stats": {
    "ttft_ms": {
      "n": 3,
      "mean": 191.9988,
      "median": 191.9074,
      "p50": 191.9074,
      "p95": 192.3613,
      "std": 0.3068,
      "min": 191.6772,
      "max": 192.4118
    },
    "throughput_tps": {
      "n": 3,
      "mean": 34.2708,
      "median": 34.3633,
      "p50": 34.3633,
      "p95": 34.3917,
      "std": 0.1538,
      "min": 34.0541,
      "max": 34.3949
    },
    "memory_gb": {
      "n": 3,
      "mean": 16.4555,
      "median": 16.4555,
      "p50": 16.4555,
      "p95": 16.4555,
      "std": 0.0,
      "min": 16.4555,
      "max": 16.4555
    },
    "prompt_tps": {
      "n": 3,
      "mean": 2666.6905,
      "median": 2667.9537,
      "p50": 2667.9537,
      "p95": 2670.8376,
      "std": 4.2582,
      "min": 2660.9596,
      "max": 2671.158
    }
  },
  "warmup_policy": {
    "warmup_trials": 1,
    "warmup_discarded": true,
    "measured_trials_field": "num_trials",
    "description": "One full generate before timed trials; trials use seed+trial."
  }
}
