{
  "timestamp": "2026-05-25T05:36:13.757055+00:00",
  "hardware": "Mac M5 Max",
  "model_preset": "deepseek-r1-llama-8b",
  "configuration": "fp16+kv_cache",
  "weight_bits": 16,
  "optimizations": {
    "weight_bits": 16,
    "kv_cache": true,
    "prefill": false
  },
  "model_repo": "mlx-community/DeepSeek-R1-Distill-Llama-8B-bf16",
  "kv_bits": 4,
  "prefill_step_size": 512,
  "prompt_tokens": 512,
  "generation_tokens": 128,
  "num_trials": 3,
  "memory_gb": 16.4555,
  "ttft_ms": 193.9871,
  "throughput_tps": 34.3708,
  "prompt_tps": 2639.351,
  "mlx_version": "0.31.2",
  "mlx_lm_version": "0.29.1",
  "platform": "macOS-26.4.1-arm64-arm-64bit-Mach-O",
  "status": "ok",
  "error": null,
  "article_id": 5,
  "run_label": null,
  "benchmark_mode": "standard",
  "draft_model_repo": null,
  "draft_preset": "llama-3.2-1b",
  "num_draft_tokens": null,
  "draft_accept_rate": null,
  "prefix_cache_cold_ttft_ms": null,
  "prefix_cache_warm_ttft_ms": null,
  "prefix_system_tokens": null,
  "workload": null,
  "schema_version": 1,
  "trials": {
    "ttft_ms": [
      202.9726670589298,
      192.3713751602918,
      193.98708292283118
    ],
    "throughput_tps": [
      34.407538856415755,
      34.370803885049476,
      34.198353522774056
    ],
    "memory_gb": [
      16.455534652,
      16.455534652,
      16.455534652
    ],
    "prompt_tps": [
      2522.5071307327757,
      2661.518635885305,
      2639.35099330132
    ]
  },
  "stats": {
    "ttft_ms": {
      "n": 3,
      "mean": 196.4437,
      "median": 193.9871,
      "p50": 193.9871,
      "p95": 202.0741,
      "std": 4.6636,
      "min": 192.3714,
      "max": 202.9727
    },
    "throughput_tps": {
      "n": 3,
      "mean": 34.3256,
      "median": 34.3708,
      "p50": 34.3708,
      "p95": 34.4039,
      "std": 0.0912,
      "min": 34.1984,
      "max": 34.4075
    },
    "memory_gb": {
      "n": 3,
      "mean": 16.4555,
      "median": 16.4555,
      "p50": 16.4555,
      "p95": 16.4555,
      "std": 0.0,
      "min": 16.4555,
      "max": 16.4555
    },
    "prompt_tps": {
      "n": 3,
      "mean": 2607.7923,
      "median": 2639.351,
      "p50": 2639.351,
      "p95": 2659.3019,
      "std": 60.981,
      "min": 2522.5071,
      "max": 2661.5186
    }
  },
  "warmup_policy": {
    "warmup_trials": 1,
    "warmup_discarded": true,
    "measured_trials_field": "num_trials",
    "description": "One full generate before timed trials; trials use seed+trial."
  }
}
