{
  "timestamp": "2026-05-25T05:35:49.174629+00:00",
  "hardware": "Mac M5 Max",
  "model_preset": "deepseek-r1-llama-8b",
  "configuration": "fp16",
  "weight_bits": 16,
  "optimizations": {
    "weight_bits": 16,
    "kv_cache": false,
    "prefill": false
  },
  "model_repo": "mlx-community/DeepSeek-R1-Distill-Llama-8B-bf16",
  "kv_bits": null,
  "prefill_step_size": 512,
  "prompt_tokens": 512,
  "generation_tokens": 128,
  "num_trials": 3,
  "memory_gb": 16.4555,
  "ttft_ms": 188.937,
  "throughput_tps": 35.0541,
  "prompt_tps": 2709.898,
  "mlx_version": "0.31.2",
  "mlx_lm_version": "0.29.1",
  "platform": "macOS-26.4.1-arm64-arm-64bit-Mach-O",
  "status": "ok",
  "error": null,
  "article_id": 5,
  "run_label": null,
  "benchmark_mode": "standard",
  "draft_model_repo": null,
  "draft_preset": "llama-3.2-1b",
  "num_draft_tokens": null,
  "draft_accept_rate": null,
  "prefix_cache_cold_ttft_ms": null,
  "prefix_cache_warm_ttft_ms": null,
  "prefix_system_tokens": null,
  "workload": null,
  "schema_version": 1,
  "trials": {
    "ttft_ms": [
      190.07145799696445,
      188.64916707389057,
      188.93699999898672
    ],
    "throughput_tps": [
      35.01436039415645,
      35.05407176075756,
      35.15735416279861
    ],
    "memory_gb": [
      16.455534652,
      16.455534652,
      16.455534652
    ],
    "prompt_tps": [
      2693.723746824612,
      2714.0326561816123,
      2709.8980083453525
    ]
  },
  "stats": {
    "ttft_ms": {
      "n": 3,
      "mean": 189.2192,
      "median": 188.937,
      "p50": 188.937,
      "p95": 189.958,
      "std": 0.614,
      "min": 188.6492,
      "max": 190.0715
    },
    "throughput_tps": {
      "n": 3,
      "mean": 35.0753,
      "median": 35.0541,
      "p50": 35.0541,
      "p95": 35.147,
      "std": 0.0603,
      "min": 35.0144,
      "max": 35.1574
    },
    "memory_gb": {
      "n": 3,
      "mean": 16.4555,
      "median": 16.4555,
      "p50": 16.4555,
      "p95": 16.4555,
      "std": 0.0,
      "min": 16.4555,
      "max": 16.4555
    },
    "prompt_tps": {
      "n": 3,
      "mean": 2705.8848,
      "median": 2709.898,
      "p50": 2709.898,
      "p95": 2713.6192,
      "std": 8.7633,
      "min": 2693.7237,
      "max": 2714.0327
    }
  },
  "warmup_policy": {
    "warmup_trials": 1,
    "warmup_discarded": true,
    "measured_trials_field": "num_trials",
    "description": "One full generate before timed trials; trials use seed+trial."
  }
}
