{
  "timestamp": "2026-05-25T05:36:38.153409+00:00",
  "hardware": "Mac M5 Max",
  "model_preset": "deepseek-r1-llama-8b",
  "configuration": "fp16+prefill",
  "weight_bits": 16,
  "optimizations": {
    "weight_bits": 16,
    "kv_cache": false,
    "prefill": true
  },
  "model_repo": "mlx-community/DeepSeek-R1-Distill-Llama-8B-bf16",
  "kv_bits": null,
  "prefill_step_size": 2048,
  "prompt_tokens": 512,
  "generation_tokens": 128,
  "num_trials": 3,
  "memory_gb": 16.4555,
  "ttft_ms": 189.4449,
  "throughput_tps": 35.0823,
  "prompt_tps": 2702.6326,
  "mlx_version": "0.31.2",
  "mlx_lm_version": "0.29.1",
  "platform": "macOS-26.4.1-arm64-arm-64bit-Mach-O",
  "status": "ok",
  "error": null,
  "article_id": 5,
  "run_label": null,
  "benchmark_mode": "standard",
  "draft_model_repo": null,
  "draft_preset": "llama-3.2-1b",
  "num_draft_tokens": null,
  "draft_accept_rate": null,
  "prefix_cache_cold_ttft_ms": null,
  "prefix_cache_warm_ttft_ms": null,
  "prefix_system_tokens": null,
  "workload": null,
  "schema_version": 1,
  "trials": {
    "ttft_ms": [
      188.85954096913338,
      189.44491702131927,
      190.70079107768834
    ],
    "throughput_tps": [
      35.08230981359952,
      35.00420210244757,
      35.223067332300964
    ],
    "memory_gb": [
      16.455534652,
      16.455534652,
      16.455534652
    ],
    "prompt_tps": [
      2711.009448464559,
      2702.632554360811,
      2684.8341693109164
    ]
  },
  "stats": {
    "ttft_ms": {
      "n": 3,
      "mean": 189.6684,
      "median": 189.4449,
      "p50": 189.4449,
      "p95": 190.5752,
      "std": 0.7681,
      "min": 188.8595,
      "max": 190.7008
    },
    "throughput_tps": {
      "n": 3,
      "mean": 35.1032,
      "median": 35.0823,
      "p50": 35.0823,
      "p95": 35.209,
      "std": 0.0906,
      "min": 35.0042,
      "max": 35.2231
    },
    "memory_gb": {
      "n": 3,
      "mean": 16.4555,
      "median": 16.4555,
      "p50": 16.4555,
      "p95": 16.4555,
      "std": 0.0,
      "min": 16.4555,
      "max": 16.4555
    },
    "prompt_tps": {
      "n": 3,
      "mean": 2699.4921,
      "median": 2702.6326,
      "p50": 2702.6326,
      "p95": 2710.1718,
      "std": 10.9143,
      "min": 2684.8342,
      "max": 2711.0094
    }
  },
  "warmup_policy": {
    "warmup_trials": 1,
    "warmup_discarded": true,
    "measured_trials_field": "num_trials",
    "description": "One full generate before timed trials; trials use seed+trial."
  }
}
