{
  "timestamp": "2026-05-23T15:06:39.872356+00:00",
  "hardware": "Mac M5 Max",
  "model_preset": "deepseek-r1-llama-8b",
  "configuration": "fp16+prefill",
  "weight_bits": 16,
  "optimizations": {
    "weight_bits": 16,
    "kv_cache": false,
    "prefill": true
  },
  "model_repo": "mlx-community/DeepSeek-R1-Distill-Llama-8B-bf16",
  "kv_bits": null,
  "prefill_step_size": 2048,
  "prompt_tokens": 512,
  "generation_tokens": 128,
  "num_trials": 3,
  "memory_gb": 16.4555,
  "ttft_ms": 189.6047,
  "throughput_tps": 35.2523,
  "prompt_tps": 2700.3555,
  "mlx_version": "0.31.2",
  "mlx_lm_version": "0.29.1",
  "platform": "macOS-26.4.1-arm64-arm-64bit-Mach-O",
  "status": "ok",
  "error": null,
  "article_id": 5,
  "run_label": null,
  "benchmark_mode": "standard",
  "draft_model_repo": null,
  "draft_preset": "qwen-0.5b",
  "num_draft_tokens": null,
  "draft_accept_rate": null,
  "prefix_cache_cold_ttft_ms": null,
  "prefix_cache_warm_ttft_ms": null,
  "prefix_system_tokens": null,
  "workload": null,
  "schema_version": 1,
  "trials": {
    "ttft_ms": [
      189.6046670153737,
      189.14970802143216,
      190.16891601495445
    ],
    "throughput_tps": [
      35.27077588028636,
      35.252281072336345,
      34.92977608001237
    ],
    "memory_gb": [
      16.455534652,
      16.455534652,
      16.455534652
    ],
    "prompt_tps": [
      2700.35547151635,
      2706.8505965760537,
      2692.34326371055
    ]
  },
  "stats": {
    "ttft_ms": {
      "n": 3,
      "mean": 189.6411,
      "median": 189.6047,
      "p50": 189.6047,
      "p95": 190.1125,
      "std": 0.4169,
      "min": 189.1497,
      "max": 190.1689
    },
    "throughput_tps": {
      "n": 3,
      "mean": 35.1509,
      "median": 35.2523,
      "p50": 35.2523,
      "p95": 35.2689,
      "std": 0.1566,
      "min": 34.9298,
      "max": 35.2708
    },
    "memory_gb": {
      "n": 3,
      "mean": 16.4555,
      "median": 16.4555,
      "p50": 16.4555,
      "p95": 16.4555,
      "std": 0.0,
      "min": 16.4555,
      "max": 16.4555
    },
    "prompt_tps": {
      "n": 3,
      "mean": 2699.8498,
      "median": 2700.3555,
      "p50": 2700.3555,
      "p95": 2706.2011,
      "std": 5.9334,
      "min": 2692.3433,
      "max": 2706.8506
    }
  },
  "warmup_policy": {
    "warmup_trials": 1,
    "warmup_discarded": true,
    "measured_trials_field": "num_trials",
    "description": "One full generate before timed trials; trials use seed+trial."
  }
}
