{
  "timestamp": "2026-05-23T15:06:14.939019+00:00",
  "hardware": "Mac M5 Max",
  "model_preset": "deepseek-r1-llama-8b",
  "configuration": "fp16+kv_cache",
  "weight_bits": 16,
  "optimizations": {
    "weight_bits": 16,
    "kv_cache": true,
    "prefill": false
  },
  "model_repo": "mlx-community/DeepSeek-R1-Distill-Llama-8B-bf16",
  "kv_bits": 4,
  "prefill_step_size": 512,
  "prompt_tokens": 512,
  "generation_tokens": 128,
  "num_trials": 3,
  "memory_gb": 16.4555,
  "ttft_ms": 193.628,
  "throughput_tps": 34.4218,
  "prompt_tps": 2644.2451,
  "mlx_version": "0.31.2",
  "mlx_lm_version": "0.29.1",
  "platform": "macOS-26.4.1-arm64-arm-64bit-Mach-O",
  "status": "ok",
  "error": null,
  "article_id": 5,
  "run_label": null,
  "benchmark_mode": "standard",
  "draft_model_repo": null,
  "draft_preset": "qwen-0.5b",
  "num_draft_tokens": null,
  "draft_accept_rate": null,
  "prefix_cache_cold_ttft_ms": null,
  "prefix_cache_warm_ttft_ms": null,
  "prefix_system_tokens": null,
  "workload": null,
  "schema_version": 1,
  "trials": {
    "ttft_ms": [
      193.6280420050025,
      201.67045784182844,
      191.2532919086516
    ],
    "throughput_tps": [
      34.31881086523362,
      34.451670601124704,
      34.42180642905378
    ],
    "memory_gb": [
      16.455534652,
      16.455534652,
      16.455534652
    ],
    "prompt_tps": [
      2644.2450933154205,
      2538.7952478471843,
      2677.078103547346
    ]
  },
  "stats": {
    "ttft_ms": {
      "n": 3,
      "mean": 195.5173,
      "median": 193.628,
      "p50": 193.628,
      "p95": 200.8662,
      "std": 4.4577,
      "min": 191.2533,
      "max": 201.6705
    },
    "throughput_tps": {
      "n": 3,
      "mean": 34.3974,
      "median": 34.4218,
      "p50": 34.4218,
      "p95": 34.4487,
      "std": 0.0569,
      "min": 34.3188,
      "max": 34.4517
    },
    "memory_gb": {
      "n": 3,
      "mean": 16.4555,
      "median": 16.4555,
      "p50": 16.4555,
      "p95": 16.4555,
      "std": 0.0,
      "min": 16.4555,
      "max": 16.4555
    },
    "prompt_tps": {
      "n": 3,
      "mean": 2620.0395,
      "median": 2644.2451,
      "p50": 2644.2451,
      "p95": 2673.7948,
      "std": 58.9914,
      "min": 2538.7952,
      "max": 2677.0781
    }
  },
  "warmup_policy": {
    "warmup_trials": 1,
    "warmup_discarded": true,
    "measured_trials_field": "num_trials",
    "description": "One full generate before timed trials; trials use seed+trial."
  }
}
