{
  "timestamp": "2026-05-25T05:38:32.880131+00:00",
  "hardware": "Mac M5 Max",
  "model_preset": "deepseek-r1-llama-8b",
  "configuration": "w4+kv_cache",
  "weight_bits": 4,
  "optimizations": {
    "weight_bits": 4,
    "kv_cache": true,
    "prefill": false
  },
  "model_repo": "mlx-community/DeepSeek-R1-Distill-Llama-8B-4bit",
  "kv_bits": 4,
  "prefill_step_size": 512,
  "prompt_tokens": 512,
  "generation_tokens": 128,
  "num_trials": 3,
  "memory_gb": 5.1148,
  "ttft_ms": 165.3511,
  "throughput_tps": 107.837,
  "prompt_tps": 3096.4418,
  "mlx_version": "0.31.2",
  "mlx_lm_version": "0.29.1",
  "platform": "macOS-26.4.1-arm64-arm-64bit-Mach-O",
  "status": "ok",
  "error": null,
  "article_id": 5,
  "run_label": null,
  "benchmark_mode": "standard",
  "draft_model_repo": null,
  "draft_preset": "llama-3.2-1b",
  "num_draft_tokens": null,
  "draft_accept_rate": null,
  "prefix_cache_cold_ttft_ms": null,
  "prefix_cache_warm_ttft_ms": null,
  "prefix_system_tokens": null,
  "workload": null,
  "schema_version": 1,
  "trials": {
    "ttft_ms": [
      165.35108303651214,
      164.17749994434416,
      165.7398750539869
    ],
    "throughput_tps": [
      107.23784221811343,
      107.83697499320931,
      108.39849824346798
    ],
    "memory_gb": [
      5.11480844,
      5.11480844,
      5.11480844
    ],
    "prompt_tps": [
      3096.4417686151005,
      3118.5759325947038,
      3089.178146376814
    ]
  },
  "stats": {
    "ttft_ms": {
      "n": 3,
      "mean": 165.0895,
      "median": 165.3511,
      "p50": 165.3511,
      "p95": 165.701,
      "std": 0.6641,
      "min": 164.1775,
      "max": 165.7399
    },
    "throughput_tps": {
      "n": 3,
      "mean": 107.8244,
      "median": 107.837,
      "p50": 107.837,
      "p95": 108.3423,
      "std": 0.4739,
      "min": 107.2378,
      "max": 108.3985
    },
    "memory_gb": {
      "n": 3,
      "mean": 5.1148,
      "median": 5.1148,
      "p50": 5.1148,
      "p95": 5.1148,
      "std": 0.0,
      "min": 5.1148,
      "max": 5.1148
    },
    "prompt_tps": {
      "n": 3,
      "mean": 3101.3986,
      "median": 3096.4418,
      "p50": 3096.4418,
      "p95": 3116.3625,
      "std": 12.5029,
      "min": 3089.1781,
      "max": 3118.5759
    }
  },
  "warmup_policy": {
    "warmup_trials": 1,
    "warmup_discarded": true,
    "measured_trials_field": "num_trials",
    "description": "One full generate before timed trials; trials use seed+trial."
  }
}
