{
  "timestamp": "2026-05-25T05:38:57.415010+00:00",
  "hardware": "Mac M5 Max",
  "model_preset": "deepseek-r1-llama-8b",
  "configuration": "w4+kv_cache+prefill",
  "weight_bits": 4,
  "optimizations": {
    "weight_bits": 4,
    "kv_cache": true,
    "prefill": true
  },
  "model_repo": "mlx-community/DeepSeek-R1-Distill-Llama-8B-4bit",
  "kv_bits": 4,
  "prefill_step_size": 2048,
  "prompt_tokens": 512,
  "generation_tokens": 128,
  "num_trials": 3,
  "memory_gb": 5.1148,
  "ttft_ms": 164.6247,
  "throughput_tps": 107.2483,
  "prompt_tps": 3110.105,
  "mlx_version": "0.31.2",
  "mlx_lm_version": "0.29.1",
  "platform": "macOS-26.4.1-arm64-arm-64bit-Mach-O",
  "status": "ok",
  "error": null,
  "article_id": 5,
  "run_label": null,
  "benchmark_mode": "standard",
  "draft_model_repo": null,
  "draft_preset": "llama-3.2-1b",
  "num_draft_tokens": null,
  "draft_accept_rate": null,
  "prefix_cache_cold_ttft_ms": null,
  "prefix_cache_warm_ttft_ms": null,
  "prefix_system_tokens": null,
  "workload": null,
  "schema_version": 1,
  "trials": {
    "ttft_ms": [
      164.43029092624784,
      164.62466586381197,
      165.2058749459684
    ],
    "throughput_tps": [
      107.24613836573309,
      107.24825005944246,
      108.39546899049273
    ],
    "memory_gb": [
      5.11480844,
      5.11480844,
      5.11480844
    ],
    "prompt_tps": [
      3113.7815126146565,
      3110.1050217077377,
      3099.1633933566395
    ]
  },
  "stats": {
    "ttft_ms": {
      "n": 3,
      "mean": 164.7536,
      "median": 164.6247,
      "p50": 164.6247,
      "p95": 165.1478,
      "std": 0.3295,
      "min": 164.4303,
      "max": 165.2059
    },
    "throughput_tps": {
      "n": 3,
      "mean": 107.63,
      "median": 107.2483,
      "p50": 107.2483,
      "p95": 108.2807,
      "std": 0.5413,
      "min": 107.2461,
      "max": 108.3955
    },
    "memory_gb": {
      "n": 3,
      "mean": 5.1148,
      "median": 5.1148,
      "p50": 5.1148,
      "p95": 5.1148,
      "std": 0.0,
      "min": 5.1148,
      "max": 5.1148
    },
    "prompt_tps": {
      "n": 3,
      "mean": 3107.6833,
      "median": 3110.105,
      "p50": 3110.105,
      "p95": 3113.4139,
      "std": 6.2086,
      "min": 3099.1634,
      "max": 3113.7815
    }
  },
  "warmup_policy": {
    "warmup_trials": 1,
    "warmup_discarded": true,
    "measured_trials_field": "num_trials",
    "description": "One full generate before timed trials; trials use seed+trial."
  }
}
