{
  "timestamp": "2026-05-23T15:08:33.467415+00:00",
  "hardware": "Mac M5 Max",
  "model_preset": "deepseek-r1-llama-8b",
  "configuration": "w4+kv_cache",
  "weight_bits": 4,
  "optimizations": {
    "weight_bits": 4,
    "kv_cache": true,
    "prefill": false
  },
  "model_repo": "mlx-community/DeepSeek-R1-Distill-Llama-8B-4bit",
  "kv_bits": 4,
  "prefill_step_size": 512,
  "prompt_tokens": 512,
  "generation_tokens": 128,
  "num_trials": 3,
  "memory_gb": 5.1148,
  "ttft_ms": 165.1834,
  "throughput_tps": 107.1614,
  "prompt_tps": 3099.5855,
  "mlx_version": "0.31.2",
  "mlx_lm_version": "0.29.1",
  "platform": "macOS-26.4.1-arm64-arm-64bit-Mach-O",
  "status": "ok",
  "error": null,
  "article_id": 5,
  "run_label": null,
  "benchmark_mode": "standard",
  "draft_model_repo": null,
  "draft_preset": "qwen-0.5b",
  "num_draft_tokens": null,
  "draft_accept_rate": null,
  "prefix_cache_cold_ttft_ms": null,
  "prefix_cache_warm_ttft_ms": null,
  "prefix_system_tokens": null,
  "workload": null,
  "schema_version": 1,
  "trials": {
    "ttft_ms": [
      165.1833748910576,
      164.84654205851257,
      165.24291597306728
    ],
    "throughput_tps": [
      107.13921382074764,
      107.37674767664043,
      107.16142506944556
    ],
    "memory_gb": [
      5.11480844,
      5.11480844,
      5.11480844
    ],
    "prompt_tps": [
      3099.585538421625,
      3105.9189571490356,
      3098.4686816072053
    ]
  },
  "stats": {
    "ttft_ms": {
      "n": 3,
      "mean": 165.0909,
      "median": 165.1834,
      "p50": 165.1834,
      "p95": 165.237,
      "std": 0.1745,
      "min": 164.8465,
      "max": 165.2429
    },
    "throughput_tps": {
      "n": 3,
      "mean": 107.2258,
      "median": 107.1614,
      "p50": 107.1614,
      "p95": 107.3552,
      "std": 0.1071,
      "min": 107.1392,
      "max": 107.3767
    },
    "memory_gb": {
      "n": 3,
      "mean": 5.1148,
      "median": 5.1148,
      "p50": 5.1148,
      "p95": 5.1148,
      "std": 0.0,
      "min": 5.1148,
      "max": 5.1148
    },
    "prompt_tps": {
      "n": 3,
      "mean": 3101.3244,
      "median": 3099.5855,
      "p50": 3099.5855,
      "p95": 3105.2856,
      "std": 3.2807,
      "min": 3098.4687,
      "max": 3105.919
    }
  },
  "warmup_policy": {
    "warmup_trials": 1,
    "warmup_discarded": true,
    "measured_trials_field": "num_trials",
    "description": "One full generate before timed trials; trials use seed+trial."
  }
}
