{
  "timestamp": "2026-05-23T15:08:58.165257+00:00",
  "hardware": "Mac M5 Max",
  "model_preset": "deepseek-r1-llama-8b",
  "configuration": "w4+kv_cache+prefill",
  "weight_bits": 4,
  "optimizations": {
    "weight_bits": 4,
    "kv_cache": true,
    "prefill": true
  },
  "model_repo": "mlx-community/DeepSeek-R1-Distill-Llama-8B-4bit",
  "kv_bits": 4,
  "prefill_step_size": 2048,
  "prompt_tokens": 512,
  "generation_tokens": 128,
  "num_trials": 3,
  "memory_gb": 5.1148,
  "ttft_ms": 165.0856,
  "throughput_tps": 108.0553,
  "prompt_tps": 3101.4216,
  "mlx_version": "0.31.2",
  "mlx_lm_version": "0.29.1",
  "platform": "macOS-26.4.1-arm64-arm-64bit-Mach-O",
  "status": "ok",
  "error": null,
  "article_id": 5,
  "run_label": null,
  "benchmark_mode": "standard",
  "draft_model_repo": null,
  "draft_preset": "qwen-0.5b",
  "num_draft_tokens": null,
  "draft_accept_rate": null,
  "prefix_cache_cold_ttft_ms": null,
  "prefix_cache_warm_ttft_ms": null,
  "prefix_system_tokens": null,
  "workload": null,
  "schema_version": 1,
  "trials": {
    "ttft_ms": [
      165.71400011889637,
      165.00187502242625,
      165.0855839252472
    ],
    "throughput_tps": [
      108.44372034705265,
      107.72061566599555,
      108.05532390743936
    ],
    "memory_gb": [
      5.11480844,
      5.11480844,
      5.11480844
    ],
    "prompt_tps": [
      3089.660497197887,
      3102.9950413012666,
      3101.4216252331275
    ]
  },
  "stats": {
    "ttft_ms": {
      "n": 3,
      "mean": 165.2672,
      "median": 165.0856,
      "p50": 165.0856,
      "p95": 165.6512,
      "std": 0.3178,
      "min": 165.0019,
      "max": 165.714
    },
    "throughput_tps": {
      "n": 3,
      "mean": 108.0732,
      "median": 108.0553,
      "p50": 108.0553,
      "p95": 108.4049,
      "std": 0.2955,
      "min": 107.7206,
      "max": 108.4437
    },
    "memory_gb": {
      "n": 3,
      "mean": 5.1148,
      "median": 5.1148,
      "p50": 5.1148,
      "p95": 5.1148,
      "std": 0.0,
      "min": 5.1148,
      "max": 5.1148
    },
    "prompt_tps": {
      "n": 3,
      "mean": 3098.0257,
      "median": 3101.4216,
      "p50": 3101.4216,
      "p95": 3102.8377,
      "std": 5.9499,
      "min": 3089.6605,
      "max": 3102.995
    }
  },
  "warmup_policy": {
    "warmup_trials": 1,
    "warmup_discarded": true,
    "measured_trials_field": "num_trials",
    "description": "One full generate before timed trials; trials use seed+trial."
  }
}
