{
  "timestamp": "2026-05-25T05:38:45.049214+00:00",
  "hardware": "Mac M5 Max",
  "model_preset": "deepseek-r1-llama-8b",
  "configuration": "w4+prefill",
  "weight_bits": 4,
  "optimizations": {
    "weight_bits": 4,
    "kv_cache": false,
    "prefill": true
  },
  "model_repo": "mlx-community/DeepSeek-R1-Distill-Llama-8B-4bit",
  "kv_bits": null,
  "prefill_step_size": 2048,
  "prompt_tokens": 512,
  "generation_tokens": 128,
  "num_trials": 3,
  "memory_gb": 5.1148,
  "ttft_ms": 162.0494,
  "throughput_tps": 113.4025,
  "prompt_tps": 3159.5309,
  "mlx_version": "0.31.2",
  "mlx_lm_version": "0.29.1",
  "platform": "macOS-26.4.1-arm64-arm-64bit-Mach-O",
  "status": "ok",
  "error": null,
  "article_id": 5,
  "run_label": null,
  "benchmark_mode": "standard",
  "draft_model_repo": null,
  "draft_preset": "llama-3.2-1b",
  "num_draft_tokens": null,
  "draft_accept_rate": null,
  "prefix_cache_cold_ttft_ms": null,
  "prefix_cache_warm_ttft_ms": null,
  "prefix_system_tokens": null,
  "workload": null,
  "schema_version": 1,
  "trials": {
    "ttft_ms": [
      162.04937500879169,
      161.46841598674655,
      162.24470804445446
    ],
    "throughput_tps": [
      113.40253294176003,
      112.80758243383492,
      113.44758651351343
    ],
    "memory_gb": [
      5.11480844,
      5.11480844,
      5.11480844
    ],
    "prompt_tps": [
      3159.530852693646,
      3170.898759804675,
      3155.7269643562972
    ]
  },
  "stats": {
    "ttft_ms": {
      "n": 3,
      "mean": 161.9208,
      "median": 162.0494,
      "p50": 162.0494,
      "p95": 162.2252,
      "std": 0.3297,
      "min": 161.4684,
      "max": 162.2447
    },
    "throughput_tps": {
      "n": 3,
      "mean": 113.2192,
      "median": 113.4025,
      "p50": 113.4025,
      "p95": 113.4431,
      "std": 0.2917,
      "min": 112.8076,
      "max": 113.4476
    },
    "memory_gb": {
      "n": 3,
      "mean": 5.1148,
      "median": 5.1148,
      "p50": 5.1148,
      "p95": 5.1148,
      "std": 0.0,
      "min": 5.1148,
      "max": 5.1148
    },
    "prompt_tps": {
      "n": 3,
      "mean": 3162.0522,
      "median": 3159.5309,
      "p50": 3159.5309,
      "p95": 3169.762,
      "std": 6.4453,
      "min": 3155.727,
      "max": 3170.8988
    }
  },
  "warmup_policy": {
    "warmup_trials": 1,
    "warmup_discarded": true,
    "measured_trials_field": "num_trials",
    "description": "One full generate before timed trials; trials use seed+trial."
  }
}
