{
  "timestamp": "2026-05-25T05:38:20.524033+00:00",
  "hardware": "Mac M5 Max",
  "model_preset": "deepseek-r1-llama-8b",
  "configuration": "w4",
  "weight_bits": 4,
  "optimizations": {
    "weight_bits": 4,
    "kv_cache": false,
    "prefill": false
  },
  "model_repo": "mlx-community/DeepSeek-R1-Distill-Llama-8B-4bit",
  "kv_bits": null,
  "prefill_step_size": 512,
  "prompt_tokens": 512,
  "generation_tokens": 128,
  "num_trials": 3,
  "memory_gb": 5.1148,
  "ttft_ms": 161.79,
  "throughput_tps": 112.7429,
  "prompt_tps": 3164.5961,
  "mlx_version": "0.31.2",
  "mlx_lm_version": "0.29.1",
  "platform": "macOS-26.4.1-arm64-arm-64bit-Mach-O",
  "status": "ok",
  "error": null,
  "article_id": 5,
  "run_label": null,
  "benchmark_mode": "standard",
  "draft_model_repo": null,
  "draft_preset": "llama-3.2-1b",
  "num_draft_tokens": null,
  "draft_accept_rate": null,
  "prefix_cache_cold_ttft_ms": null,
  "prefix_cache_warm_ttft_ms": null,
  "prefix_system_tokens": null,
  "workload": null,
  "schema_version": 1,
  "trials": {
    "ttft_ms": [
      169.8449170216918,
      161.51899984106421,
      161.79000004194677
    ],
    "throughput_tps": [
      112.74289818328144,
      112.35266324899345,
      112.87141190282982
    ],
    "memory_gb": [
      5.11480844,
      5.11480844,
      5.11480844
    ],
    "prompt_tps": [
      3014.514705403929,
      3169.905710806849,
      3164.596080519534
    ]
  },
  "stats": {
    "ttft_ms": {
      "n": 3,
      "mean": 164.3846,
      "median": 161.79,
      "p50": 161.79,
      "p95": 169.0394,
      "std": 3.8626,
      "min": 161.519,
      "max": 169.8449
    },
    "throughput_tps": {
      "n": 3,
      "mean": 112.6557,
      "median": 112.7429,
      "p50": 112.7429,
      "p95": 112.8586,
      "std": 0.2206,
      "min": 112.3527,
      "max": 112.8714
    },
    "memory_gb": {
      "n": 3,
      "mean": 5.1148,
      "median": 5.1148,
      "p50": 5.1148,
      "p95": 5.1148,
      "std": 0.0,
      "min": 5.1148,
      "max": 5.1148
    },
    "prompt_tps": {
      "n": 3,
      "mean": 3116.3388,
      "median": 3164.5961,
      "p50": 3164.5961,
      "p95": 3169.3747,
      "std": 72.0332,
      "min": 3014.5147,
      "max": 3169.9057
    }
  },
  "warmup_policy": {
    "warmup_trials": 1,
    "warmup_discarded": true,
    "measured_trials_field": "num_trials",
    "description": "One full generate before timed trials; trials use seed+trial."
  }
}
