{
  "timestamp": "2026-05-23T15:08:21.031848+00:00",
  "hardware": "Mac M5 Max",
  "model_preset": "deepseek-r1-llama-8b",
  "configuration": "w4",
  "weight_bits": 4,
  "optimizations": {
    "weight_bits": 4,
    "kv_cache": false,
    "prefill": false
  },
  "model_repo": "mlx-community/DeepSeek-R1-Distill-Llama-8B-4bit",
  "kv_bits": null,
  "prefill_step_size": 512,
  "prompt_tokens": 512,
  "generation_tokens": 128,
  "num_trials": 3,
  "memory_gb": 5.1148,
  "ttft_ms": 161.7312,
  "throughput_tps": 112.8677,
  "prompt_tps": 3165.7456,
  "mlx_version": "0.31.2",
  "mlx_lm_version": "0.29.1",
  "platform": "macOS-26.4.1-arm64-arm-64bit-Mach-O",
  "status": "ok",
  "error": null,
  "article_id": 5,
  "run_label": null,
  "benchmark_mode": "standard",
  "draft_model_repo": null,
  "draft_preset": "qwen-0.5b",
  "num_draft_tokens": null,
  "draft_accept_rate": null,
  "prefix_cache_cold_ttft_ms": null,
  "prefix_cache_warm_ttft_ms": null,
  "prefix_system_tokens": null,
  "workload": null,
  "schema_version": 1,
  "trials": {
    "ttft_ms": [
      161.5531670395285,
      161.7312498856336,
      162.2644579038024
    ],
    "throughput_tps": [
      112.86769215993579,
      112.46583876311962,
      113.03389749330815
    ],
    "memory_gb": [
      5.11480844,
      5.11480844,
      5.11480844
    ],
    "prompt_tps": [
      3169.235301185553,
      3165.745645087483,
      3155.3428681439063
    ]
  },
  "stats": {
    "ttft_ms": {
      "n": 3,
      "mean": 161.8496,
      "median": 161.7312,
      "p50": 161.7312,
      "p95": 162.2111,
      "std": 0.3022,
      "min": 161.5532,
      "max": 162.2645
    },
    "throughput_tps": {
      "n": 3,
      "mean": 112.7891,
      "median": 112.8677,
      "p50": 112.8677,
      "p95": 113.0173,
      "std": 0.2385,
      "min": 112.4658,
      "max": 113.0339
    },
    "memory_gb": {
      "n": 3,
      "mean": 5.1148,
      "median": 5.1148,
      "p50": 5.1148,
      "p95": 5.1148,
      "std": 0.0,
      "min": 5.1148,
      "max": 5.1148
    },
    "prompt_tps": {
      "n": 3,
      "mean": 3163.4413,
      "median": 3165.7456,
      "p50": 3165.7456,
      "p95": 3168.8863,
      "std": 5.901,
      "min": 3155.3429,
      "max": 3169.2353
    }
  },
  "warmup_policy": {
    "warmup_trials": 1,
    "warmup_discarded": true,
    "measured_trials_field": "num_trials",
    "description": "One full generate before timed trials; trials use seed+trial."
  }
}
