{
  "timestamp": "2026-05-25T05:37:35.886573+00:00",
  "hardware": "Mac M5 Max",
  "model_preset": "deepseek-r1-llama-8b",
  "configuration": "w8+kv_cache",
  "weight_bits": 8,
  "optimizations": {
    "weight_bits": 8,
    "kv_cache": true,
    "prefill": false
  },
  "model_repo": "mlx-community/DeepSeek-R1-Distill-Llama-8B-8bit",
  "kv_bits": 4,
  "prefill_step_size": 512,
  "prompt_tokens": 512,
  "generation_tokens": 128,
  "num_trials": 3,
  "memory_gb": 8.9684,
  "ttft_ms": 188.5059,
  "throughput_tps": 61.3947,
  "prompt_tps": 2716.0957,
  "mlx_version": "0.31.2",
  "mlx_lm_version": "0.29.1",
  "platform": "macOS-26.4.1-arm64-arm-64bit-Mach-O",
  "status": "ok",
  "error": null,
  "article_id": 5,
  "run_label": null,
  "benchmark_mode": "standard",
  "draft_model_repo": null,
  "draft_preset": "llama-3.2-1b",
  "num_draft_tokens": null,
  "draft_accept_rate": null,
  "prefix_cache_cold_ttft_ms": null,
  "prefix_cache_warm_ttft_ms": null,
  "prefix_system_tokens": null,
  "workload": null,
  "schema_version": 1,
  "trials": {
    "ttft_ms": [
      188.50587494671345,
      188.39504197239876,
      188.6235410347581
    ],
    "throughput_tps": [
      61.35989097706388,
      61.39466496280105,
      61.43350646410873
    ],
    "memory_gb": [
      8.96842352,
      8.96842352,
      8.96842352
    ],
    "prompt_tps": [
      2716.095719269924,
      2717.693600848645,
      2714.4013795481264
    ]
  },
  "stats": {
    "ttft_ms": {
      "n": 3,
      "mean": 188.5082,
      "median": 188.5059,
      "p50": 188.5059,
      "p95": 188.6118,
      "std": 0.0933,
      "min": 188.395,
      "max": 188.6235
    },
    "throughput_tps": {
      "n": 3,
      "mean": 61.396,
      "median": 61.3947,
      "p50": 61.3947,
      "p95": 61.4296,
      "std": 0.0301,
      "min": 61.3599,
      "max": 61.4335
    },
    "memory_gb": {
      "n": 3,
      "mean": 8.9684,
      "median": 8.9684,
      "p50": 8.9684,
      "p95": 8.9684,
      "std": 0.0,
      "min": 8.9684,
      "max": 8.9684
    },
    "prompt_tps": {
      "n": 3,
      "mean": 2716.0636,
      "median": 2716.0957,
      "p50": 2716.0957,
      "p95": 2717.5338,
      "std": 1.3442,
      "min": 2714.4014,
      "max": 2717.6936
    }
  },
  "warmup_policy": {
    "warmup_trials": 1,
    "warmup_discarded": true,
    "measured_trials_field": "num_trials",
    "description": "One full generate before timed trials; trials use seed+trial."
  }
}
