{
  "timestamp": "2026-05-25T05:37:51.873636+00:00",
  "hardware": "Mac M5 Max",
  "model_preset": "deepseek-r1-llama-8b",
  "configuration": "w8+prefill",
  "weight_bits": 8,
  "optimizations": {
    "weight_bits": 8,
    "kv_cache": false,
    "prefill": true
  },
  "model_repo": "mlx-community/DeepSeek-R1-Distill-Llama-8B-8bit",
  "kv_bits": null,
  "prefill_step_size": 2048,
  "prompt_tokens": 512,
  "generation_tokens": 128,
  "num_trials": 3,
  "memory_gb": 8.9684,
  "ttft_ms": 186.4047,
  "throughput_tps": 63.8156,
  "prompt_tps": 2746.7124,
  "mlx_version": "0.31.2",
  "mlx_lm_version": "0.29.1",
  "platform": "macOS-26.4.1-arm64-arm-64bit-Mach-O",
  "status": "ok",
  "error": null,
  "article_id": 5,
  "run_label": null,
  "benchmark_mode": "standard",
  "draft_model_repo": null,
  "draft_preset": "llama-3.2-1b",
  "num_draft_tokens": null,
  "draft_accept_rate": null,
  "prefix_cache_cold_ttft_ms": null,
  "prefix_cache_warm_ttft_ms": null,
  "prefix_system_tokens": null,
  "workload": null,
  "schema_version": 1,
  "trials": {
    "ttft_ms": [
      186.17120804265141,
      186.4046661648899,
      187.62862496078014
    ],
    "throughput_tps": [
      63.875786890553854,
      63.27713519912987,
      63.81563529266788
    ],
    "memory_gb": [
      8.96842352,
      8.96842352,
      8.96842352
    ],
    "prompt_tps": [
      2750.156726074968,
      2746.712357227661,
      2728.794714063608
    ]
  },
  "stats": {
    "ttft_ms": {
      "n": 3,
      "mean": 186.7348,
      "median": 186.4047,
      "p50": 186.4047,
      "p95": 187.5062,
      "std": 0.6392,
      "min": 186.1712,
      "max": 187.6286
    },
    "throughput_tps": {
      "n": 3,
      "mean": 63.6562,
      "median": 63.8156,
      "p50": 63.8156,
      "p95": 63.8698,
      "std": 0.2692,
      "min": 63.2771,
      "max": 63.8758
    },
    "memory_gb": {
      "n": 3,
      "mean": 8.9684,
      "median": 8.9684,
      "p50": 8.9684,
      "p95": 8.9684,
      "std": 0.0,
      "min": 8.9684,
      "max": 8.9684
    },
    "prompt_tps": {
      "n": 3,
      "mean": 2741.8879,
      "median": 2746.7124,
      "p50": 2746.7124,
      "p95": 2749.8123,
      "std": 9.3645,
      "min": 2728.7947,
      "max": 2750.1567
    }
  },
  "warmup_policy": {
    "warmup_trials": 1,
    "warmup_discarded": true,
    "measured_trials_field": "num_trials",
    "description": "One full generate before timed trials; trials use seed+trial."
  }
}
