{
  "timestamp": "2026-05-23T15:07:20.165899+00:00",
  "hardware": "Mac M5 Max",
  "model_preset": "deepseek-r1-llama-8b",
  "configuration": "w8",
  "weight_bits": 8,
  "optimizations": {
    "weight_bits": 8,
    "kv_cache": false,
    "prefill": false
  },
  "model_repo": "mlx-community/DeepSeek-R1-Distill-Llama-8B-8bit",
  "kv_bits": null,
  "prefill_step_size": 512,
  "prompt_tokens": 512,
  "generation_tokens": 128,
  "num_trials": 3,
  "memory_gb": 8.9684,
  "ttft_ms": 186.5565,
  "throughput_tps": 63.9394,
  "prompt_tps": 2744.4763,
  "mlx_version": "0.31.2",
  "mlx_lm_version": "0.29.1",
  "platform": "macOS-26.4.1-arm64-arm-64bit-Mach-O",
  "status": "ok",
  "error": null,
  "article_id": 5,
  "run_label": null,
  "benchmark_mode": "standard",
  "draft_model_repo": null,
  "draft_preset": "qwen-0.5b",
  "num_draft_tokens": null,
  "draft_accept_rate": null,
  "prefix_cache_cold_ttft_ms": null,
  "prefix_cache_warm_ttft_ms": null,
  "prefix_system_tokens": null,
  "workload": null,
  "schema_version": 1,
  "trials": {
    "ttft_ms": [
      186.36225000955164,
      186.56850000843406,
      186.55654112808406
    ],
    "throughput_tps": [
      63.93935620745428,
      64.01191421324108,
      63.642761244248085
    ],
    "memory_gb": [
      8.96842352,
      8.96842352,
      8.96842352
    ],
    "prompt_tps": [
      2747.337510540672,
      2744.300350685429,
      2744.4762692532786
    ]
  },
  "stats": {
    "ttft_ms": {
      "n": 3,
      "mean": 186.4958,
      "median": 186.5565,
      "p50": 186.5565,
      "p95": 186.5673,
      "std": 0.0945,
      "min": 186.3623,
      "max": 186.5685
    },
    "throughput_tps": {
      "n": 3,
      "mean": 63.8647,
      "median": 63.9394,
      "p50": 63.9394,
      "p95": 64.0047,
      "std": 0.1597,
      "min": 63.6428,
      "max": 64.0119
    },
    "memory_gb": {
      "n": 3,
      "mean": 8.9684,
      "median": 8.9684,
      "p50": 8.9684,
      "p95": 8.9684,
      "std": 0.0,
      "min": 8.9684,
      "max": 8.9684
    },
    "prompt_tps": {
      "n": 3,
      "mean": 2745.3714,
      "median": 2744.4763,
      "p50": 2744.4763,
      "p95": 2747.0514,
      "std": 1.3921,
      "min": 2744.3004,
      "max": 2747.3375
    }
  },
  "warmup_policy": {
    "warmup_trials": 1,
    "warmup_discarded": true,
    "measured_trials_field": "num_trials",
    "description": "One full generate before timed trials; trials use seed+trial."
  }
}
