{
  "timestamp": "2026-05-25T05:37:19.674488+00:00",
  "hardware": "Mac M5 Max",
  "model_preset": "deepseek-r1-llama-8b",
  "configuration": "w8",
  "weight_bits": 8,
  "optimizations": {
    "weight_bits": 8,
    "kv_cache": false,
    "prefill": false
  },
  "model_repo": "mlx-community/DeepSeek-R1-Distill-Llama-8B-8bit",
  "kv_bits": null,
  "prefill_step_size": 512,
  "prompt_tokens": 512,
  "generation_tokens": 128,
  "num_trials": 3,
  "memory_gb": 8.9684,
  "ttft_ms": 187.2769,
  "throughput_tps": 63.6981,
  "prompt_tps": 2733.9194,
  "mlx_version": "0.31.2",
  "mlx_lm_version": "0.29.1",
  "platform": "macOS-26.4.1-arm64-arm-64bit-Mach-O",
  "status": "ok",
  "error": null,
  "article_id": 5,
  "run_label": null,
  "benchmark_mode": "standard",
  "draft_model_repo": null,
  "draft_preset": "llama-3.2-1b",
  "num_draft_tokens": null,
  "draft_accept_rate": null,
  "prefix_cache_cold_ttft_ms": null,
  "prefix_cache_warm_ttft_ms": null,
  "prefix_system_tokens": null,
  "workload": null,
  "schema_version": 1,
  "trials": {
    "ttft_ms": [
      186.4510418381542,
      187.56687501445413,
      187.27691704407334
    ],
    "throughput_tps": [
      63.760031149638145,
      63.59983644421393,
      63.698094914965154
    ],
    "memory_gb": [
      8.96842352,
      8.96842352,
      8.96842352
    ],
    "prompt_tps": [
      2746.0291717996047,
      2729.693075925825,
      2733.9194177331906
    ]
  },
  "stats": {
    "ttft_ms": {
      "n": 3,
      "mean": 187.0983,
      "median": 187.2769,
      "p50": 187.2769,
      "p95": 187.5379,
      "std": 0.4727,
      "min": 186.451,
      "max": 187.5669
    },
    "throughput_tps": {
      "n": 3,
      "mean": 63.686,
      "median": 63.6981,
      "p50": 63.6981,
      "p95": 63.7538,
      "std": 0.066,
      "min": 63.5998,
      "max": 63.76
    },
    "memory_gb": {
      "n": 3,
      "mean": 8.9684,
      "median": 8.9684,
      "p50": 8.9684,
      "p95": 8.9684,
      "std": 0.0,
      "min": 8.9684,
      "max": 8.9684
    },
    "prompt_tps": {
      "n": 3,
      "mean": 2736.5472,
      "median": 2733.9194,
      "p50": 2733.9194,
      "p95": 2744.8182,
      "std": 6.9232,
      "min": 2729.6931,
      "max": 2746.0292
    }
  },
  "warmup_policy": {
    "warmup_trials": 1,
    "warmup_discarded": true,
    "measured_trials_field": "num_trials",
    "description": "One full generate before timed trials; trials use seed+trial."
  }
}
