{
  "timestamp": "2026-05-20T16:53:04.171757+00:00",
  "hardware": "Mac M3",
  "model_preset": "mistral-7b",
  "configuration": "w4",
  "weight_bits": 4,
  "optimizations": {
    "weight_bits": 4,
    "kv_cache": false,
    "prefill": false
  },
  "model_repo": "mlx-community/Mistral-7B-Instruct-v0.3-4bit",
  "kv_bits": null,
  "prefill_step_size": 512,
  "prompt_tokens": 512,
  "generation_tokens": 128,
  "num_trials": 3,
  "memory_gb": 4.6151,
  "ttft_ms": 2725.3831,
  "throughput_tps": 21.7388,
  "prompt_tps": 187.8635,
  "mlx_version": "0.31.2",
  "mlx_lm_version": "0.31.3",
  "platform": "macOS-26.3.1-arm64-arm-64bit-Mach-O",
  "status": "ok",
  "error": null,
  "article_id": 1,
  "run_label": null,
  "benchmark_mode": "standard",
  "draft_model_repo": null,
  "draft_preset": "qwen-0.5b",
  "num_draft_tokens": null,
  "draft_accept_rate": null,
  "prefix_cache_cold_ttft_ms": null,
  "prefix_cache_warm_ttft_ms": null,
  "prefix_system_tokens": null,
  "workload": null,
  "schema_version": 1,
  "trials": {
    "ttft_ms": [
      2601.103417109698,
      2725.3831250127405,
      2786.7768751457334
    ],
    "throughput_tps": [
      21.738766462341708,
      21.7975258772119,
      21.684238831481373
    ],
    "memory_gb": [
      4.61505548,
      4.61505548,
      4.61505548
    ],
    "prompt_tps": [
      196.8395399552878,
      187.8634953379652,
      183.72479137685724
    ]
  },
  "stats": {
    "ttft_ms": {
      "n": 3,
      "mean": 2704.4211,
      "median": 2725.3831,
      "p50": 2725.3831,
      "p95": 2780.6375,
      "std": 77.2365,
      "min": 2601.1034,
      "max": 2786.7769
    },
    "throughput_tps": {
      "n": 3,
      "mean": 21.7402,
      "median": 21.7388,
      "p50": 21.7388,
      "p95": 21.7916,
      "std": 0.0463,
      "min": 21.6842,
      "max": 21.7975
    },
    "memory_gb": {
      "n": 3,
      "mean": 4.6151,
      "median": 4.6151,
      "p50": 4.6151,
      "p95": 4.6151,
      "std": 0.0,
      "min": 4.6151,
      "max": 4.6151
    },
    "prompt_tps": {
      "n": 3,
      "mean": 189.4759,
      "median": 187.8635,
      "p50": 187.8635,
      "p95": 195.9419,
      "std": 5.4741,
      "min": 183.7248,
      "max": 196.8395
    }
  },
  "warmup_policy": {
    "warmup_trials": 1,
    "warmup_discarded": true,
    "measured_trials_field": "num_trials",
    "description": "One full generate before timed trials; trials use seed+trial."
  }
}
