{
  "timestamp": "2026-05-20T16:52:20.655003+00:00",
  "hardware": "Mac M3",
  "model_preset": "mistral-7b",
  "configuration": "w8",
  "weight_bits": 8,
  "optimizations": {
    "weight_bits": 8,
    "kv_cache": false,
    "prefill": false
  },
  "model_repo": "mlx-community/Mistral-7B-Instruct-v0.3-8bit",
  "kv_bits": null,
  "prefill_step_size": 512,
  "prompt_tokens": 512,
  "generation_tokens": 128,
  "num_trials": 3,
  "memory_gb": 8.1268,
  "ttft_ms": 2741.7975,
  "throughput_tps": 11.8248,
  "prompt_tps": 186.7388,
  "mlx_version": "0.31.2",
  "mlx_lm_version": "0.31.3",
  "platform": "macOS-26.3.1-arm64-arm-64bit-Mach-O",
  "status": "ok",
  "error": null,
  "article_id": 1,
  "run_label": null,
  "benchmark_mode": "standard",
  "draft_model_repo": null,
  "draft_preset": "qwen-0.5b",
  "num_draft_tokens": null,
  "draft_accept_rate": null,
  "prefix_cache_cold_ttft_ms": null,
  "prefix_cache_warm_ttft_ms": null,
  "prefix_system_tokens": null,
  "workload": null,
  "schema_version": 1,
  "trials": {
    "ttft_ms": [
      2629.2479580733925,
      2741.7974590789527,
      2821.3548329658806
    ],
    "throughput_tps": [
      11.886565024226902,
      11.82479050891131,
      11.765607317308524
    ],
    "memory_gb": [
      8.1268184,
      8.1268184,
      8.1268184
    ],
    "prompt_tps": [
      194.73248935226826,
      186.73881190771667,
      181.47309725723952
    ]
  },
  "stats": {
    "ttft_ms": {
      "n": 3,
      "mean": 2730.8001,
      "median": 2741.7975,
      "p50": 2741.7975,
      "p95": 2813.3991,
      "std": 78.8119,
      "min": 2629.248,
      "max": 2821.3548
    },
    "throughput_tps": {
      "n": 3,
      "mean": 11.8257,
      "median": 11.8248,
      "p50": 11.8248,
      "p95": 11.8804,
      "std": 0.0494,
      "min": 11.7656,
      "max": 11.8866
    },
    "memory_gb": {
      "n": 3,
      "mean": 8.1268,
      "median": 8.1268,
      "p50": 8.1268,
      "p95": 8.1268,
      "std": 0.0,
      "min": 8.1268,
      "max": 8.1268
    },
    "prompt_tps": {
      "n": 3,
      "mean": 187.6481,
      "median": 186.7388,
      "p50": 186.7388,
      "p95": 193.9331,
      "std": 5.4512,
      "min": 181.4731,
      "max": 194.7325
    }
  },
  "warmup_policy": {
    "warmup_trials": 1,
    "warmup_discarded": true,
    "measured_trials_field": "num_trials",
    "description": "One full generate before timed trials; trials use seed+trial."
  }
}
