{
  "timestamp": "2026-05-25T04:09:06.884296+00:00",
  "hardware": "Mac M5 Max",
  "model_preset": "qwen-7b",
  "configuration": "w4+speculative",
  "weight_bits": 4,
  "optimizations": {
    "weight_bits": 4,
    "kv_cache": false,
    "prefill": false
  },
  "model_repo": "mlx-community/Qwen2.5-7B-Instruct-4bit",
  "kv_bits": null,
  "prefill_step_size": 512,
  "prompt_tokens": 512,
  "generation_tokens": 128,
  "num_trials": 3,
  "memory_gb": 5.2912,
  "ttft_ms": 179.7545,
  "throughput_tps": 181.2272,
  "prompt_tps": 2848.3286,
  "mlx_version": "0.31.2",
  "mlx_lm_version": "0.29.1",
  "platform": "macOS-26.4.1-arm64-arm-64bit-Mach-O",
  "status": "ok",
  "error": null,
  "article_id": 6,
  "run_label": "qwen-7b_w4_speculative",
  "benchmark_mode": "speculative",
  "draft_model_repo": "mlx-community/Qwen2.5-0.5B-Instruct-4bit",
  "draft_preset": "qwen-0.5b",
  "num_draft_tokens": 3,
  "draft_accept_rate": 0.7422,
  "prefix_cache_cold_ttft_ms": null,
  "prefix_cache_warm_ttft_ms": null,
  "prefix_system_tokens": null,
  "workload": null,
  "schema_version": 1,
  "trials": {
    "ttft_ms": [
      185.78666704706848,
      179.17429213412106,
      179.75454195402563
    ],
    "throughput_tps": [
      71.15484662933424,
      182.26051101380182,
      181.22717684608136
    ],
    "memory_gb": [
      5.291193212,
      5.291193212,
      5.291193212
    ],
    "prompt_tps": [
      2755.84899679742,
      2857.5527990184105,
      2848.3285842699324
    ],
    "draft_accept_rate": [
      0.3046875,
      0.7421875,
      0.7421875
    ]
  },
  "stats": {
    "ttft_ms": {
      "n": 3,
      "mean": 181.5718,
      "median": 179.7545,
      "p50": 179.7545,
      "p95": 185.1835,
      "std": 2.9897,
      "min": 179.1743,
      "max": 185.7867
    },
    "throughput_tps": {
      "n": 3,
      "mean": 144.8808,
      "median": 181.2272,
      "p50": 181.2272,
      "p95": 182.1572,
      "std": 52.1339,
      "min": 71.1548,
      "max": 182.2605
    },
    "memory_gb": {
      "n": 3,
      "mean": 5.2912,
      "median": 5.2912,
      "p50": 5.2912,
      "p95": 5.2912,
      "std": 0.0,
      "min": 5.2912,
      "max": 5.2912
    },
    "prompt_tps": {
      "n": 3,
      "mean": 2820.5768,
      "median": 2848.3286,
      "p50": 2848.3286,
      "p95": 2856.6304,
      "std": 45.9241,
      "min": 2755.849,
      "max": 2857.5528
    },
    "draft_accept_rate": {
      "n": 3,
      "mean": 0.5964,
      "median": 0.7422,
      "p50": 0.7422,
      "p95": 0.7422,
      "std": 0.2062,
      "min": 0.3047,
      "max": 0.7422
    }
  },
  "warmup_policy": {
    "warmup_trials": 1,
    "warmup_discarded": true,
    "measured_trials_field": "num_trials",
    "description": "One full generate before timed trials; trials use seed+trial."
  }
}
