{
  "timestamp": "2026-05-25T04:08:39.748091+00:00",
  "hardware": "Mac M5 Max",
  "model_preset": "qwen-7b",
  "configuration": "w4",
  "weight_bits": 4,
  "optimizations": {
    "weight_bits": 4,
    "kv_cache": false,
    "prefill": false
  },
  "model_repo": "mlx-community/Qwen2.5-7B-Instruct-4bit",
  "kv_bits": null,
  "prefill_step_size": 512,
  "prompt_tokens": 512,
  "generation_tokens": 128,
  "num_trials": 3,
  "memory_gb": 4.848,
  "ttft_ms": 157.8827,
  "throughput_tps": 121.2347,
  "prompt_tps": 3242.9137,
  "mlx_version": "0.31.2",
  "mlx_lm_version": "0.29.1",
  "platform": "macOS-26.4.1-arm64-arm-64bit-Mach-O",
  "status": "ok",
  "error": null,
  "article_id": 6,
  "run_label": "qwen-7b_w4_baseline",
  "benchmark_mode": "standard",
  "draft_model_repo": null,
  "draft_preset": "qwen-0.5b",
  "num_draft_tokens": null,
  "draft_accept_rate": null,
  "prefix_cache_cold_ttft_ms": null,
  "prefix_cache_warm_ttft_ms": null,
  "prefix_system_tokens": null,
  "workload": null,
  "schema_version": 1,
  "trials": {
    "ttft_ms": [
      166.15133290179074,
      156.27704211510718,
      157.882709056139
    ],
    "throughput_tps": [
      119.27331340599456,
      121.25587459376695,
      121.23469968895569
    ],
    "memory_gb": [
      4.847973496,
      4.847973496,
      4.847973496
    ],
    "prompt_tps": [
      3081.528092841931,
      3276.2329838754054,
      3242.9136987885486
    ]
  },
  "stats": {
    "ttft_ms": {
      "n": 3,
      "mean": 160.1037,
      "median": 157.8827,
      "p50": 157.8827,
      "p95": 165.3245,
      "std": 4.3263,
      "min": 156.277,
      "max": 166.1513
    },
    "throughput_tps": {
      "n": 3,
      "mean": 120.588,
      "median": 121.2347,
      "p50": 121.2347,
      "p95": 121.2538,
      "std": 0.9296,
      "min": 119.2733,
      "max": 121.2559
    },
    "memory_gb": {
      "n": 3,
      "mean": 4.848,
      "median": 4.848,
      "p50": 4.848,
      "p95": 4.848,
      "std": 0.0,
      "min": 4.848,
      "max": 4.848
    },
    "prompt_tps": {
      "n": 3,
      "mean": 3200.2249,
      "median": 3242.9137,
      "p50": 3242.9137,
      "p95": 3272.9011,
      "std": 85.0265,
      "min": 3081.5281,
      "max": 3276.233
    }
  },
  "warmup_policy": {
    "warmup_trials": 1,
    "warmup_discarded": true,
    "measured_trials_field": "num_trials",
    "description": "One full generate before timed trials; trials use seed+trial."
  }
}
