{
  "timestamp": "2026-05-25T06:08:11.639899+00:00",
  "hardware": "Mac M5 Max",
  "model_preset": "qwen-7b",
  "configuration": "w4+speculative",
  "weight_bits": 4,
  "optimizations": {
    "weight_bits": 4,
    "kv_cache": false,
    "prefill": false
  },
  "model_repo": "mlx-community/Qwen2.5-7B-Instruct-4bit",
  "kv_bits": null,
  "prefill_step_size": 512,
  "prompt_tokens": 512,
  "generation_tokens": 128,
  "num_trials": 3,
  "memory_gb": 5.2912,
  "ttft_ms": 179.9581,
  "throughput_tps": 170.2701,
  "prompt_tps": 2845.1063,
  "mlx_version": "0.31.2",
  "mlx_lm_version": "0.29.1",
  "platform": "macOS-26.4.1-arm64-arm-64bit-Mach-O",
  "status": "ok",
  "error": null,
  "article_id": 6,
  "run_label": "qwen-7b_w4_speculative",
  "benchmark_mode": "speculative",
  "draft_model_repo": "mlx-community/Qwen2.5-0.5B-Instruct-4bit",
  "draft_preset": "qwen-0.5b",
  "num_draft_tokens": 3,
  "draft_accept_rate": 0.7422,
  "prefix_cache_cold_ttft_ms": null,
  "prefix_cache_warm_ttft_ms": null,
  "prefix_system_tokens": null,
  "workload": null,
  "schema_version": 1,
  "trials": {
    "ttft_ms": [
      179.63783303275704,
      193.77104099839926,
      179.95812511071563
    ],
    "throughput_tps": [
      71.69330391472917,
      170.2701075926531,
      183.81150743084356
    ],
    "memory_gb": [
      5.291193212,
      5.291193212,
      5.291193212
    ],
    "prompt_tps": [
      2850.179115145731,
      2642.293695497201,
      2845.1063250686916
    ],
    "draft_accept_rate": [
      0.3046875,
      0.7421875,
      0.7421875
    ]
  },
  "stats": {
    "ttft_ms": {
      "n": 3,
      "mean": 184.4557,
      "median": 179.9581,
      "p50": 179.9581,
      "p95": 192.3897,
      "std": 6.5883,
      "min": 179.6378,
      "max": 193.771
    },
    "throughput_tps": {
      "n": 3,
      "mean": 141.925,
      "median": 170.2701,
      "p50": 170.2701,
      "p95": 182.4574,
      "std": 49.968,
      "min": 71.6933,
      "max": 183.8115
    },
    "memory_gb": {
      "n": 3,
      "mean": 5.2912,
      "median": 5.2912,
      "p50": 5.2912,
      "p95": 5.2912,
      "std": 0.0,
      "min": 5.2912,
      "max": 5.2912
    },
    "prompt_tps": {
      "n": 3,
      "mean": 2779.193,
      "median": 2845.1063,
      "p50": 2845.1063,
      "p95": 2849.6718,
      "std": 96.8246,
      "min": 2642.2937,
      "max": 2850.1791
    },
    "draft_accept_rate": {
      "n": 3,
      "mean": 0.5964,
      "median": 0.7422,
      "p50": 0.7422,
      "p95": 0.7422,
      "std": 0.2062,
      "min": 0.3047,
      "max": 0.7422
    }
  },
  "warmup_policy": {
    "warmup_trials": 1,
    "warmup_discarded": true,
    "measured_trials_field": "num_trials",
    "description": "One full generate before timed trials; trials use seed+trial."
  }
}
