{
  "timestamp": "2026-05-25T06:07:40.716372+00:00",
  "hardware": "Mac M5 Max",
  "model_preset": "qwen-7b",
  "configuration": "w4",
  "weight_bits": 4,
  "optimizations": {
    "weight_bits": 4,
    "kv_cache": false,
    "prefill": false
  },
  "model_repo": "mlx-community/Qwen2.5-7B-Instruct-4bit",
  "kv_bits": null,
  "prefill_step_size": 512,
  "prompt_tokens": 512,
  "generation_tokens": 128,
  "num_trials": 3,
  "memory_gb": 4.848,
  "ttft_ms": 155.8596,
  "throughput_tps": 122.002,
  "prompt_tps": 3285.0081,
  "mlx_version": "0.31.2",
  "mlx_lm_version": "0.29.1",
  "platform": "macOS-26.4.1-arm64-arm-64bit-Mach-O",
  "status": "ok",
  "error": null,
  "article_id": 6,
  "run_label": "qwen-7b_w4_baseline",
  "benchmark_mode": "standard",
  "draft_model_repo": null,
  "draft_preset": "qwen-0.5b",
  "num_draft_tokens": null,
  "draft_accept_rate": null,
  "prefix_cache_cold_ttft_ms": null,
  "prefix_cache_warm_ttft_ms": null,
  "prefix_system_tokens": null,
  "workload": null,
  "schema_version": 1,
  "trials": {
    "ttft_ms": [
      156.2889579217881,
      155.605792067945,
      155.85958398878574
    ],
    "throughput_tps": [
      121.86724906526199,
      122.24581808994876,
      122.00196155286933
    ],
    "memory_gb": [
      4.847973496,
      4.847973496,
      4.847973496
    ],
    "prompt_tps": [
      3275.983196818171,
      3290.3659510080197,
      3285.008126525212
    ]
  },
  "stats": {
    "ttft_ms": {
      "n": 3,
      "mean": 155.9181,
      "median": 155.8596,
      "p50": 155.8596,
      "p95": 156.246,
      "std": 0.282,
      "min": 155.6058,
      "max": 156.289
    },
    "throughput_tps": {
      "n": 3,
      "mean": 122.0383,
      "median": 122.002,
      "p50": 122.002,
      "p95": 122.2214,
      "std": 0.1567,
      "min": 121.8672,
      "max": 122.2458
    },
    "memory_gb": {
      "n": 3,
      "mean": 4.848,
      "median": 4.848,
      "p50": 4.848,
      "p95": 4.848,
      "std": 0.0,
      "min": 4.848,
      "max": 4.848
    },
    "prompt_tps": {
      "n": 3,
      "mean": 3283.7858,
      "median": 3285.0081,
      "p50": 3285.0081,
      "p95": 3289.8302,
      "std": 5.935,
      "min": 3275.9832,
      "max": 3290.366
    }
  },
  "warmup_policy": {
    "warmup_trials": 1,
    "warmup_discarded": true,
    "measured_trials_field": "num_trials",
    "description": "One full generate before timed trials; trials use seed+trial."
  }
}
