{
  "timestamp": "2026-05-25T04:42:26.940333+00:00",
  "hardware": "Mac M5 Max",
  "model_preset": "phi-3.5-mini",
  "configuration": "fp16",
  "weight_bits": 16,
  "optimizations": {
    "weight_bits": 16,
    "kv_cache": false,
    "prefill": false
  },
  "model_repo": "mlx-community/Phi-3.5-mini-instruct-bf16",
  "kv_bits": null,
  "prefill_step_size": 512,
  "prompt_tokens": 512,
  "generation_tokens": 128,
  "num_trials": 3,
  "memory_gb": 8.2859,
  "ttft_ms": 111.7612,
  "throughput_tps": 63.7749,
  "prompt_tps": 4581.1977,
  "mlx_version": "0.31.2",
  "mlx_lm_version": "0.29.1",
  "platform": "macOS-26.4.1-arm64-arm-64bit-Mach-O",
  "status": "ok",
  "error": null,
  "article_id": 4,
  "run_label": null,
  "benchmark_mode": "standard",
  "draft_model_repo": null,
  "draft_preset": "qwen-0.5b",
  "num_draft_tokens": null,
  "draft_accept_rate": null,
  "prefix_cache_cold_ttft_ms": null,
  "prefix_cache_warm_ttft_ms": null,
  "prefix_system_tokens": null,
  "workload": null,
  "schema_version": 1,
  "trials": {
    "ttft_ms": [
      111.87645792961119,
      111.76116601563992,
      111.52012506499887
    ],
    "throughput_tps": [
      63.23013359992586,
      63.83938941902461,
      63.774911773232304
    ],
    "memory_gb": [
      8.285882466,
      8.285882466,
      8.285882466
    ],
    "prompt_tps": [
      4576.476673243737,
      4581.19772952575,
      4591.099585851287
    ]
  },
  "stats": {
    "ttft_ms": {
      "n": 3,
      "mean": 111.7192,
      "median": 111.7612,
      "p50": 111.7612,
      "p95": 111.8649,
      "std": 0.1485,
      "min": 111.5201,
      "max": 111.8765
    },
    "throughput_tps": {
      "n": 3,
      "mean": 63.6148,
      "median": 63.7749,
      "p50": 63.7749,
      "p95": 63.8329,
      "std": 0.2733,
      "min": 63.2301,
      "max": 63.8394
    },
    "memory_gb": {
      "n": 3,
      "mean": 8.2859,
      "median": 8.2859,
      "p50": 8.2859,
      "p95": 8.2859,
      "std": 0.0,
      "min": 8.2859,
      "max": 8.2859
    },
    "prompt_tps": {
      "n": 3,
      "mean": 4582.9247,
      "median": 4581.1977,
      "p50": 4581.1977,
      "p95": 4590.1094,
      "std": 6.0934,
      "min": 4576.4767,
      "max": 4591.0996
    }
  },
  "warmup_policy": {
    "warmup_trials": 1,
    "warmup_discarded": true,
    "measured_trials_field": "num_trials",
    "description": "One full generate before timed trials; trials use seed+trial."
  }
}
