{
  "timestamp": "2026-05-25T04:42:49.514410+00:00",
  "hardware": "Mac M5 Max",
  "model_preset": "phi-3.5-mini",
  "configuration": "w4",
  "weight_bits": 4,
  "optimizations": {
    "weight_bits": 4,
    "kv_cache": false,
    "prefill": false
  },
  "model_repo": "mlx-community/Phi-3.5-mini-instruct-4bit",
  "kv_bits": null,
  "prefill_step_size": 512,
  "prompt_tokens": 512,
  "generation_tokens": 128,
  "num_trials": 3,
  "memory_gb": 3.2083,
  "ttft_ms": 104.1149,
  "throughput_tps": 189.6718,
  "prompt_tps": 4917.6431,
  "mlx_version": "0.31.2",
  "mlx_lm_version": "0.29.1",
  "platform": "macOS-26.4.1-arm64-arm-64bit-Mach-O",
  "status": "ok",
  "error": null,
  "article_id": 4,
  "run_label": null,
  "benchmark_mode": "standard",
  "draft_model_repo": null,
  "draft_preset": "qwen-0.5b",
  "num_draft_tokens": null,
  "draft_accept_rate": null,
  "prefix_cache_cold_ttft_ms": null,
  "prefix_cache_warm_ttft_ms": null,
  "prefix_system_tokens": null,
  "workload": null,
  "schema_version": 1,
  "trials": {
    "ttft_ms": [
      102.10266709327699,
      104.11491687409581,
      107.35791595652698
    ],
    "throughput_tps": [
      189.67176711557673,
      191.0635379773164,
      185.05773279978888
    ],
    "memory_gb": [
      3.20827203,
      3.20827203,
      3.20827203
    ],
    "prompt_tps": [
      5014.560486772171,
      4917.643075287203,
      4769.094066685561
    ]
  },
  "stats": {
    "ttft_ms": {
      "n": 3,
      "mean": 104.5252,
      "median": 104.1149,
      "p50": 104.1149,
      "p95": 107.0336,
      "std": 2.165,
      "min": 102.1027,
      "max": 107.3579
    },
    "throughput_tps": {
      "n": 3,
      "mean": 188.5977,
      "median": 189.6718,
      "p50": 189.6718,
      "p95": 190.9244,
      "std": 2.5668,
      "min": 185.0577,
      "max": 191.0635
    },
    "memory_gb": {
      "n": 3,
      "mean": 3.2083,
      "median": 3.2083,
      "p50": 3.2083,
      "p95": 3.2083,
      "std": 0.0,
      "min": 3.2083,
      "max": 3.2083
    },
    "prompt_tps": {
      "n": 3,
      "mean": 4900.4325,
      "median": 4917.6431,
      "p50": 4917.6431,
      "p95": 5004.8687,
      "std": 100.9475,
      "min": 4769.0941,
      "max": 5014.5605
    }
  },
  "warmup_policy": {
    "warmup_trials": 1,
    "warmup_discarded": true,
    "measured_trials_field": "num_trials",
    "description": "One full generate before timed trials; trials use seed+trial."
  }
}
