{
  "timestamp": "2026-05-23T03:56:16.157120+00:00",
  "hardware": "Mac M5 Max",
  "model_preset": "phi-3.5-mini",
  "configuration": "w4",
  "weight_bits": 4,
  "optimizations": {
    "weight_bits": 4,
    "kv_cache": false,
    "prefill": false
  },
  "model_repo": "mlx-community/Phi-3.5-mini-instruct-4bit",
  "kv_bits": null,
  "prefill_step_size": 512,
  "prompt_tokens": 512,
  "generation_tokens": 128,
  "num_trials": 3,
  "memory_gb": 3.2083,
  "ttft_ms": 108.2773,
  "throughput_tps": 191.4139,
  "prompt_tps": 4728.5981,
  "mlx_version": "0.31.2",
  "mlx_lm_version": "0.29.1",
  "platform": "macOS-26.4.1-arm64-arm-64bit-Mach-O",
  "status": "ok",
  "error": null,
  "article_id": 4,
  "run_label": null,
  "benchmark_mode": "standard",
  "draft_model_repo": null,
  "draft_preset": "qwen-0.5b",
  "num_draft_tokens": null,
  "draft_accept_rate": null,
  "prefix_cache_cold_ttft_ms": null,
  "prefix_cache_warm_ttft_ms": null,
  "prefix_system_tokens": null,
  "workload": null,
  "schema_version": 1,
  "trials": {
    "ttft_ms": [
      108.2773341331631,
      107.1658341679722,
      108.32258383743465
    ],
    "throughput_tps": [
      191.41386691222218,
      191.82371413823893,
      191.00063701191715
    ],
    "memory_gb": [
      3.169274002,
      3.20827203,
      3.20827203
    ],
    "prompt_tps": [
      4728.598132738706,
      4777.642090645129,
      4726.622850581049
    ]
  },
  "stats": {
    "ttft_ms": {
      "n": 3,
      "mean": 107.9219,
      "median": 108.2773,
      "p50": 108.2773,
      "p95": 108.3181,
      "std": 0.535,
      "min": 107.1658,
      "max": 108.3226
    },
    "throughput_tps": {
      "n": 3,
      "mean": 191.4127,
      "median": 191.4139,
      "p50": 191.4139,
      "p95": 191.7827,
      "std": 0.336,
      "min": 191.0006,
      "max": 191.8237
    },
    "memory_gb": {
      "n": 3,
      "mean": 3.1953,
      "median": 3.2083,
      "p50": 3.2083,
      "p95": 3.2083,
      "std": 0.0184,
      "min": 3.1693,
      "max": 3.2083
    },
    "prompt_tps": {
      "n": 3,
      "mean": 4744.2877,
      "median": 4728.5981,
      "p50": 4728.5981,
      "p95": 4772.7377,
      "std": 23.5989,
      "min": 4726.6229,
      "max": 4777.6421
    }
  },
  "warmup_policy": {
    "warmup_trials": 1,
    "warmup_discarded": true,
    "measured_trials_field": "num_trials",
    "description": "One full generate before timed trials; trials use seed+trial."
  }
}
