{
  "timestamp": "2026-05-23T03:55:18.214333+00:00",
  "hardware": "Mac M5 Max",
  "model_preset": "phi-3.5-mini",
  "configuration": "w8",
  "weight_bits": 8,
  "optimizations": {
    "weight_bits": 8,
    "kv_cache": false,
    "prefill": false
  },
  "model_repo": "mlx-community/Phi-3.5-mini-instruct-8bit",
  "kv_bits": null,
  "prefill_step_size": 512,
  "prompt_tokens": 512,
  "generation_tokens": 128,
  "num_trials": 3,
  "memory_gb": 4.8373,
  "ttft_ms": 113.5238,
  "throughput_tps": 110.5416,
  "prompt_tps": 4510.0678,
  "mlx_version": "0.31.2",
  "mlx_lm_version": "0.29.1",
  "platform": "macOS-26.4.1-arm64-arm-64bit-Mach-O",
  "status": "ok",
  "error": null,
  "article_id": 4,
  "run_label": null,
  "benchmark_mode": "standard",
  "draft_model_repo": null,
  "draft_preset": "qwen-0.5b",
  "num_draft_tokens": null,
  "draft_accept_rate": null,
  "prefix_cache_cold_ttft_ms": null,
  "prefix_cache_warm_ttft_ms": null,
  "prefix_system_tokens": null,
  "workload": null,
  "schema_version": 1,
  "trials": {
    "ttft_ms": [
      113.52379200980067,
      110.49499991349876,
      120.03999995067714
    ],
    "throughput_tps": [
      111.21345499867496,
      110.50545346886972,
      110.54162655769754
    ],
    "memory_gb": [
      4.837321854,
      4.837321854,
      4.837321854
    ],
    "prompt_tps": [
      4510.067809889563,
      4633.693835927601,
      4265.244920113079
    ]
  },
  "stats": {
    "ttft_ms": {
      "n": 3,
      "mean": 114.6863,
      "median": 113.5238,
      "p50": 113.5238,
      "p95": 119.3884,
      "std": 3.9825,
      "min": 110.495,
      "max": 120.04
    },
    "throughput_tps": {
      "n": 3,
      "mean": 110.7535,
      "median": 110.5416,
      "p50": 110.5416,
      "p95": 111.1463,
      "std": 0.3256,
      "min": 110.5055,
      "max": 111.2135
    },
    "memory_gb": {
      "n": 3,
      "mean": 4.8373,
      "median": 4.8373,
      "p50": 4.8373,
      "p95": 4.8373,
      "std": 0.0,
      "min": 4.8373,
      "max": 4.8373
    },
    "prompt_tps": {
      "n": 3,
      "mean": 4469.6689,
      "median": 4510.0678,
      "p50": 4510.0678,
      "p95": 4621.3312,
      "std": 153.1072,
      "min": 4265.2449,
      "max": 4633.6938
    }
  },
  "warmup_policy": {
    "warmup_trials": 1,
    "warmup_discarded": true,
    "measured_trials_field": "num_trials",
    "description": "One full generate before timed trials; trials use seed+trial."
  }
}
