{
  "timestamp": "2026-05-25T04:42:39.448207+00:00",
  "hardware": "Mac M5 Max",
  "model_preset": "phi-3.5-mini",
  "configuration": "w8",
  "weight_bits": 8,
  "optimizations": {
    "weight_bits": 8,
    "kv_cache": false,
    "prefill": false
  },
  "model_repo": "mlx-community/Phi-3.5-mini-instruct-8bit",
  "kv_bits": null,
  "prefill_step_size": 512,
  "prompt_tokens": 512,
  "generation_tokens": 128,
  "num_trials": 3,
  "memory_gb": 4.8373,
  "ttft_ms": 111.1993,
  "throughput_tps": 108.8463,
  "prompt_tps": 4604.3441,
  "mlx_version": "0.31.2",
  "mlx_lm_version": "0.29.1",
  "platform": "macOS-26.4.1-arm64-arm-64bit-Mach-O",
  "status": "ok",
  "error": null,
  "article_id": 4,
  "run_label": null,
  "benchmark_mode": "standard",
  "draft_model_repo": null,
  "draft_preset": "qwen-0.5b",
  "num_draft_tokens": null,
  "draft_accept_rate": null,
  "prefix_cache_cold_ttft_ms": null,
  "prefix_cache_warm_ttft_ms": null,
  "prefix_system_tokens": null,
  "workload": null,
  "schema_version": 1,
  "trials": {
    "ttft_ms": [
      111.19933403097093,
      110.54700007662177,
      235.90320791117847
    ],
    "throughput_tps": [
      110.17067955323829,
      108.84626393874203,
      82.6900939907293
    ],
    "memory_gb": [
      4.837321854,
      4.837321854,
      4.837321854
    ],
    "prompt_tps": [
      4604.344121857773,
      4631.514194370948,
      2170.381677017197
    ]
  },
  "stats": {
    "ttft_ms": {
      "n": 3,
      "mean": 152.5498,
      "median": 111.1993,
      "p50": 111.1993,
      "p95": 223.4328,
      "std": 58.9403,
      "min": 110.547,
      "max": 235.9032
    },
    "throughput_tps": {
      "n": 3,
      "mean": 100.569,
      "median": 108.8463,
      "p50": 108.8463,
      "p95": 110.0382,
      "std": 12.6539,
      "min": 82.6901,
      "max": 110.1707
    },
    "memory_gb": {
      "n": 3,
      "mean": 4.8373,
      "median": 4.8373,
      "p50": 4.8373,
      "p95": 4.8373,
      "std": 0.0,
      "min": 4.8373,
      "max": 4.8373
    },
    "prompt_tps": {
      "n": 3,
      "mean": 3802.08,
      "median": 4604.3441,
      "p50": 4604.3441,
      "p95": 4628.7972,
      "std": 1153.8383,
      "min": 2170.3817,
      "max": 4631.5142
    }
  },
  "warmup_policy": {
    "warmup_trials": 1,
    "warmup_discarded": true,
    "measured_trials_field": "num_trials",
    "description": "One full generate before timed trials; trials use seed+trial."
  }
}
