{
  "timestamp": "2026-05-25T04:56:37.788426+00:00",
  "hardware": "Mac M5 Max",
  "model_preset": "mistral-nemo-12b",
  "configuration": "fp16",
  "weight_bits": 16,
  "optimizations": {
    "weight_bits": 16,
    "kv_cache": false,
    "prefill": false
  },
  "model_repo": "mlx-community/Mistral-Nemo-Instruct-2407-bf16",
  "kv_bits": null,
  "prefill_step_size": 512,
  "prompt_tokens": 512,
  "generation_tokens": 128,
  "num_trials": 3,
  "memory_gb": 24.8205,
  "ttft_ms": 312.2085,
  "throughput_tps": 22.4374,
  "prompt_tps": 1639.9297,
  "mlx_version": "0.31.2",
  "mlx_lm_version": "0.29.1",
  "platform": "macOS-26.4.1-arm64-arm-64bit-Mach-O",
  "status": "ok",
  "error": null,
  "article_id": 4,
  "run_label": null,
  "benchmark_mode": "standard",
  "draft_model_repo": null,
  "draft_preset": "qwen-0.5b",
  "num_draft_tokens": null,
  "draft_accept_rate": null,
  "prefix_cache_cold_ttft_ms": null,
  "prefix_cache_warm_ttft_ms": null,
  "prefix_system_tokens": null,
  "workload": null,
  "schema_version": 1,
  "trials": {
    "ttft_ms": [
      312.20850022509694,
      313.9643338508904,
      305.46699999831617
    ],
    "throughput_tps": [
      22.437441172487944,
      22.08300250174101,
      22.453840474758696
    ],
    "memory_gb": [
      24.82051078,
      24.82051078,
      24.82051078
    ],
    "prompt_tps": [
      1639.9297252664705,
      1630.7584804940352,
      1676.1221343150726
    ]
  },
  "stats": {
    "ttft_ms": {
      "n": 3,
      "mean": 310.5466,
      "median": 312.2085,
      "p50": 312.2085,
      "p95": 313.7888,
      "std": 3.6627,
      "min": 305.467,
      "max": 313.9643
    },
    "throughput_tps": {
      "n": 3,
      "mean": 22.3248,
      "median": 22.4374,
      "p50": 22.4374,
      "p95": 22.4522,
      "std": 0.1711,
      "min": 22.083,
      "max": 22.4538
    },
    "memory_gb": {
      "n": 3,
      "mean": 24.8205,
      "median": 24.8205,
      "p50": 24.8205,
      "p95": 24.8205,
      "std": 0.0,
      "min": 24.8205,
      "max": 24.8205
    },
    "prompt_tps": {
      "n": 3,
      "mean": 1648.9368,
      "median": 1639.9297,
      "p50": 1639.9297,
      "p95": 1672.5029,
      "std": 19.5842,
      "min": 1630.7585,
      "max": 1676.1221
    }
  },
  "warmup_policy": {
    "warmup_trials": 1,
    "warmup_discarded": true,
    "measured_trials_field": "num_trials",
    "description": "One full generate before timed trials; trials use seed+trial."
  }
}
