{
  "timestamp": "2026-05-25T04:57:17.267088+00:00",
  "hardware": "Mac M5 Max",
  "model_preset": "mistral-nemo-12b",
  "configuration": "w4",
  "weight_bits": 4,
  "optimizations": {
    "weight_bits": 4,
    "kv_cache": false,
    "prefill": false
  },
  "model_repo": "mlx-community/Mistral-Nemo-Instruct-2407-4bit",
  "kv_bits": null,
  "prefill_step_size": 512,
  "prompt_tokens": 512,
  "generation_tokens": 128,
  "num_trials": 3,
  "memory_gb": 7.479,
  "ttft_ms": 250.1909,
  "throughput_tps": 73.9837,
  "prompt_tps": 2046.4372,
  "mlx_version": "0.31.2",
  "mlx_lm_version": "0.29.1",
  "platform": "macOS-26.4.1-arm64-arm-64bit-Mach-O",
  "status": "ok",
  "error": null,
  "article_id": 4,
  "run_label": null,
  "benchmark_mode": "standard",
  "draft_model_repo": null,
  "draft_preset": "qwen-0.5b",
  "num_draft_tokens": null,
  "draft_accept_rate": null,
  "prefix_cache_cold_ttft_ms": null,
  "prefix_cache_warm_ttft_ms": null,
  "prefix_system_tokens": null,
  "workload": null,
  "schema_version": 1,
  "trials": {
    "ttft_ms": [
      249.46300010196862,
      250.190916005522,
      256.86245784163475
    ],
    "throughput_tps": [
      73.16033548328114,
      73.98372624200528,
      74.22166372341134
    ],
    "memory_gb": [
      7.479013484,
      7.479013484,
      7.479013484
    ],
    "prompt_tps": [
      2052.4085727772003,
      2046.4372095296198,
      1993.2846718910828
    ]
  },
  "stats": {
    "ttft_ms": {
      "n": 3,
      "mean": 252.1721,
      "median": 250.1909,
      "p50": 250.1909,
      "p95": 256.1953,
      "std": 3.3299,
      "min": 249.463,
      "max": 256.8625
    },
    "throughput_tps": {
      "n": 3,
      "mean": 73.7886,
      "median": 73.9837,
      "p50": 73.9837,
      "p95": 74.1979,
      "std": 0.4547,
      "min": 73.1603,
      "max": 74.2217
    },
    "memory_gb": {
      "n": 3,
      "mean": 7.479,
      "median": 7.479,
      "p50": 7.479,
      "p95": 7.479,
      "std": 0.0,
      "min": 7.479,
      "max": 7.479
    },
    "prompt_tps": {
      "n": 3,
      "mean": 2030.7102,
      "median": 2046.4372,
      "p50": 2046.4372,
      "p95": 2051.8114,
      "std": 26.5759,
      "min": 1993.2847,
      "max": 2052.4086
    }
  },
  "warmup_policy": {
    "warmup_trials": 1,
    "warmup_discarded": true,
    "measured_trials_field": "num_trials",
    "description": "One full generate before timed trials; trials use seed+trial."
  }
}
