{
  "timestamp": "2026-05-25T04:57:01.510068+00:00",
  "hardware": "Mac M5 Max",
  "model_preset": "mistral-nemo-12b",
  "configuration": "w8",
  "weight_bits": 8,
  "optimizations": {
    "weight_bits": 8,
    "kv_cache": false,
    "prefill": false
  },
  "model_repo": "mlx-community/Mistral-Nemo-Instruct-2407-8bit",
  "kv_bits": null,
  "prefill_step_size": 512,
  "prompt_tokens": 512,
  "generation_tokens": 128,
  "num_trials": 3,
  "memory_gb": 13.4822,
  "ttft_ms": 718.0035,
  "throughput_tps": 39.4824,
  "prompt_tps": 713.0885,
  "mlx_version": "0.31.2",
  "mlx_lm_version": "0.29.1",
  "platform": "macOS-26.4.1-arm64-arm-64bit-Mach-O",
  "status": "ok",
  "error": null,
  "article_id": 4,
  "run_label": null,
  "benchmark_mode": "standard",
  "draft_model_repo": null,
  "draft_preset": "qwen-0.5b",
  "num_draft_tokens": null,
  "draft_accept_rate": null,
  "prefix_cache_cold_ttft_ms": null,
  "prefix_cache_warm_ttft_ms": null,
  "prefix_system_tokens": null,
  "workload": null,
  "schema_version": 1,
  "trials": {
    "ttft_ms": [
      718.0034590419382,
      722.8714588563889,
      675.3302079159766
    ],
    "throughput_tps": [
      39.69294970506544,
      39.48239353460024,
      38.5735050726945
    ],
    "memory_gb": [
      13.482192992,
      13.482192992,
      13.482192992
    ],
    "prompt_tps": [
      713.0884866253748,
      708.2863678281117,
      758.1476350361957
    ]
  },
  "stats": {
    "ttft_ms": {
      "n": 3,
      "mean": 705.4017,
      "median": 718.0035,
      "p50": 718.0035,
      "p95": 722.3847,
      "std": 21.3564,
      "min": 675.3302,
      "max": 722.8715
    },
    "throughput_tps": {
      "n": 3,
      "mean": 39.2496,
      "median": 39.4824,
      "p50": 39.4824,
      "p95": 39.6719,
      "std": 0.4857,
      "min": 38.5735,
      "max": 39.6929
    },
    "memory_gb": {
      "n": 3,
      "mean": 13.4822,
      "median": 13.4822,
      "p50": 13.4822,
      "p95": 13.4822,
      "std": 0.0,
      "min": 13.4822,
      "max": 13.4822
    },
    "prompt_tps": {
      "n": 3,
      "mean": 726.5075,
      "median": 713.0885,
      "p50": 713.0885,
      "p95": 753.6417,
      "std": 22.4587,
      "min": 708.2864,
      "max": 758.1476
    }
  },
  "warmup_policy": {
    "warmup_trials": 1,
    "warmup_discarded": true,
    "measured_trials_field": "num_trials",
    "description": "One full generate before timed trials; trials use seed+trial."
  }
}
