{
  "timestamp": "2026-05-23T14:40:51.935265+00:00",
  "hardware": "Mac M5 Max",
  "model_preset": "gemma-2-2b",
  "configuration": "fp16",
  "weight_bits": 16,
  "optimizations": {
    "weight_bits": 16,
    "kv_cache": false,
    "prefill": false
  },
  "model_repo": "mlx-community/gemma-2-2b-it-8bit",
  "kv_bits": null,
  "prefill_step_size": 512,
  "prompt_tokens": 512,
  "generation_tokens": 128,
  "num_trials": 3,
  "memory_gb": 3.4275,
  "ttft_ms": 79.7768,
  "throughput_tps": 147.0474,
  "prompt_tps": 6417.9066,
  "mlx_version": "0.31.2",
  "mlx_lm_version": "0.29.1",
  "platform": "macOS-26.4.1-arm64-arm-64bit-Mach-O",
  "status": "ok",
  "error": null,
  "article_id": 5,
  "run_label": null,
  "benchmark_mode": "standard",
  "draft_model_repo": null,
  "draft_preset": "qwen-0.5b",
  "num_draft_tokens": null,
  "draft_accept_rate": null,
  "prefix_cache_cold_ttft_ms": null,
  "prefix_cache_warm_ttft_ms": null,
  "prefix_system_tokens": null,
  "workload": null,
  "schema_version": 1,
  "trials": {
    "ttft_ms": [
      80.33162518404424,
      79.26962501369417,
      79.77679185569286
    ],
    "throughput_tps": [
      147.35174810088395,
      146.73648172582054,
      147.04741283057692
    ],
    "memory_gb": [
      3.427517292,
      3.427517292,
      3.427517292
    ],
    "prompt_tps": [
      6373.579506539042,
      6458.968361608243,
      6417.9066128172935
    ]
  },
  "stats": {
    "ttft_ms": {
      "n": 3,
      "mean": 79.7927,
      "median": 79.7768,
      "p50": 79.7768,
      "p95": 80.2761,
      "std": 0.4337,
      "min": 79.2696,
      "max": 80.3316
    },
    "throughput_tps": {
      "n": 3,
      "mean": 147.0452,
      "median": 147.0474,
      "p50": 147.0474,
      "p95": 147.3213,
      "std": 0.2512,
      "min": 146.7365,
      "max": 147.3517
    },
    "memory_gb": {
      "n": 3,
      "mean": 3.4275,
      "median": 3.4275,
      "p50": 3.4275,
      "p95": 3.4275,
      "std": 0.0,
      "min": 3.4275,
      "max": 3.4275
    },
    "prompt_tps": {
      "n": 3,
      "mean": 6416.8182,
      "median": 6417.9066,
      "p50": 6417.9066,
      "p95": 6454.8622,
      "std": 34.8683,
      "min": 6373.5795,
      "max": 6458.9684
    }
  },
  "warmup_policy": {
    "warmup_trials": 1,
    "warmup_discarded": true,
    "measured_trials_field": "num_trials",
    "description": "One full generate before timed trials; trials use seed+trial."
  }
}
