{
  "timestamp": "2026-05-23T14:41:09.978236+00:00",
  "hardware": "Mac M5 Max",
  "model_preset": "gemma-2-2b",
  "configuration": "fp16+prefill",
  "weight_bits": 16,
  "optimizations": {
    "weight_bits": 16,
    "kv_cache": false,
    "prefill": true
  },
  "model_repo": "mlx-community/gemma-2-2b-it-8bit",
  "kv_bits": null,
  "prefill_step_size": 2048,
  "prompt_tokens": 512,
  "generation_tokens": 128,
  "num_trials": 3,
  "memory_gb": 3.4275,
  "ttft_ms": 79.8629,
  "throughput_tps": 148.0846,
  "prompt_tps": 6410.9855,
  "mlx_version": "0.31.2",
  "mlx_lm_version": "0.29.1",
  "platform": "macOS-26.4.1-arm64-arm-64bit-Mach-O",
  "status": "ok",
  "error": null,
  "article_id": 5,
  "run_label": null,
  "benchmark_mode": "standard",
  "draft_model_repo": null,
  "draft_preset": "qwen-0.5b",
  "num_draft_tokens": null,
  "draft_accept_rate": null,
  "prefix_cache_cold_ttft_ms": null,
  "prefix_cache_warm_ttft_ms": null,
  "prefix_system_tokens": null,
  "workload": null,
  "schema_version": 1,
  "trials": {
    "ttft_ms": [
      79.50670784339309,
      79.94062500074506,
      79.862916842103
    ],
    "throughput_tps": [
      147.64938288019437,
      148.08461079716253,
      148.1390609145141
    ],
    "memory_gb": [
      3.427517292,
      3.427517292,
      3.427517292
    ],
    "prompt_tps": [
      6439.708219443607,
      6404.753527949376,
      6410.985476679688
    ]
  },
  "stats": {
    "ttft_ms": {
      "n": 3,
      "mean": 79.7701,
      "median": 79.8629,
      "p50": 79.8629,
      "p95": 79.9329,
      "std": 0.1889,
      "min": 79.5067,
      "max": 79.9406
    },
    "throughput_tps": {
      "n": 3,
      "mean": 147.9577,
      "median": 148.0846,
      "p50": 148.0846,
      "p95": 148.1336,
      "std": 0.2191,
      "min": 147.6494,
      "max": 148.1391
    },
    "memory_gb": {
      "n": 3,
      "mean": 3.4275,
      "median": 3.4275,
      "p50": 3.4275,
      "p95": 3.4275,
      "std": 0.0,
      "min": 3.4275,
      "max": 3.4275
    },
    "prompt_tps": {
      "n": 3,
      "mean": 6418.4824,
      "median": 6410.9855,
      "p50": 6410.9855,
      "p95": 6436.8359,
      "std": 15.223,
      "min": 6404.7535,
      "max": 6439.7082
    }
  },
  "warmup_policy": {
    "warmup_trials": 1,
    "warmup_discarded": true,
    "measured_trials_field": "num_trials",
    "description": "One full generate before timed trials; trials use seed+trial."
  }
}
