{
  "timestamp": "2026-05-25T05:09:43.727581+00:00",
  "hardware": "Mac M5 Max",
  "model_preset": "gemma-2-2b",
  "configuration": "fp16",
  "weight_bits": 16,
  "optimizations": {
    "weight_bits": 16,
    "kv_cache": false,
    "prefill": false
  },
  "model_repo": "mlx-community/gemma-2-2b-it-8bit",
  "kv_bits": null,
  "prefill_step_size": 512,
  "prompt_tokens": 512,
  "generation_tokens": 128,
  "num_trials": 3,
  "memory_gb": 3.4275,
  "ttft_ms": 81.7327,
  "throughput_tps": 147.2956,
  "prompt_tps": 6264.3251,
  "mlx_version": "0.31.2",
  "mlx_lm_version": "0.29.1",
  "platform": "macOS-26.4.1-arm64-arm-64bit-Mach-O",
  "status": "ok",
  "error": null,
  "article_id": 5,
  "run_label": null,
  "benchmark_mode": "standard",
  "draft_model_repo": null,
  "draft_preset": "qwen-0.5b",
  "num_draft_tokens": null,
  "draft_accept_rate": null,
  "prefix_cache_cold_ttft_ms": null,
  "prefix_cache_warm_ttft_ms": null,
  "prefix_system_tokens": null,
  "workload": null,
  "schema_version": 1,
  "trials": {
    "ttft_ms": [
      81.7326670512557,
      80.03545901738107,
      81.8484160117805
    ],
    "throughput_tps": [
      148.47393725723268,
      147.29562921402177,
      145.20352617362087
    ],
    "memory_gb": [
      3.427517292,
      3.427517292,
      3.427517292
    ],
    "prompt_tps": [
      6264.32512815124,
      6397.164535394373,
      6255.466201402205
    ]
  },
  "stats": {
    "ttft_ms": {
      "n": 3,
      "mean": 81.2055,
      "median": 81.7327,
      "p50": 81.7327,
      "p95": 81.8368,
      "std": 0.8287,
      "min": 80.0355,
      "max": 81.8484
    },
    "throughput_tps": {
      "n": 3,
      "mean": 146.991,
      "median": 147.2956,
      "p50": 147.2956,
      "p95": 148.3561,
      "std": 1.3524,
      "min": 145.2035,
      "max": 148.4739
    },
    "memory_gb": {
      "n": 3,
      "mean": 3.4275,
      "median": 3.4275,
      "p50": 3.4275,
      "p95": 3.4275,
      "std": 0.0,
      "min": 3.4275,
      "max": 3.4275
    },
    "prompt_tps": {
      "n": 3,
      "mean": 6305.652,
      "median": 6264.3251,
      "p50": 6264.3251,
      "p95": 6383.8806,
      "std": 64.8102,
      "min": 6255.4662,
      "max": 6397.1645
    }
  },
  "warmup_policy": {
    "warmup_trials": 1,
    "warmup_discarded": true,
    "measured_trials_field": "num_trials",
    "description": "One full generate before timed trials; trials use seed+trial."
  }
}
