{
  "timestamp": "2026-05-25T05:10:02.265825+00:00",
  "hardware": "Mac M5 Max",
  "model_preset": "gemma-2-2b",
  "configuration": "fp16+prefill",
  "weight_bits": 16,
  "optimizations": {
    "weight_bits": 16,
    "kv_cache": false,
    "prefill": true
  },
  "model_repo": "mlx-community/gemma-2-2b-it-8bit",
  "kv_bits": null,
  "prefill_step_size": 2048,
  "prompt_tokens": 512,
  "generation_tokens": 128,
  "num_trials": 3,
  "memory_gb": 3.4275,
  "ttft_ms": 82.0542,
  "throughput_tps": 146.6766,
  "prompt_tps": 6239.7775,
  "mlx_version": "0.31.2",
  "mlx_lm_version": "0.29.1",
  "platform": "macOS-26.4.1-arm64-arm-64bit-Mach-O",
  "status": "ok",
  "error": null,
  "article_id": 5,
  "run_label": null,
  "benchmark_mode": "standard",
  "draft_model_repo": null,
  "draft_preset": "qwen-0.5b",
  "num_draft_tokens": null,
  "draft_accept_rate": null,
  "prefix_cache_cold_ttft_ms": null,
  "prefix_cache_warm_ttft_ms": null,
  "prefix_system_tokens": null,
  "workload": null,
  "schema_version": 1,
  "trials": {
    "ttft_ms": [
      79.90387501195073,
      82.05420803278685,
      95.6682909745723
    ],
    "throughput_tps": [
      147.91937114781908,
      146.67663550883225,
      115.20101814335386
    ],
    "memory_gb": [
      3.427517292,
      3.427517292,
      3.427517292
    ],
    "prompt_tps": [
      6407.699250173077,
      6239.777487041461,
      5351.825508580316
    ]
  },
  "stats": {
    "ttft_ms": {
      "n": 3,
      "mean": 85.8755,
      "median": 82.0542,
      "p50": 82.0542,
      "p95": 94.3069,
      "std": 6.98,
      "min": 79.9039,
      "max": 95.6683
    },
    "throughput_tps": {
      "n": 3,
      "mean": 136.599,
      "median": 146.6766,
      "p50": 146.6766,
      "p95": 147.7951,
      "std": 15.1392,
      "min": 115.201,
      "max": 147.9194
    },
    "memory_gb": {
      "n": 3,
      "mean": 3.4275,
      "median": 3.4275,
      "p50": 3.4275,
      "p95": 3.4275,
      "std": 0.0,
      "min": 3.4275,
      "max": 3.4275
    },
    "prompt_tps": {
      "n": 3,
      "mean": 5999.7674,
      "median": 6239.7775,
      "p50": 6239.7775,
      "p95": 6390.9071,
      "std": 463.2645,
      "min": 5351.8255,
      "max": 6407.6993
    }
  },
  "warmup_policy": {
    "warmup_trials": 1,
    "warmup_discarded": true,
    "measured_trials_field": "num_trials",
    "description": "One full generate before timed trials; trials use seed+trial."
  }
}
