{
  "timestamp": "2026-05-23T14:42:19.908300+00:00",
  "hardware": "Mac M5 Max",
  "model_preset": "gemma-2-2b",
  "configuration": "w4+prefill",
  "weight_bits": 4,
  "optimizations": {
    "weight_bits": 4,
    "kv_cache": false,
    "prefill": true
  },
  "model_repo": "mlx-community/gemma-2-2b-it-4bit",
  "kv_bits": null,
  "prefill_step_size": 2048,
  "prompt_tokens": 512,
  "generation_tokens": 128,
  "num_trials": 3,
  "memory_gb": 2.1443,
  "ttft_ms": 75.4656,
  "throughput_tps": 225.4147,
  "prompt_tps": 6784.546,
  "mlx_version": "0.31.2",
  "mlx_lm_version": "0.29.1",
  "platform": "macOS-26.4.1-arm64-arm-64bit-Mach-O",
  "status": "ok",
  "error": null,
  "article_id": 5,
  "run_label": null,
  "benchmark_mode": "standard",
  "draft_model_repo": null,
  "draft_preset": "qwen-0.5b",
  "num_draft_tokens": null,
  "draft_accept_rate": null,
  "prefix_cache_cold_ttft_ms": null,
  "prefix_cache_warm_ttft_ms": null,
  "prefix_system_tokens": null,
  "workload": null,
  "schema_version": 1,
  "trials": {
    "ttft_ms": [
      77.83116609789431,
      75.15133288688958,
      75.4656249191612
    ],
    "throughput_tps": [
      221.37196443979576,
      225.82078343086536,
      225.41468385868546
    ],
    "memory_gb": [
      2.144273242,
      2.144273242,
      2.144273242
    ],
    "prompt_tps": [
      6578.341629316176,
      6812.919749149522,
      6784.545951199033
    ]
  },
  "stats": {
    "ttft_ms": {
      "n": 3,
      "mean": 76.1494,
      "median": 75.4656,
      "p50": 75.4656,
      "p95": 77.5946,
      "std": 1.1961,
      "min": 75.1513,
      "max": 77.8312
    },
    "throughput_tps": {
      "n": 3,
      "mean": 224.2025,
      "median": 225.4147,
      "p50": 225.4147,
      "p95": 225.7802,
      "std": 2.0083,
      "min": 221.372,
      "max": 225.8208
    },
    "memory_gb": {
      "n": 3,
      "mean": 2.1443,
      "median": 2.1443,
      "p50": 2.1443,
      "p95": 2.1443,
      "std": 0.0,
      "min": 2.1443,
      "max": 2.1443
    },
    "prompt_tps": {
      "n": 3,
      "mean": 6725.2691,
      "median": 6784.546,
      "p50": 6784.546,
      "p95": 6810.0824,
      "std": 104.5372,
      "min": 6578.3416,
      "max": 6812.9197
    }
  },
  "warmup_policy": {
    "warmup_trials": 1,
    "warmup_discarded": true,
    "measured_trials_field": "num_trials",
    "description": "One full generate before timed trials; trials use seed+trial."
  }
}
