{
  "timestamp": "2026-05-25T05:11:16.970721+00:00",
  "hardware": "Mac M5 Max",
  "model_preset": "gemma-2-2b",
  "configuration": "w4+prefill",
  "weight_bits": 4,
  "optimizations": {
    "weight_bits": 4,
    "kv_cache": false,
    "prefill": true
  },
  "model_repo": "mlx-community/gemma-2-2b-it-4bit",
  "kv_bits": null,
  "prefill_step_size": 2048,
  "prompt_tokens": 512,
  "generation_tokens": 128,
  "num_trials": 3,
  "memory_gb": 2.1443,
  "ttft_ms": 163.1692,
  "throughput_tps": 127.6272,
  "prompt_tps": 3137.8469,
  "mlx_version": "0.31.2",
  "mlx_lm_version": "0.29.1",
  "platform": "macOS-26.4.1-arm64-arm-64bit-Mach-O",
  "status": "ok",
  "error": null,
  "article_id": 5,
  "run_label": null,
  "benchmark_mode": "standard",
  "draft_model_repo": null,
  "draft_preset": "qwen-0.5b",
  "num_draft_tokens": null,
  "draft_accept_rate": null,
  "prefix_cache_cold_ttft_ms": null,
  "prefix_cache_warm_ttft_ms": null,
  "prefix_system_tokens": null,
  "workload": null,
  "schema_version": 1,
  "trials": {
    "ttft_ms": [
      91.4139999076724,
      288.32233301363885,
      163.16920798271894
    ],
    "throughput_tps": [
      127.62721150792684,
      100.44127129931626,
      144.73804426769914
    ],
    "memory_gb": [
      2.144273242,
      2.144273242,
      2.144273242
    ],
    "prompt_tps": [
      5600.892647921729,
      1775.7902922344217,
      3137.846940178966
    ]
  },
  "stats": {
    "ttft_ms": {
      "n": 3,
      "mean": 180.9685,
      "median": 163.1692,
      "p50": 163.1692,
      "p95": 275.807,
      "std": 81.3668,
      "min": 91.414,
      "max": 288.3223
    },
    "throughput_tps": {
      "n": 3,
      "mean": 124.2688,
      "median": 127.6272,
      "p50": 127.6272,
      "p95": 143.027,
      "std": 18.2393,
      "min": 100.4413,
      "max": 144.738
    },
    "memory_gb": {
      "n": 3,
      "mean": 2.1443,
      "median": 2.1443,
      "p50": 2.1443,
      "p95": 2.1443,
      "std": 0.0,
      "min": 2.1443,
      "max": 2.1443
    },
    "prompt_tps": {
      "n": 3,
      "mean": 3504.8433,
      "median": 3137.8469,
      "p50": 3137.8469,
      "p95": 5354.5881,
      "std": 1583.007,
      "min": 1775.7903,
      "max": 5600.8926
    }
  },
  "warmup_policy": {
    "warmup_trials": 1,
    "warmup_discarded": true,
    "measured_trials_field": "num_trials",
    "description": "One full generate before timed trials; trials use seed+trial."
  }
}
