{
  "timestamp": "2026-05-25T05:10:57.854817+00:00",
  "hardware": "Mac M5 Max",
  "model_preset": "gemma-2-2b",
  "configuration": "w4",
  "weight_bits": 4,
  "optimizations": {
    "weight_bits": 4,
    "kv_cache": false,
    "prefill": false
  },
  "model_repo": "mlx-community/gemma-2-2b-it-4bit",
  "kv_bits": null,
  "prefill_step_size": 512,
  "prompt_tokens": 512,
  "generation_tokens": 128,
  "num_trials": 3,
  "memory_gb": 2.1443,
  "ttft_ms": 77.7376,
  "throughput_tps": 226.4601,
  "prompt_tps": 6586.2608,
  "mlx_version": "0.31.2",
  "mlx_lm_version": "0.29.1",
  "platform": "macOS-26.4.1-arm64-arm-64bit-Mach-O",
  "status": "ok",
  "error": null,
  "article_id": 5,
  "run_label": null,
  "benchmark_mode": "standard",
  "draft_model_repo": null,
  "draft_preset": "qwen-0.5b",
  "num_draft_tokens": null,
  "draft_accept_rate": null,
  "prefix_cache_cold_ttft_ms": null,
  "prefix_cache_warm_ttft_ms": null,
  "prefix_system_tokens": null,
  "workload": null,
  "schema_version": 1,
  "trials": {
    "ttft_ms": [
      77.73758401162922,
      87.16608281247318,
      75.00270917080343
    ],
    "throughput_tps": [
      226.72950435735123,
      225.9798731895588,
      226.46009260210548
    ],
    "memory_gb": [
      2.144273242,
      2.144273242,
      2.144273242
    ],
    "prompt_tps": [
      6586.26077089567,
      5873.844315127747,
      6826.420080827002
    ]
  },
  "stats": {
    "ttft_ms": {
      "n": 3,
      "mean": 79.9688,
      "median": 77.7376,
      "p50": 77.7376,
      "p95": 86.2232,
      "std": 5.2103,
      "min": 75.0027,
      "max": 87.1661
    },
    "throughput_tps": {
      "n": 3,
      "mean": 226.3898,
      "median": 226.4601,
      "p50": 226.4601,
      "p95": 226.7026,
      "std": 0.31,
      "min": 225.9799,
      "max": 226.7295
    },
    "memory_gb": {
      "n": 3,
      "mean": 2.1443,
      "median": 2.1443,
      "p50": 2.1443,
      "p95": 2.1443,
      "std": 0.0,
      "min": 2.1443,
      "max": 2.1443
    },
    "prompt_tps": {
      "n": 3,
      "mean": 6428.8417,
      "median": 6586.2608,
      "p50": 6586.2608,
      "p95": 6802.4041,
      "std": 404.5044,
      "min": 5873.8443,
      "max": 6826.4201
    }
  },
  "warmup_policy": {
    "warmup_trials": 1,
    "warmup_discarded": true,
    "measured_trials_field": "num_trials",
    "description": "One full generate before timed trials; trials use seed+trial."
  }
}
