{
  "timestamp": "2026-05-23T14:41:46.172757+00:00",
  "hardware": "Mac M5 Max",
  "model_preset": "gemma-2-2b",
  "configuration": "w8+prefill",
  "weight_bits": 8,
  "optimizations": {
    "weight_bits": 8,
    "kv_cache": false,
    "prefill": true
  },
  "model_repo": "mlx-community/gemma-2-2b-it-8bit",
  "kv_bits": null,
  "prefill_step_size": 2048,
  "prompt_tokens": 512,
  "generation_tokens": 128,
  "num_trials": 3,
  "memory_gb": 3.4275,
  "ttft_ms": 80.4076,
  "throughput_tps": 147.8797,
  "prompt_tps": 6367.5553,
  "mlx_version": "0.31.2",
  "mlx_lm_version": "0.29.1",
  "platform": "macOS-26.4.1-arm64-arm-64bit-Mach-O",
  "status": "ok",
  "error": null,
  "article_id": 5,
  "run_label": null,
  "benchmark_mode": "standard",
  "draft_model_repo": null,
  "draft_preset": "qwen-0.5b",
  "num_draft_tokens": null,
  "draft_accept_rate": null,
  "prefix_cache_cold_ttft_ms": null,
  "prefix_cache_warm_ttft_ms": null,
  "prefix_system_tokens": null,
  "workload": null,
  "schema_version": 1,
  "trials": {
    "ttft_ms": [
      81.12025004811585,
      80.4076250642538,
      79.93787503801286
    ],
    "throughput_tps": [
      147.68559802541776,
      147.95415096644035,
      147.87968831837327
    ],
    "memory_gb": [
      3.427517292,
      3.427517292,
      3.427517292
    ],
    "prompt_tps": [
      6311.617625639851,
      6367.555310716618,
      6404.973859469352
    ]
  },
  "stats": {
    "ttft_ms": {
      "n": 3,
      "mean": 80.4886,
      "median": 80.4076,
      "p50": 80.4076,
      "p95": 81.049,
      "std": 0.4861,
      "min": 79.9379,
      "max": 81.1203
    },
    "throughput_tps": {
      "n": 3,
      "mean": 147.8398,
      "median": 147.8797,
      "p50": 147.8797,
      "p95": 147.9467,
      "std": 0.1132,
      "min": 147.6856,
      "max": 147.9542
    },
    "memory_gb": {
      "n": 3,
      "mean": 3.4275,
      "median": 3.4275,
      "p50": 3.4275,
      "p95": 3.4275,
      "std": 0.0,
      "min": 3.4275,
      "max": 3.4275
    },
    "prompt_tps": {
      "n": 3,
      "mean": 6361.3823,
      "median": 6367.5553,
      "p50": 6367.5553,
      "p95": 6401.232,
      "std": 38.3617,
      "min": 6311.6176,
      "max": 6404.9739
    }
  },
  "warmup_policy": {
    "warmup_trials": 1,
    "warmup_discarded": true,
    "measured_trials_field": "num_trials",
    "description": "One full generate before timed trials; trials use seed+trial."
  }
}
