{
  "timestamp": "2026-05-25T05:10:40.250233+00:00",
  "hardware": "Mac M5 Max",
  "model_preset": "gemma-2-2b",
  "configuration": "w8+prefill",
  "weight_bits": 8,
  "optimizations": {
    "weight_bits": 8,
    "kv_cache": false,
    "prefill": true
  },
  "model_repo": "mlx-community/gemma-2-2b-it-8bit",
  "kv_bits": null,
  "prefill_step_size": 2048,
  "prompt_tokens": 512,
  "generation_tokens": 128,
  "num_trials": 3,
  "memory_gb": 3.4275,
  "ttft_ms": 80.2249,
  "throughput_tps": 147.8687,
  "prompt_tps": 6382.0604,
  "mlx_version": "0.31.2",
  "mlx_lm_version": "0.29.1",
  "platform": "macOS-26.4.1-arm64-arm-64bit-Mach-O",
  "status": "ok",
  "error": null,
  "article_id": 5,
  "run_label": null,
  "benchmark_mode": "standard",
  "draft_model_repo": null,
  "draft_preset": "qwen-0.5b",
  "num_draft_tokens": null,
  "draft_accept_rate": null,
  "prefix_cache_cold_ttft_ms": null,
  "prefix_cache_warm_ttft_ms": null,
  "prefix_system_tokens": null,
  "workload": null,
  "schema_version": 1,
  "trials": {
    "ttft_ms": [
      70.61249995604157,
      80.22487512789667,
      80.86024993099272
    ],
    "throughput_tps": [
      147.63854024837426,
      148.30208605852957,
      147.86865517258886
    ],
    "memory_gb": [
      3.427517292,
      3.427517292,
      3.427517292
    ],
    "prompt_tps": [
      7250.84086130268,
      6382.060416843974,
      6331.91216248958
    ]
  },
  "stats": {
    "ttft_ms": {
      "n": 3,
      "mean": 77.2325,
      "median": 80.2249,
      "p50": 80.2249,
      "p95": 80.7967,
      "std": 4.6883,
      "min": 70.6125,
      "max": 80.8602
    },
    "throughput_tps": {
      "n": 3,
      "mean": 147.9364,
      "median": 147.8687,
      "p50": 147.8687,
      "p95": 148.2587,
      "std": 0.2751,
      "min": 147.6385,
      "max": 148.3021
    },
    "memory_gb": {
      "n": 3,
      "mean": 3.4275,
      "median": 3.4275,
      "p50": 3.4275,
      "p95": 3.4275,
      "std": 0.0,
      "min": 3.4275,
      "max": 3.4275
    },
    "prompt_tps": {
      "n": 3,
      "mean": 6654.9378,
      "median": 6382.0604,
      "p50": 6382.0604,
      "p95": 7163.9628,
      "std": 421.8642,
      "min": 6331.9122,
      "max": 7250.8409
    }
  },
  "warmup_policy": {
    "warmup_trials": 1,
    "warmup_discarded": true,
    "measured_trials_field": "num_trials",
    "description": "One full generate before timed trials; trials use seed+trial."
  }
}
