{
  "timestamp": "2026-05-23T14:41:28.092347+00:00",
  "hardware": "Mac M5 Max",
  "model_preset": "gemma-2-2b",
  "configuration": "w8",
  "weight_bits": 8,
  "optimizations": {
    "weight_bits": 8,
    "kv_cache": false,
    "prefill": false
  },
  "model_repo": "mlx-community/gemma-2-2b-it-8bit",
  "kv_bits": null,
  "prefill_step_size": 512,
  "prompt_tokens": 512,
  "generation_tokens": 128,
  "num_trials": 3,
  "memory_gb": 3.4275,
  "ttft_ms": 79.8753,
  "throughput_tps": 147.5492,
  "prompt_tps": 6409.9956,
  "mlx_version": "0.31.2",
  "mlx_lm_version": "0.29.1",
  "platform": "macOS-26.4.1-arm64-arm-64bit-Mach-O",
  "status": "ok",
  "error": null,
  "article_id": 5,
  "run_label": null,
  "benchmark_mode": "standard",
  "draft_model_repo": null,
  "draft_preset": "qwen-0.5b",
  "num_draft_tokens": null,
  "draft_accept_rate": null,
  "prefix_cache_cold_ttft_ms": null,
  "prefix_cache_warm_ttft_ms": null,
  "prefix_system_tokens": null,
  "workload": null,
  "schema_version": 1,
  "trials": {
    "ttft_ms": [
      78.962333034724,
      80.26487496681511,
      79.875250114128
    ],
    "throughput_tps": [
      147.2910599240839,
      147.54916374524694,
      147.68001756636238
    ],
    "memory_gb": [
      3.427517292,
      3.427517292,
      3.427517292
    ],
    "prompt_tps": [
      6484.104259873451,
      6378.879929878199,
      6409.995577709492
    ]
  },
  "stats": {
    "ttft_ms": {
      "n": 3,
      "mean": 79.7008,
      "median": 79.8753,
      "p50": 79.8753,
      "p95": 80.2259,
      "std": 0.5459,
      "min": 78.9623,
      "max": 80.2649
    },
    "throughput_tps": {
      "n": 3,
      "mean": 147.5067,
      "median": 147.5492,
      "p50": 147.5492,
      "p95": 147.6669,
      "std": 0.1616,
      "min": 147.2911,
      "max": 147.68
    },
    "memory_gb": {
      "n": 3,
      "mean": 3.4275,
      "median": 3.4275,
      "p50": 3.4275,
      "p95": 3.4275,
      "std": 0.0,
      "min": 3.4275,
      "max": 3.4275
    },
    "prompt_tps": {
      "n": 3,
      "mean": 6424.3266,
      "median": 6409.9956,
      "p50": 6409.9956,
      "p95": 6476.6934,
      "std": 44.1367,
      "min": 6378.8799,
      "max": 6484.1043
    }
  },
  "warmup_policy": {
    "warmup_trials": 1,
    "warmup_discarded": true,
    "measured_trials_field": "num_trials",
    "description": "One full generate before timed trials; trials use seed+trial."
  }
}
