{
  "timestamp": "2026-05-25T05:10:21.333671+00:00",
  "hardware": "Mac M5 Max",
  "model_preset": "gemma-2-2b",
  "configuration": "w8",
  "weight_bits": 8,
  "optimizations": {
    "weight_bits": 8,
    "kv_cache": false,
    "prefill": false
  },
  "model_repo": "mlx-community/gemma-2-2b-it-8bit",
  "kv_bits": null,
  "prefill_step_size": 512,
  "prompt_tokens": 512,
  "generation_tokens": 128,
  "num_trials": 3,
  "memory_gb": 3.4275,
  "ttft_ms": 79.8027,
  "throughput_tps": 148.8513,
  "prompt_tps": 6415.8223,
  "mlx_version": "0.31.2",
  "mlx_lm_version": "0.29.1",
  "platform": "macOS-26.4.1-arm64-arm-64bit-Mach-O",
  "status": "ok",
  "error": null,
  "article_id": 5,
  "run_label": null,
  "benchmark_mode": "standard",
  "draft_model_repo": null,
  "draft_preset": "qwen-0.5b",
  "num_draft_tokens": null,
  "draft_accept_rate": null,
  "prefix_cache_cold_ttft_ms": null,
  "prefix_cache_warm_ttft_ms": null,
  "prefix_system_tokens": null,
  "workload": null,
  "schema_version": 1,
  "trials": {
    "ttft_ms": [
      79.8027089331299,
      79.76495800539851,
      80.34962508827448
    ],
    "throughput_tps": [
      148.85649415960566,
      147.91460623722955,
      148.8512795592338
    ],
    "memory_gb": [
      3.427517292,
      3.427517292,
      3.427517292
    ],
    "prompt_tps": [
      6415.822305343377,
      6418.858767096044,
      6372.151698747836
    ]
  },
  "stats": {
    "ttft_ms": {
      "n": 3,
      "mean": 79.9724,
      "median": 79.8027,
      "p50": 79.8027,
      "p95": 80.2949,
      "std": 0.2672,
      "min": 79.765,
      "max": 80.3496
    },
    "throughput_tps": {
      "n": 3,
      "mean": 148.5408,
      "median": 148.8513,
      "p50": 148.8513,
      "p95": 148.856,
      "std": 0.4428,
      "min": 147.9146,
      "max": 148.8565
    },
    "memory_gb": {
      "n": 3,
      "mean": 3.4275,
      "median": 3.4275,
      "p50": 3.4275,
      "p95": 3.4275,
      "std": 0.0,
      "min": 3.4275,
      "max": 3.4275
    },
    "prompt_tps": {
      "n": 3,
      "mean": 6402.2776,
      "median": 6415.8223,
      "p50": 6415.8223,
      "p95": 6418.5551,
      "std": 21.3383,
      "min": 6372.1517,
      "max": 6418.8588
    }
  },
  "warmup_policy": {
    "warmup_trials": 1,
    "warmup_discarded": true,
    "measured_trials_field": "num_trials",
    "description": "One full generate before timed trials; trials use seed+trial."
  }
}
