{
  "timestamp": "2026-05-20T16:04:18.002591+00:00",
  "hardware": "Mac M3",
  "model_preset": "qwen-0.5b",
  "configuration": "w4",
  "weight_bits": 4,
  "optimizations": {
    "weight_bits": 4,
    "kv_cache": false,
    "prefill": false
  },
  "model_repo": "mlx-community/Qwen2.5-0.5B-Instruct-4bit",
  "kv_bits": null,
  "prefill_step_size": 512,
  "prompt_tokens": 512,
  "generation_tokens": 128,
  "num_trials": 3,
  "memory_gb": 0.6419,
  "ttft_ms": 146.526,
  "throughput_tps": 215.1804,
  "prompt_tps": 3494.2614,
  "mlx_version": "0.31.2",
  "mlx_lm_version": "0.31.3",
  "platform": "macOS-26.3.1-arm64-arm-64bit-Mach-O",
  "status": "ok",
  "error": null,
  "article_id": 1,
  "run_label": null,
  "benchmark_mode": "standard",
  "draft_model_repo": null,
  "draft_preset": "qwen-0.5b",
  "num_draft_tokens": null,
  "draft_accept_rate": null,
  "prefix_cache_cold_ttft_ms": null,
  "prefix_cache_warm_ttft_ms": null,
  "prefix_system_tokens": null,
  "workload": null,
  "schema_version": 1,
  "trials": {
    "ttft_ms": [
      146.95591712370515,
      146.52595901861787,
      145.12875000946224
    ],
    "throughput_tps": [
      215.64556305079262,
      215.1296208755159,
      215.18035760779514
    ],
    "memory_gb": [
      0.641873944,
      0.641873944,
      0.641873944
    ],
    "prompt_tps": [
      3484.0380028318737,
      3494.261381595491,
      3527.9019489013594
    ]
  },
  "stats": {
    "ttft_ms": {
      "n": 3,
      "mean": 146.2035,
      "median": 146.526,
      "p50": 146.526,
      "p95": 146.9129,
      "std": 0.78,
      "min": 145.1288,
      "max": 146.9559
    },
    "throughput_tps": {
      "n": 3,
      "mean": 215.3185,
      "median": 215.1804,
      "p50": 215.1804,
      "p95": 215.599,
      "std": 0.2322,
      "min": 215.1296,
      "max": 215.6456
    },
    "memory_gb": {
      "n": 3,
      "mean": 0.6419,
      "median": 0.6419,
      "p50": 0.6419,
      "p95": 0.6419,
      "std": 0.0,
      "min": 0.6419,
      "max": 0.6419
    },
    "prompt_tps": {
      "n": 3,
      "mean": 3502.0671,
      "median": 3494.2614,
      "p50": 3494.2614,
      "p95": 3524.5379,
      "std": 18.7387,
      "min": 3484.038,
      "max": 3527.9019
    }
  },
  "warmup_policy": {
    "warmup_trials": 1,
    "warmup_discarded": true,
    "measured_trials_field": "num_trials",
    "description": "One full generate before timed trials; trials use seed+trial."
  }
}
