{
  "timestamp": "2026-05-25T05:17:50.928864+00:00",
  "hardware": "Mac M5 Max",
  "model_preset": "phi-3-mini",
  "configuration": "fp16+prefill",
  "weight_bits": 16,
  "optimizations": {
    "weight_bits": 16,
    "kv_cache": false,
    "prefill": true
  },
  "model_repo": "mlx-community/Phi-3-mini-4k-instruct-8bit",
  "kv_bits": null,
  "prefill_step_size": 2048,
  "prompt_tokens": 512,
  "generation_tokens": 128,
  "num_trials": 3,
  "memory_gb": 4.8373,
  "ttft_ms": 108.3499,
  "throughput_tps": 112.7653,
  "prompt_tps": 4725.4305,
  "mlx_version": "0.31.2",
  "mlx_lm_version": "0.29.1",
  "platform": "macOS-26.4.1-arm64-arm-64bit-Mach-O",
  "status": "ok",
  "error": null,
  "article_id": 5,
  "run_label": null,
  "benchmark_mode": "standard",
  "draft_model_repo": null,
  "draft_preset": "qwen-0.5b",
  "num_draft_tokens": null,
  "draft_accept_rate": null,
  "prefix_cache_cold_ttft_ms": null,
  "prefix_cache_warm_ttft_ms": null,
  "prefix_system_tokens": null,
  "workload": null,
  "schema_version": 1,
  "trials": {
    "ttft_ms": [
      108.34991605952382,
      109.00995903648436,
      108.07775007560849
    ],
    "throughput_tps": [
      112.16155469558477,
      112.84270871109412,
      112.76525027024196
    ],
    "memory_gb": [
      4.837303388,
      4.837303388,
      4.837303388
    ],
    "prompt_tps": [
      4725.430518273077,
      4696.81857075682,
      4737.3302982511905
    ]
  },
  "stats": {
    "ttft_ms": {
      "n": 3,
      "mean": 108.4792,
      "median": 108.3499,
      "p50": 108.3499,
      "p95": 108.944,
      "std": 0.3914,
      "min": 108.0778,
      "max": 109.01
    },
    "throughput_tps": {
      "n": 3,
      "mean": 112.5898,
      "median": 112.7653,
      "p50": 112.7653,
      "p95": 112.835,
      "std": 0.3045,
      "min": 112.1616,
      "max": 112.8427
    },
    "memory_gb": {
      "n": 3,
      "mean": 4.8373,
      "median": 4.8373,
      "p50": 4.8373,
      "p95": 4.8373,
      "std": 0.0,
      "min": 4.8373,
      "max": 4.8373
    },
    "prompt_tps": {
      "n": 3,
      "mean": 4719.8598,
      "median": 4725.4305,
      "p50": 4725.4305,
      "p95": 4736.1403,
      "std": 17.0015,
      "min": 4696.8186,
      "max": 4737.3303
    }
  },
  "warmup_policy": {
    "warmup_trials": 1,
    "warmup_discarded": true,
    "measured_trials_field": "num_trials",
    "description": "One full generate before timed trials; trials use seed+trial."
  }
}
