{
  "timestamp": "2026-05-25T05:17:32.850876+00:00",
  "hardware": "Mac M5 Max",
  "model_preset": "phi-3-mini",
  "configuration": "fp16",
  "weight_bits": 16,
  "optimizations": {
    "weight_bits": 16,
    "kv_cache": false,
    "prefill": false
  },
  "model_repo": "mlx-community/Phi-3-mini-4k-instruct-8bit",
  "kv_bits": null,
  "prefill_step_size": 512,
  "prompt_tokens": 512,
  "generation_tokens": 128,
  "num_trials": 3,
  "memory_gb": 4.8373,
  "ttft_ms": 107.6003,
  "throughput_tps": 112.7574,
  "prompt_tps": 4758.3533,
  "mlx_version": "0.31.2",
  "mlx_lm_version": "0.29.1",
  "platform": "macOS-26.4.1-arm64-arm-64bit-Mach-O",
  "status": "ok",
  "error": null,
  "article_id": 5,
  "run_label": null,
  "benchmark_mode": "standard",
  "draft_model_repo": null,
  "draft_preset": "qwen-0.5b",
  "num_draft_tokens": null,
  "draft_accept_rate": null,
  "prefix_cache_cold_ttft_ms": null,
  "prefix_cache_warm_ttft_ms": null,
  "prefix_system_tokens": null,
  "workload": null,
  "schema_version": 1,
  "trials": {
    "ttft_ms": [
      108.26383391395211,
      107.57045797072351,
      107.6002500485629
    ],
    "throughput_tps": [
      112.75740255312921,
      113.54887585956243,
      111.16364124271502
    ],
    "memory_gb": [
      4.837303388,
      4.837303388,
      4.837303388
    ],
    "prompt_tps": [
      4729.187776658054,
      4759.671099841803,
      4758.353254466608
    ]
  },
  "stats": {
    "ttft_ms": {
      "n": 3,
      "mean": 107.8115,
      "median": 107.6003,
      "p50": 107.6003,
      "p95": 108.1975,
      "std": 0.3201,
      "min": 107.5705,
      "max": 108.2638
    },
    "throughput_tps": {
      "n": 3,
      "mean": 112.49,
      "median": 112.7574,
      "p50": 112.7574,
      "p95": 113.4697,
      "std": 0.992,
      "min": 111.1636,
      "max": 113.5489
    },
    "memory_gb": {
      "n": 3,
      "mean": 4.8373,
      "median": 4.8373,
      "p50": 4.8373,
      "p95": 4.8373,
      "std": 0.0,
      "min": 4.8373,
      "max": 4.8373
    },
    "prompt_tps": {
      "n": 3,
      "mean": 4749.0707,
      "median": 4758.3533,
      "p50": 4758.3533,
      "p95": 4759.5393,
      "std": 14.0696,
      "min": 4729.1878,
      "max": 4759.6711
    }
  },
  "warmup_policy": {
    "warmup_trials": 1,
    "warmup_discarded": true,
    "measured_trials_field": "num_trials",
    "description": "One full generate before timed trials; trials use seed+trial."
  }
}
