{
  "timestamp": "2026-05-23T14:47:26.074919+00:00",
  "hardware": "Mac M5 Max",
  "model_preset": "phi-3-mini",
  "configuration": "fp16",
  "weight_bits": 16,
  "optimizations": {
    "weight_bits": 16,
    "kv_cache": false,
    "prefill": false
  },
  "model_repo": "mlx-community/Phi-3-mini-4k-instruct-8bit",
  "kv_bits": null,
  "prefill_step_size": 512,
  "prompt_tokens": 512,
  "generation_tokens": 128,
  "num_trials": 3,
  "memory_gb": 4.8373,
  "ttft_ms": 108.7132,
  "throughput_tps": 112.9926,
  "prompt_tps": 4709.6375,
  "mlx_version": "0.31.2",
  "mlx_lm_version": "0.29.1",
  "platform": "macOS-26.4.1-arm64-arm-64bit-Mach-O",
  "status": "ok",
  "error": null,
  "article_id": 5,
  "run_label": null,
  "benchmark_mode": "standard",
  "draft_model_repo": null,
  "draft_preset": "qwen-0.5b",
  "num_draft_tokens": null,
  "draft_accept_rate": null,
  "prefix_cache_cold_ttft_ms": null,
  "prefix_cache_warm_ttft_ms": null,
  "prefix_system_tokens": null,
  "workload": null,
  "schema_version": 1,
  "trials": {
    "ttft_ms": [
      108.71324990876019,
      108.49283309653401,
      108.94804098643364
    ],
    "throughput_tps": [
      112.99260889875345,
      112.21307860901163,
      113.04196662903192
    ],
    "memory_gb": [
      4.837303388,
      4.837303388,
      4.837303388
    ],
    "prompt_tps": [
      4709.637513639841,
      4719.205733566162,
      4699.487896838411
    ]
  },
  "stats": {
    "ttft_ms": {
      "n": 3,
      "mean": 108.718,
      "median": 108.7132,
      "p50": 108.7132,
      "p95": 108.9246,
      "std": 0.1859,
      "min": 108.4928,
      "max": 108.948
    },
    "throughput_tps": {
      "n": 3,
      "mean": 112.7492,
      "median": 112.9926,
      "p50": 112.9926,
      "p95": 113.037,
      "std": 0.3796,
      "min": 112.2131,
      "max": 113.042
    },
    "memory_gb": {
      "n": 3,
      "mean": 4.8373,
      "median": 4.8373,
      "p50": 4.8373,
      "p95": 4.8373,
      "std": 0.0,
      "min": 4.8373,
      "max": 4.8373
    },
    "prompt_tps": {
      "n": 3,
      "mean": 4709.4437,
      "median": 4709.6375,
      "p50": 4709.6375,
      "p95": 4718.2489,
      "std": 8.0509,
      "min": 4699.4879,
      "max": 4719.2057
    }
  },
  "warmup_policy": {
    "warmup_trials": 1,
    "warmup_discarded": true,
    "measured_trials_field": "num_trials",
    "description": "One full generate before timed trials; trials use seed+trial."
  }
}
