{
  "timestamp": "2026-05-23T14:47:44.189175+00:00",
  "hardware": "Mac M5 Max",
  "model_preset": "phi-3-mini",
  "configuration": "fp16+prefill",
  "weight_bits": 16,
  "optimizations": {
    "weight_bits": 16,
    "kv_cache": false,
    "prefill": true
  },
  "model_repo": "mlx-community/Phi-3-mini-4k-instruct-8bit",
  "kv_bits": null,
  "prefill_step_size": 2048,
  "prompt_tokens": 512,
  "generation_tokens": 128,
  "num_trials": 3,
  "memory_gb": 4.8373,
  "ttft_ms": 108.4286,
  "throughput_tps": 113.4937,
  "prompt_tps": 4722.0003,
  "mlx_version": "0.31.2",
  "mlx_lm_version": "0.29.1",
  "platform": "macOS-26.4.1-arm64-arm-64bit-Mach-O",
  "status": "ok",
  "error": null,
  "article_id": 5,
  "run_label": null,
  "benchmark_mode": "standard",
  "draft_model_repo": null,
  "draft_preset": "qwen-0.5b",
  "num_draft_tokens": null,
  "draft_accept_rate": null,
  "prefix_cache_cold_ttft_ms": null,
  "prefix_cache_warm_ttft_ms": null,
  "prefix_system_tokens": null,
  "workload": null,
  "schema_version": 1,
  "trials": {
    "ttft_ms": [
      108.42862515710294,
      108.29887515865266,
      108.78795804455875
    ],
    "throughput_tps": [
      114.00046719271737,
      113.38678237424918,
      113.49369882246866
    ],
    "memory_gb": [
      4.837303388,
      4.837303388,
      4.837303388
    ],
    "prompt_tps": [
      4722.000295200274,
      4727.657598012394,
      4706.40325641822
    ]
  },
  "stats": {
    "ttft_ms": {
      "n": 3,
      "mean": 108.5052,
      "median": 108.4286,
      "p50": 108.4286,
      "p95": 108.752,
      "std": 0.2069,
      "min": 108.2989,
      "max": 108.788
    },
    "throughput_tps": {
      "n": 3,
      "mean": 113.627,
      "median": 113.4937,
      "p50": 113.4937,
      "p95": 113.9498,
      "std": 0.2677,
      "min": 113.3868,
      "max": 114.0005
    },
    "memory_gb": {
      "n": 3,
      "mean": 4.8373,
      "median": 4.8373,
      "p50": 4.8373,
      "p95": 4.8373,
      "std": 0.0,
      "min": 4.8373,
      "max": 4.8373
    },
    "prompt_tps": {
      "n": 3,
      "mean": 4718.687,
      "median": 4722.0003,
      "p50": 4722.0003,
      "p95": 4727.0919,
      "std": 8.9878,
      "min": 4706.4033,
      "max": 4727.6576
    }
  },
  "warmup_policy": {
    "warmup_trials": 1,
    "warmup_discarded": true,
    "measured_trials_field": "num_trials",
    "description": "One full generate before timed trials; trials use seed+trial."
  }
}
