{
  "timestamp": "2026-05-25T05:18:59.322494+00:00",
  "hardware": "Mac M5 Max",
  "model_preset": "phi-3-mini",
  "configuration": "w4+prefill",
  "weight_bits": 4,
  "optimizations": {
    "weight_bits": 4,
    "kv_cache": false,
    "prefill": true
  },
  "model_repo": "mlx-community/Phi-3-mini-4k-instruct-4bit",
  "kv_bits": null,
  "prefill_step_size": 2048,
  "prompt_tokens": 512,
  "generation_tokens": 128,
  "num_trials": 3,
  "memory_gb": 3.2083,
  "ttft_ms": 98.6473,
  "throughput_tps": 195.7285,
  "prompt_tps": 5190.2106,
  "mlx_version": "0.31.2",
  "mlx_lm_version": "0.29.1",
  "platform": "macOS-26.4.1-arm64-arm-64bit-Mach-O",
  "status": "ok",
  "error": null,
  "article_id": 5,
  "run_label": null,
  "benchmark_mode": "standard",
  "draft_model_repo": null,
  "draft_preset": "qwen-0.5b",
  "num_draft_tokens": null,
  "draft_accept_rate": null,
  "prefix_cache_cold_ttft_ms": null,
  "prefix_cache_warm_ttft_ms": null,
  "prefix_system_tokens": null,
  "workload": null,
  "schema_version": 1,
  "trials": {
    "ttft_ms": [
      98.22295815683901,
      100.1612909603864,
      98.64725009538233
    ],
    "throughput_tps": [
      196.39722336509888,
      195.7285055344981,
      195.53776703631527
    ],
    "memory_gb": [
      3.208253552,
      3.208253552,
      3.208253552
    ],
    "prompt_tps": [
      5212.630627377931,
      5111.755200943796,
      5190.210568515044
    ]
  },
  "stats": {
    "ttft_ms": {
      "n": 3,
      "mean": 99.0105,
      "median": 98.6473,
      "p50": 98.6473,
      "p95": 100.0099,
      "std": 0.832,
      "min": 98.223,
      "max": 100.1613
    },
    "throughput_tps": {
      "n": 3,
      "mean": 195.8878,
      "median": 195.7285,
      "p50": 195.7285,
      "p95": 196.3304,
      "std": 0.3685,
      "min": 195.5378,
      "max": 196.3972
    },
    "memory_gb": {
      "n": 3,
      "mean": 3.2083,
      "median": 3.2083,
      "p50": 3.2083,
      "p95": 3.2083,
      "std": 0.0,
      "min": 3.2083,
      "max": 3.2083
    },
    "prompt_tps": {
      "n": 3,
      "mean": 5171.5321,
      "median": 5190.2106,
      "p50": 5190.2106,
      "p95": 5210.3886,
      "std": 43.2483,
      "min": 5111.7552,
      "max": 5212.6306
    }
  },
  "warmup_policy": {
    "warmup_trials": 1,
    "warmup_discarded": true,
    "measured_trials_field": "num_trials",
    "description": "One full generate before timed trials; trials use seed+trial."
  }
}
