{
  "timestamp": "2026-05-25T05:18:43.357095+00:00",
  "hardware": "Mac M5 Max",
  "model_preset": "phi-3-mini",
  "configuration": "w4",
  "weight_bits": 4,
  "optimizations": {
    "weight_bits": 4,
    "kv_cache": false,
    "prefill": false
  },
  "model_repo": "mlx-community/Phi-3-mini-4k-instruct-4bit",
  "kv_bits": null,
  "prefill_step_size": 512,
  "prompt_tokens": 512,
  "generation_tokens": 128,
  "num_trials": 3,
  "memory_gb": 3.2083,
  "ttft_ms": 99.0146,
  "throughput_tps": 194.129,
  "prompt_tps": 5170.9533,
  "mlx_version": "0.31.2",
  "mlx_lm_version": "0.29.1",
  "platform": "macOS-26.4.1-arm64-arm-64bit-Mach-O",
  "status": "ok",
  "error": null,
  "article_id": 5,
  "run_label": null,
  "benchmark_mode": "standard",
  "draft_model_repo": null,
  "draft_preset": "qwen-0.5b",
  "num_draft_tokens": null,
  "draft_accept_rate": null,
  "prefix_cache_cold_ttft_ms": null,
  "prefix_cache_warm_ttft_ms": null,
  "prefix_system_tokens": null,
  "workload": null,
  "schema_version": 1,
  "trials": {
    "ttft_ms": [
      99.18604185804725,
      98.96916686557233,
      99.01462495326996
    ],
    "throughput_tps": [
      194.12904949784266,
      193.66641467753274,
      195.93357472068323
    ],
    "memory_gb": [
      3.208253552,
      3.208253552,
      3.193606256
    ],
    "prompt_tps": [
      5162.016654851118,
      5173.328383126014,
      5170.953283332022
    ]
  },
  "stats": {
    "ttft_ms": {
      "n": 3,
      "mean": 99.0566,
      "median": 99.0146,
      "p50": 99.0146,
      "p95": 99.1689,
      "std": 0.0934,
      "min": 98.9692,
      "max": 99.186
    },
    "throughput_tps": {
      "n": 3,
      "mean": 194.5763,
      "median": 194.129,
      "p50": 194.129,
      "p95": 195.7531,
      "std": 0.9781,
      "min": 193.6664,
      "max": 195.9336
    },
    "memory_gb": {
      "n": 3,
      "mean": 3.2034,
      "median": 3.2083,
      "p50": 3.2083,
      "p95": 3.2083,
      "std": 0.0069,
      "min": 3.1936,
      "max": 3.2083
    },
    "prompt_tps": {
      "n": 3,
      "mean": 5168.7661,
      "median": 5170.9533,
      "p50": 5170.9533,
      "p95": 5173.0909,
      "std": 4.8701,
      "min": 5162.0167,
      "max": 5173.3284
    }
  },
  "warmup_policy": {
    "warmup_trials": 1,
    "warmup_discarded": true,
    "measured_trials_field": "num_trials",
    "description": "One full generate before timed trials; trials use seed+trial."
  }
}
