{
  "timestamp": "2026-05-23T14:48:36.944848+00:00",
  "hardware": "Mac M5 Max",
  "model_preset": "phi-3-mini",
  "configuration": "w4",
  "weight_bits": 4,
  "optimizations": {
    "weight_bits": 4,
    "kv_cache": false,
    "prefill": false
  },
  "model_repo": "mlx-community/Phi-3-mini-4k-instruct-4bit",
  "kv_bits": null,
  "prefill_step_size": 512,
  "prompt_tokens": 512,
  "generation_tokens": 128,
  "num_trials": 3,
  "memory_gb": 3.2083,
  "ttft_ms": 101.2277,
  "throughput_tps": 195.296,
  "prompt_tps": 5057.9037,
  "mlx_version": "0.31.2",
  "mlx_lm_version": "0.29.1",
  "platform": "macOS-26.4.1-arm64-arm-64bit-Mach-O",
  "status": "ok",
  "error": null,
  "article_id": 5,
  "run_label": null,
  "benchmark_mode": "standard",
  "draft_model_repo": null,
  "draft_preset": "qwen-0.5b",
  "num_draft_tokens": null,
  "draft_accept_rate": null,
  "prefix_cache_cold_ttft_ms": null,
  "prefix_cache_warm_ttft_ms": null,
  "prefix_system_tokens": null,
  "workload": null,
  "schema_version": 1,
  "trials": {
    "ttft_ms": [
      101.22770816087723,
      102.98829083330928,
      100.18349997699261
    ],
    "throughput_tps": [
      195.451701418523,
      195.03018420457354,
      195.29603560835403
    ],
    "memory_gb": [
      3.208253552,
      3.208253552,
      3.186249888
    ],
    "prompt_tps": [
      5057.90370346327,
      4971.438945702019,
      5110.62200978786
    ]
  },
  "stats": {
    "ttft_ms": {
      "n": 3,
      "mean": 101.4665,
      "median": 101.2277,
      "p50": 101.2277,
      "p95": 102.8122,
      "std": 1.1574,
      "min": 100.1835,
      "max": 102.9883
    },
    "throughput_tps": {
      "n": 3,
      "mean": 195.2593,
      "median": 195.296,
      "p50": 195.296,
      "p95": 195.4361,
      "std": 0.174,
      "min": 195.0302,
      "max": 195.4517
    },
    "memory_gb": {
      "n": 3,
      "mean": 3.2009,
      "median": 3.2083,
      "p50": 3.2083,
      "p95": 3.2083,
      "std": 0.0104,
      "min": 3.1862,
      "max": 3.2083
    },
    "prompt_tps": {
      "n": 3,
      "mean": 5046.6549,
      "median": 5057.9037,
      "p50": 5057.9037,
      "p95": 5105.3502,
      "std": 57.3753,
      "min": 4971.4389,
      "max": 5110.622
    }
  },
  "warmup_policy": {
    "warmup_trials": 1,
    "warmup_discarded": true,
    "measured_trials_field": "num_trials",
    "description": "One full generate before timed trials; trials use seed+trial."
  }
}
