{
  "timestamp": "2026-05-25T05:18:27.192449+00:00",
  "hardware": "Mac M5 Max",
  "model_preset": "phi-3-mini",
  "configuration": "w8+prefill",
  "weight_bits": 8,
  "optimizations": {
    "weight_bits": 8,
    "kv_cache": false,
    "prefill": true
  },
  "model_repo": "mlx-community/Phi-3-mini-4k-instruct-8bit",
  "kv_bits": null,
  "prefill_step_size": 2048,
  "prompt_tokens": 512,
  "generation_tokens": 128,
  "num_trials": 3,
  "memory_gb": 4.8373,
  "ttft_ms": 108.3989,
  "throughput_tps": 113.8788,
  "prompt_tps": 4723.2963,
  "mlx_version": "0.31.2",
  "mlx_lm_version": "0.29.1",
  "platform": "macOS-26.4.1-arm64-arm-64bit-Mach-O",
  "status": "ok",
  "error": null,
  "article_id": 5,
  "run_label": null,
  "benchmark_mode": "standard",
  "draft_model_repo": null,
  "draft_preset": "qwen-0.5b",
  "num_draft_tokens": null,
  "draft_accept_rate": null,
  "prefix_cache_cold_ttft_ms": null,
  "prefix_cache_warm_ttft_ms": null,
  "prefix_system_tokens": null,
  "workload": null,
  "schema_version": 1,
  "trials": {
    "ttft_ms": [
      108.27137506566942,
      110.06070906296372,
      108.39887498877943
    ],
    "throughput_tps": [
      114.08719075768546,
      113.87878400531498,
      112.90378955609926
    ],
    "memory_gb": [
      4.837303388,
      4.837303388,
      4.837303388
    ],
    "prompt_tps": [
      4728.858386526066,
      4651.97802521056,
      4723.296252410351
    ]
  },
  "stats": {
    "ttft_ms": {
      "n": 3,
      "mean": 108.9103,
      "median": 108.3989,
      "p50": 108.3989,
      "p95": 109.8945,
      "std": 0.8151,
      "min": 108.2714,
      "max": 110.0607
    },
    "throughput_tps": {
      "n": 3,
      "mean": 113.6233,
      "median": 113.8788,
      "p50": 113.8788,
      "p95": 114.0664,
      "std": 0.5158,
      "min": 112.9038,
      "max": 114.0872
    },
    "memory_gb": {
      "n": 3,
      "mean": 4.8373,
      "median": 4.8373,
      "p50": 4.8373,
      "p95": 4.8373,
      "std": 0.0,
      "min": 4.8373,
      "max": 4.8373
    },
    "prompt_tps": {
      "n": 3,
      "mean": 4701.3776,
      "median": 4723.2963,
      "p50": 4723.2963,
      "p95": 4728.3022,
      "std": 35.0045,
      "min": 4651.978,
      "max": 4728.8584
    }
  },
  "warmup_policy": {
    "warmup_trials": 1,
    "warmup_discarded": true,
    "measured_trials_field": "num_trials",
    "description": "One full generate before timed trials; trials use seed+trial."
  }
}
