{
  "timestamp": "2026-05-25T05:18:09.037843+00:00",
  "hardware": "Mac M5 Max",
  "model_preset": "phi-3-mini",
  "configuration": "w8",
  "weight_bits": 8,
  "optimizations": {
    "weight_bits": 8,
    "kv_cache": false,
    "prefill": false
  },
  "model_repo": "mlx-community/Phi-3-mini-4k-instruct-8bit",
  "kv_bits": null,
  "prefill_step_size": 512,
  "prompt_tokens": 512,
  "generation_tokens": 128,
  "num_trials": 3,
  "memory_gb": 4.8373,
  "ttft_ms": 108.4863,
  "throughput_tps": 113.4779,
  "prompt_tps": 4719.4921,
  "mlx_version": "0.31.2",
  "mlx_lm_version": "0.29.1",
  "platform": "macOS-26.4.1-arm64-arm-64bit-Mach-O",
  "status": "ok",
  "error": null,
  "article_id": 5,
  "run_label": null,
  "benchmark_mode": "standard",
  "draft_model_repo": null,
  "draft_preset": "qwen-0.5b",
  "num_draft_tokens": null,
  "draft_accept_rate": null,
  "prefix_cache_cold_ttft_ms": null,
  "prefix_cache_warm_ttft_ms": null,
  "prefix_system_tokens": null,
  "workload": null,
  "schema_version": 1,
  "trials": {
    "ttft_ms": [
      109.59675000049174,
      108.00104099325837,
      108.48625004291534
    ],
    "throughput_tps": [
      113.88186580024113,
      113.47792292233746,
      113.45918016586346
    ],
    "memory_gb": [
      4.837303388,
      4.837303388,
      4.837303388
    ],
    "prompt_tps": [
      4671.671377095605,
      4740.695046003862,
      4719.492099666652
    ]
  },
  "stats": {
    "ttft_ms": {
      "n": 3,
      "mean": 108.6947,
      "median": 108.4863,
      "p50": 108.4863,
      "p95": 109.4857,
      "std": 0.6679,
      "min": 108.001,
      "max": 109.5968
    },
    "throughput_tps": {
      "n": 3,
      "mean": 113.6063,
      "median": 113.4779,
      "p50": 113.4779,
      "p95": 113.8415,
      "std": 0.195,
      "min": 113.4592,
      "max": 113.8819
    },
    "memory_gb": {
      "n": 3,
      "mean": 4.8373,
      "median": 4.8373,
      "p50": 4.8373,
      "p95": 4.8373,
      "std": 0.0,
      "min": 4.8373,
      "max": 4.8373
    },
    "prompt_tps": {
      "n": 3,
      "mean": 4710.6195,
      "median": 4719.4921,
      "p50": 4719.4921,
      "p95": 4738.5748,
      "std": 28.8688,
      "min": 4671.6714,
      "max": 4740.695
    }
  },
  "warmup_policy": {
    "warmup_trials": 1,
    "warmup_discarded": true,
    "measured_trials_field": "num_trials",
    "description": "One full generate before timed trials; trials use seed+trial."
  }
}
