{
  "timestamp": "2026-05-23T14:48:02.310939+00:00",
  "hardware": "Mac M5 Max",
  "model_preset": "phi-3-mini",
  "configuration": "w8",
  "weight_bits": 8,
  "optimizations": {
    "weight_bits": 8,
    "kv_cache": false,
    "prefill": false
  },
  "model_repo": "mlx-community/Phi-3-mini-4k-instruct-8bit",
  "kv_bits": null,
  "prefill_step_size": 512,
  "prompt_tokens": 512,
  "generation_tokens": 128,
  "num_trials": 3,
  "memory_gb": 4.8708,
  "ttft_ms": 113.251,
  "throughput_tps": 113.3099,
  "prompt_tps": 4520.9297,
  "mlx_version": "0.31.2",
  "mlx_lm_version": "0.29.1",
  "platform": "macOS-26.4.1-arm64-arm-64bit-Mach-O",
  "status": "ok",
  "error": null,
  "article_id": 5,
  "run_label": null,
  "benchmark_mode": "standard",
  "draft_model_repo": null,
  "draft_preset": "qwen-0.5b",
  "num_draft_tokens": null,
  "draft_accept_rate": null,
  "prefix_cache_cold_ttft_ms": null,
  "prefix_cache_warm_ttft_ms": null,
  "prefix_system_tokens": null,
  "workload": null,
  "schema_version": 1,
  "trials": {
    "ttft_ms": [
      108.95720799453558,
      115.0843328796327,
      113.25104115530849
    ],
    "throughput_tps": [
      113.30989605347385,
      114.32517515528579,
      112.83983631823287
    ],
    "memory_gb": [
      4.870808668,
      4.837303388,
      4.837303388
    ],
    "prompt_tps": [
      4699.092510021713,
      4448.911395572006,
      4520.9297396026695
    ]
  },
  "stats": {
    "ttft_ms": {
      "n": 3,
      "mean": 112.4309,
      "median": 113.251,
      "p50": 113.251,
      "p95": 114.901,
      "std": 2.5677,
      "min": 108.9572,
      "max": 115.0843
    },
    "throughput_tps": {
      "n": 3,
      "mean": 113.4916,
      "median": 113.3099,
      "p50": 113.3099,
      "p95": 114.2236,
      "std": 0.6199,
      "min": 112.8398,
      "max": 114.3252
    },
    "memory_gb": {
      "n": 3,
      "mean": 4.8485,
      "median": 4.8373,
      "p50": 4.8373,
      "p95": 4.8675,
      "std": 0.0158,
      "min": 4.8373,
      "max": 4.8708
    },
    "prompt_tps": {
      "n": 3,
      "mean": 4556.3112,
      "median": 4520.9297,
      "p50": 4520.9297,
      "p95": 4681.2762,
      "std": 105.1555,
      "min": 4448.9114,
      "max": 4699.0925
    }
  },
  "warmup_policy": {
    "warmup_trials": 1,
    "warmup_discarded": true,
    "measured_trials_field": "num_trials",
    "description": "One full generate before timed trials; trials use seed+trial."
  }
}
