{
  "timestamp": "2026-05-20T18:56:48.824669+00:00",
  "hardware": "Mac M3",
  "model_preset": "mistral-7b",
  "configuration": "w4+kv_cache+prefill",
  "weight_bits": 4,
  "optimizations": {
    "weight_bits": 4,
    "kv_cache": true,
    "prefill": true
  },
  "model_repo": "mlx-community/Mistral-7B-Instruct-v0.3-4bit",
  "kv_bits": 4,
  "prefill_step_size": 2048,
  "prompt_tokens": 512,
  "generation_tokens": 128,
  "num_trials": 3,
  "memory_gb": 4.6151,
  "ttft_ms": 3953.9924,
  "throughput_tps": 15.9918,
  "prompt_tps": 129.4894,
  "mlx_version": "0.31.2",
  "mlx_lm_version": "0.31.3",
  "platform": "macOS-26.3.1-arm64-arm-64bit-Mach-O",
  "status": "ok",
  "error": null,
  "article_id": 5,
  "run_label": "optimized_mistral",
  "benchmark_mode": "standard",
  "draft_model_repo": null,
  "draft_preset": "qwen-0.5b",
  "num_draft_tokens": null,
  "draft_accept_rate": null,
  "prefix_cache_cold_ttft_ms": null,
  "prefix_cache_warm_ttft_ms": null,
  "prefix_system_tokens": null,
  "workload": null,
  "schema_version": 1,
  "trials": {
    "ttft_ms": [
      3953.992374939844,
      3937.085916055366,
      4017.4357921350747
    ],
    "throughput_tps": [
      16.732696818740916,
      15.991788965999326,
      15.5912996588606
    ],
    "memory_gb": [
      4.61505548,
      4.61505548,
      4.61505548
    ],
    "prompt_tps": [
      129.4893746495375,
      130.04542215146313,
      127.44447615126576
    ]
  },
  "stats": {
    "ttft_ms": {
      "n": 3,
      "mean": 3969.5047,
      "median": 3953.9924,
      "p50": 3953.9924,
      "p95": 4011.0915,
      "std": 34.588,
      "min": 3937.0859,
      "max": 4017.4358
    },
    "throughput_tps": {
      "n": 3,
      "mean": 16.1053,
      "median": 15.9918,
      "p50": 15.9918,
      "p95": 16.6586,
      "std": 0.4728,
      "min": 15.5913,
      "max": 16.7327
    },
    "memory_gb": {
      "n": 3,
      "mean": 4.6151,
      "median": 4.6151,
      "p50": 4.6151,
      "p95": 4.6151,
      "std": 0.0,
      "min": 4.6151,
      "max": 4.6151
    },
    "prompt_tps": {
      "n": 3,
      "mean": 128.9931,
      "median": 129.4894,
      "p50": 129.4894,
      "p95": 129.9898,
      "std": 1.1183,
      "min": 127.4445,
      "max": 130.0454
    }
  },
  "warmup_policy": {
    "warmup_trials": 1,
    "warmup_discarded": true,
    "measured_trials_field": "num_trials",
    "description": "One full generate before timed trials; trials use seed+trial."
  }
}
