{
  "timestamp": "2026-05-25T04:59:53.993397+00:00",
  "hardware": "Mac M5 Max",
  "model_preset": "mistral-small-22b",
  "configuration": "w4",
  "weight_bits": 4,
  "optimizations": {
    "weight_bits": 4,
    "kv_cache": false,
    "prefill": false
  },
  "model_repo": "mlx-community/Mistral-Small-Instruct-2409-4bit",
  "kv_bits": null,
  "prefill_step_size": 512,
  "prompt_tokens": 512,
  "generation_tokens": 128,
  "num_trials": 3,
  "memory_gb": 13.1082,
  "ttft_ms": 987.2245,
  "throughput_tps": 37.8894,
  "prompt_tps": 518.6257,
  "mlx_version": "0.31.2",
  "mlx_lm_version": "0.29.1",
  "platform": "macOS-26.4.1-arm64-arm-64bit-Mach-O",
  "status": "ok",
  "error": null,
  "article_id": 4,
  "run_label": null,
  "benchmark_mode": "standard",
  "draft_model_repo": null,
  "draft_preset": "qwen-1.5b",
  "num_draft_tokens": null,
  "draft_accept_rate": null,
  "prefix_cache_cold_ttft_ms": null,
  "prefix_cache_warm_ttft_ms": null,
  "prefix_system_tokens": null,
  "workload": null,
  "schema_version": 1,
  "trials": {
    "ttft_ms": [
      987.2245420701803,
      1040.6643750611693,
      882.1845829952508
    ],
    "throughput_tps": [
      37.88942297559476,
      37.839205003262,
      37.891682609989566
    ],
    "memory_gb": [
      13.108197472,
      13.108197472,
      13.108197472
    ],
    "prompt_tps": [
      518.6256805633614,
      491.99339601675626,
      580.3774061224512
    ]
  },
  "stats": {
    "ttft_ms": {
      "n": 3,
      "mean": 970.0245,
      "median": 987.2245,
      "p50": 987.2245,
      "p95": 1035.3204,
      "std": 65.8323,
      "min": 882.1846,
      "max": 1040.6644
    },
    "throughput_tps": {
      "n": 3,
      "mean": 37.8734,
      "median": 37.8894,
      "p50": 37.8894,
      "p95": 37.8915,
      "std": 0.0242,
      "min": 37.8392,
      "max": 37.8917
    },
    "memory_gb": {
      "n": 3,
      "mean": 13.1082,
      "median": 13.1082,
      "p50": 13.1082,
      "p95": 13.1082,
      "std": 0.0,
      "min": 13.1082,
      "max": 13.1082
    },
    "prompt_tps": {
      "n": 3,
      "mean": 530.3322,
      "median": 518.6257,
      "p50": 518.6257,
      "p95": 574.2022,
      "std": 37.0199,
      "min": 491.9934,
      "max": 580.3774
    }
  },
  "warmup_policy": {
    "warmup_trials": 1,
    "warmup_discarded": true,
    "measured_trials_field": "num_trials",
    "description": "One full generate before timed trials; trials use seed+trial."
  }
}
