{
  "timestamp": "2026-05-23T05:35:03.577361+00:00",
  "hardware": "Mac M5 Max",
  "model_preset": "mistral-small-22b",
  "configuration": "w4",
  "weight_bits": 4,
  "optimizations": {
    "weight_bits": 4,
    "kv_cache": false,
    "prefill": false
  },
  "model_repo": "mlx-community/Mistral-Small-Instruct-2409-4bit",
  "kv_bits": null,
  "prefill_step_size": 512,
  "prompt_tokens": 512,
  "generation_tokens": 128,
  "num_trials": 3,
  "memory_gb": 13.1082,
  "ttft_ms": 498.5671,
  "throughput_tps": 39.6309,
  "prompt_tps": 1026.943,
  "mlx_version": "0.31.2",
  "mlx_lm_version": "0.29.1",
  "platform": "macOS-26.4.1-arm64-arm-64bit-Mach-O",
  "status": "ok",
  "error": null,
  "article_id": 4,
  "run_label": null,
  "benchmark_mode": "standard",
  "draft_model_repo": null,
  "draft_preset": "qwen-1.5b",
  "num_draft_tokens": null,
  "draft_accept_rate": null,
  "prefix_cache_cold_ttft_ms": null,
  "prefix_cache_warm_ttft_ms": null,
  "prefix_system_tokens": null,
  "workload": null,
  "schema_version": 1,
  "trials": {
    "ttft_ms": [
      499.2968749720603,
      498.4843330457806,
      498.5671250615269
    ],
    "throughput_tps": [
      39.63094916953123,
      39.88187953061671,
      39.58585567352354
    ],
    "memory_gb": [
      13.108197472,
      13.108197472,
      13.108197472
    ],
    "prompt_tps": [
      1025.4420279090482,
      1027.1135240532788,
      1026.9429616660252
    ]
  },
  "stats": {
    "ttft_ms": {
      "n": 3,
      "mean": 498.7828,
      "median": 498.5671,
      "p50": 498.5671,
      "p95": 499.2239,
      "std": 0.3651,
      "min": 498.4843,
      "max": 499.2969
    },
    "throughput_tps": {
      "n": 3,
      "mean": 39.6996,
      "median": 39.6309,
      "p50": 39.6309,
      "p95": 39.8568,
      "std": 0.1302,
      "min": 39.5859,
      "max": 39.8819
    },
    "memory_gb": {
      "n": 3,
      "mean": 13.1082,
      "median": 13.1082,
      "p50": 13.1082,
      "p95": 13.1082,
      "std": 0.0,
      "min": 13.1082,
      "max": 13.1082
    },
    "prompt_tps": {
      "n": 3,
      "mean": 1026.4995,
      "median": 1026.943,
      "p50": 1026.943,
      "p95": 1027.0965,
      "std": 0.751,
      "min": 1025.442,
      "max": 1027.1135
    }
  },
  "warmup_policy": {
    "warmup_trials": 1,
    "warmup_discarded": true,
    "measured_trials_field": "num_trials",
    "description": "One full generate before timed trials; trials use seed+trial."
  }
}
