{
  "timestamp": "2026-05-23T05:30:33.147935+00:00",
  "hardware": "Mac M5 Max",
  "model_preset": "mistral-small-22b",
  "configuration": "w8",
  "weight_bits": 8,
  "optimizations": {
    "weight_bits": 8,
    "kv_cache": false,
    "prefill": false
  },
  "model_repo": "mlx-community/Mistral-Small-Instruct-2409-8bit",
  "kv_bits": null,
  "prefill_step_size": 512,
  "prompt_tokens": 512,
  "generation_tokens": 128,
  "num_trials": 3,
  "memory_gb": 24.2273,
  "ttft_ms": 576.426,
  "throughput_tps": 21.7478,
  "prompt_tps": 888.232,
  "mlx_version": "0.31.2",
  "mlx_lm_version": "0.29.1",
  "platform": "macOS-26.4.1-arm64-arm-64bit-Mach-O",
  "status": "ok",
  "error": null,
  "article_id": 4,
  "run_label": null,
  "benchmark_mode": "standard",
  "draft_model_repo": null,
  "draft_preset": "qwen-1.5b",
  "num_draft_tokens": null,
  "draft_accept_rate": null,
  "prefix_cache_cold_ttft_ms": null,
  "prefix_cache_warm_ttft_ms": null,
  "prefix_system_tokens": null,
  "workload": null,
  "schema_version": 1,
  "trials": {
    "ttft_ms": [
      576.3657500501722,
      576.4259998686612,
      577.3967090062797
    ],
    "throughput_tps": [
      21.74780034563598,
      21.776531416320495,
      21.667583951705286
    ],
    "memory_gb": [
      24.227330144,
      24.227330144,
      24.227330144
    ],
    "prompt_tps": [
      888.3248179744039,
      888.2319675321019,
      886.7386876540571
    ]
  },
  "stats": {
    "ttft_ms": {
      "n": 3,
      "mean": 576.7295,
      "median": 576.426,
      "p50": 576.426,
      "p95": 577.2996,
      "std": 0.4724,
      "min": 576.3658,
      "max": 577.3967
    },
    "throughput_tps": {
      "n": 3,
      "mean": 21.7306,
      "median": 21.7478,
      "p50": 21.7478,
      "p95": 21.7737,
      "std": 0.0461,
      "min": 21.6676,
      "max": 21.7765
    },
    "memory_gb": {
      "n": 3,
      "mean": 24.2273,
      "median": 24.2273,
      "p50": 24.2273,
      "p95": 24.2273,
      "std": 0.0,
      "min": 24.2273,
      "max": 24.2273
    },
    "prompt_tps": {
      "n": 3,
      "mean": 887.7652,
      "median": 888.232,
      "p50": 888.232,
      "p95": 888.3155,
      "std": 0.7268,
      "min": 886.7387,
      "max": 888.3248
    }
  },
  "warmup_policy": {
    "warmup_trials": 1,
    "warmup_discarded": true,
    "measured_trials_field": "num_trials",
    "description": "One full generate before timed trials; trials use seed+trial."
  }
}
