{
  "timestamp": "2026-05-25T04:59:28.923451+00:00",
  "hardware": "Mac M5 Max",
  "model_preset": "mistral-small-22b",
  "configuration": "w8",
  "weight_bits": 8,
  "optimizations": {
    "weight_bits": 8,
    "kv_cache": false,
    "prefill": false
  },
  "model_repo": "mlx-community/Mistral-Small-Instruct-2409-8bit",
  "kv_bits": null,
  "prefill_step_size": 512,
  "prompt_tokens": 512,
  "generation_tokens": 128,
  "num_trials": 3,
  "memory_gb": 24.2273,
  "ttft_ms": 684.015,
  "throughput_tps": 21.6917,
  "prompt_tps": 748.5216,
  "mlx_version": "0.31.2",
  "mlx_lm_version": "0.29.1",
  "platform": "macOS-26.4.1-arm64-arm-64bit-Mach-O",
  "status": "ok",
  "error": null,
  "article_id": 4,
  "run_label": null,
  "benchmark_mode": "standard",
  "draft_model_repo": null,
  "draft_preset": "qwen-1.5b",
  "num_draft_tokens": null,
  "draft_accept_rate": null,
  "prefix_cache_cold_ttft_ms": null,
  "prefix_cache_warm_ttft_ms": null,
  "prefix_system_tokens": null,
  "workload": null,
  "schema_version": 1,
  "trials": {
    "ttft_ms": [
      1275.0216671265662,
      684.0149590279907,
      578.6485001444817
    ],
    "throughput_tps": [
      19.661481386660956,
      21.697655807409287,
      21.69169994843608
    ],
    "memory_gb": [
      24.227330144,
      24.227330144,
      24.227330144
    ],
    "prompt_tps": [
      401.5618033800643,
      748.5216415845204,
      884.8204045671243
    ]
  },
  "stats": {
    "ttft_ms": {
      "n": 3,
      "mean": 845.895,
      "median": 684.015,
      "p50": 684.015,
      "p95": 1215.921,
      "std": 306.4721,
      "min": 578.6485,
      "max": 1275.0217
    },
    "throughput_tps": {
      "n": 3,
      "mean": 21.0169,
      "median": 21.6917,
      "p50": 21.6917,
      "p95": 21.6971,
      "std": 0.9585,
      "min": 19.6615,
      "max": 21.6977
    },
    "memory_gb": {
      "n": 3,
      "mean": 24.2273,
      "median": 24.2273,
      "p50": 24.2273,
      "p95": 24.2273,
      "std": 0.0,
      "min": 24.2273,
      "max": 24.2273
    },
    "prompt_tps": {
      "n": 3,
      "mean": 678.3013,
      "median": 748.5216,
      "p50": 748.5216,
      "p95": 871.1905,
      "std": 203.4419,
      "min": 401.5618,
      "max": 884.8204
    }
  },
  "warmup_policy": {
    "warmup_trials": 1,
    "warmup_discarded": true,
    "measured_trials_field": "num_trials",
    "description": "One full generate before timed trials; trials use seed+trial."
  }
}
