{
  "timestamp": "2026-05-25T04:12:18.548386+00:00",
  "hardware": "Mac M5 Max",
  "model_preset": "llama-3.2-3b",
  "configuration": "fp16",
  "weight_bits": 16,
  "optimizations": {
    "weight_bits": 16,
    "kv_cache": false,
    "prefill": false
  },
  "model_repo": "mlx-community/Llama-3.2-3B-Instruct-bf16",
  "kv_bits": null,
  "prefill_step_size": 512,
  "prompt_tokens": 512,
  "generation_tokens": 128,
  "num_trials": 3,
  "memory_gb": 6.7787,
  "ttft_ms": 85.8575,
  "throughput_tps": 74.0667,
  "prompt_tps": 5963.3667,
  "mlx_version": "0.31.2",
  "mlx_lm_version": "0.29.1",
  "platform": "macOS-26.4.1-arm64-arm-64bit-Mach-O",
  "status": "ok",
  "error": null,
  "article_id": 1,
  "run_label": null,
  "benchmark_mode": "standard",
  "draft_model_repo": null,
  "draft_preset": "llama-3.2-1b",
  "num_draft_tokens": null,
  "draft_accept_rate": null,
  "prefix_cache_cold_ttft_ms": null,
  "prefix_cache_warm_ttft_ms": null,
  "prefix_system_tokens": null,
  "workload": null,
  "schema_version": 1,
  "trials": {
    "ttft_ms": [
      86.00612496957183,
      85.8575408346951,
      85.54750005714595
    ],
    "throughput_tps": [
      74.06670524511185,
      71.96233558702625,
      75.49797701598612
    ],
    "memory_gb": [
      6.778698848,
      6.778698848,
      6.778698848
    ],
    "prompt_tps": [
      5953.064391415622,
      5963.366700494878,
      5984.979101177506
    ]
  },
  "stats": {
    "ttft_ms": {
      "n": 3,
      "mean": 85.8037,
      "median": 85.8575,
      "p50": 85.8575,
      "p95": 85.9913,
      "std": 0.1911,
      "min": 85.5475,
      "max": 86.0061
    },
    "throughput_tps": {
      "n": 3,
      "mean": 73.8423,
      "median": 74.0667,
      "p50": 74.0667,
      "p95": 75.3548,
      "std": 1.4521,
      "min": 71.9623,
      "max": 75.498
    },
    "memory_gb": {
      "n": 3,
      "mean": 6.7787,
      "median": 6.7787,
      "p50": 6.7787,
      "p95": 6.7787,
      "std": 0.0,
      "min": 6.7787,
      "max": 6.7787
    },
    "prompt_tps": {
      "n": 3,
      "mean": 5967.1367,
      "median": 5963.3667,
      "p50": 5963.3667,
      "p95": 5982.8179,
      "std": 13.299,
      "min": 5953.0644,
      "max": 5984.9791
    }
  },
  "warmup_policy": {
    "warmup_trials": 1,
    "warmup_discarded": true,
    "measured_trials_field": "num_trials",
    "description": "One full generate before timed trials; trials use seed+trial."
  }
}
