{
  "timestamp": "2026-05-25T04:12:30.234861+00:00",
  "hardware": "Mac M5 Max",
  "model_preset": "llama-3.2-3b",
  "configuration": "w8",
  "weight_bits": 8,
  "optimizations": {
    "weight_bits": 8,
    "kv_cache": false,
    "prefill": false
  },
  "model_repo": "mlx-community/Llama-3.2-3B-Instruct-8bit",
  "kv_bits": null,
  "prefill_step_size": 512,
  "prompt_tokens": 512,
  "generation_tokens": 128,
  "num_trials": 3,
  "memory_gb": 3.9366,
  "ttft_ms": 81.7453,
  "throughput_tps": 130.6679,
  "prompt_tps": 6263.3609,
  "mlx_version": "0.31.2",
  "mlx_lm_version": "0.29.1",
  "platform": "macOS-26.4.1-arm64-arm-64bit-Mach-O",
  "status": "ok",
  "error": null,
  "article_id": 1,
  "run_label": null,
  "benchmark_mode": "standard",
  "draft_model_repo": null,
  "draft_preset": "llama-3.2-1b",
  "num_draft_tokens": null,
  "draft_accept_rate": null,
  "prefix_cache_cold_ttft_ms": null,
  "prefix_cache_warm_ttft_ms": null,
  "prefix_system_tokens": null,
  "workload": null,
  "schema_version": 1,
  "trials": {
    "ttft_ms": [
      87.71908283233643,
      81.74525015056133,
      80.59508400037885
    ],
    "throughput_tps": [
      130.6172986128511,
      130.66791210246882,
      131.35072978460644
    ],
    "memory_gb": [
      3.936615592,
      3.936615592,
      3.936615592
    ],
    "prompt_tps": [
      5836.8143335312925,
      6263.360856526588,
      6352.744790210694
    ]
  },
  "stats": {
    "ttft_ms": {
      "n": 3,
      "mean": 83.3531,
      "median": 81.7453,
      "p50": 81.7453,
      "p95": 87.1217,
      "std": 3.1227,
      "min": 80.5951,
      "max": 87.7191
    },
    "throughput_tps": {
      "n": 3,
      "mean": 130.8786,
      "median": 130.6679,
      "p50": 130.6679,
      "p95": 131.2824,
      "std": 0.3345,
      "min": 130.6173,
      "max": 131.3507
    },
    "memory_gb": {
      "n": 3,
      "mean": 3.9366,
      "median": 3.9366,
      "p50": 3.9366,
      "p95": 3.9366,
      "std": 0.0,
      "min": 3.9366,
      "max": 3.9366
    },
    "prompt_tps": {
      "n": 3,
      "mean": 6150.9733,
      "median": 6263.3609,
      "p50": 6263.3609,
      "p95": 6343.8064,
      "std": 225.1211,
      "min": 5836.8143,
      "max": 6352.7448
    }
  },
  "warmup_policy": {
    "warmup_trials": 1,
    "warmup_discarded": true,
    "measured_trials_field": "num_trials",
    "description": "One full generate before timed trials; trials use seed+trial."
  }
}
