{
  "timestamp": "2026-05-25T04:18:41.312987+00:00",
  "hardware": "Mac M5 Max",
  "model_preset": "deepseek-r1-llama-8b",
  "configuration": "fp16",
  "weight_bits": 16,
  "optimizations": {
    "weight_bits": 16,
    "kv_cache": false,
    "prefill": false
  },
  "model_repo": "mlx-community/DeepSeek-R1-Distill-Llama-8B-bf16",
  "kv_bits": null,
  "prefill_step_size": 512,
  "prompt_tokens": 512,
  "generation_tokens": 128,
  "num_trials": 3,
  "memory_gb": 16.4555,
  "ttft_ms": 190.3106,
  "throughput_tps": 34.5966,
  "prompt_tps": 2690.3391,
  "mlx_version": "0.31.2",
  "mlx_lm_version": "0.29.1",
  "platform": "macOS-26.4.1-arm64-arm-64bit-Mach-O",
  "status": "ok",
  "error": null,
  "article_id": 1,
  "run_label": null,
  "benchmark_mode": "standard",
  "draft_model_repo": null,
  "draft_preset": "llama-3.2-1b",
  "num_draft_tokens": null,
  "draft_accept_rate": null,
  "prefix_cache_cold_ttft_ms": null,
  "prefix_cache_warm_ttft_ms": null,
  "prefix_system_tokens": null,
  "workload": null,
  "schema_version": 1,
  "trials": {
    "ttft_ms": [
      190.31058298423886,
      190.09262486360967,
      193.89325007796288
    ],
    "throughput_tps": [
      35.11163757991527,
      34.59663065103876,
      33.980252676381824
    ],
    "memory_gb": [
      16.455534652,
      16.455534652,
      16.455534652
    ],
    "prompt_tps": [
      2690.3390866203317,
      2693.4237999362517,
      2640.6282828006083
    ]
  },
  "stats": {
    "ttft_ms": {
      "n": 3,
      "mean": 191.4322,
      "median": 190.3106,
      "p50": 190.3106,
      "p95": 193.535,
      "std": 1.7425,
      "min": 190.0926,
      "max": 193.8933
    },
    "throughput_tps": {
      "n": 3,
      "mean": 34.5628,
      "median": 34.5966,
      "p50": 34.5966,
      "p95": 35.0601,
      "std": 0.4625,
      "min": 33.9803,
      "max": 35.1116
    },
    "memory_gb": {
      "n": 3,
      "mean": 16.4555,
      "median": 16.4555,
      "p50": 16.4555,
      "p95": 16.4555,
      "std": 0.0,
      "min": 16.4555,
      "max": 16.4555
    },
    "prompt_tps": {
      "n": 3,
      "mean": 2674.7971,
      "median": 2690.3391,
      "p50": 2690.3391,
      "p95": 2693.1153,
      "std": 24.1938,
      "min": 2640.6283,
      "max": 2693.4238
    }
  },
  "warmup_policy": {
    "warmup_trials": 1,
    "warmup_discarded": true,
    "measured_trials_field": "num_trials",
    "description": "One full generate before timed trials; trials use seed+trial."
  }
}
