{
  "timestamp": "2026-05-25T04:15:48.126310+00:00",
  "hardware": "Mac M5 Max",
  "model_preset": "mistral-7b",
  "configuration": "fp16",
  "weight_bits": 16,
  "optimizations": {
    "weight_bits": 16,
    "kv_cache": false,
    "prefill": false
  },
  "model_repo": "mlx-community/Mistral-7B-Instruct-v0.3",
  "kv_bits": null,
  "prefill_step_size": 512,
  "prompt_tokens": 512,
  "generation_tokens": 128,
  "num_trials": 3,
  "memory_gb": 14.8911,
  "ttft_ms": 189.601,
  "throughput_tps": 36.538,
  "prompt_tps": 2700.4077,
  "mlx_version": "0.31.2",
  "mlx_lm_version": "0.29.1",
  "platform": "macOS-26.4.1-arm64-arm-64bit-Mach-O",
  "status": "ok",
  "error": null,
  "article_id": 1,
  "run_label": null,
  "benchmark_mode": "standard",
  "draft_model_repo": null,
  "draft_preset": null,
  "num_draft_tokens": null,
  "draft_accept_rate": null,
  "prefix_cache_cold_ttft_ms": null,
  "prefix_cache_warm_ttft_ms": null,
  "prefix_system_tokens": null,
  "workload": null,
  "schema_version": 1,
  "trials": {
    "ttft_ms": [
      191.36429205536845,
      189.60099993273613,
      187.78149993158877
    ],
    "throughput_tps": [
      36.71332294380188,
      36.5379928316332,
      36.31816213439353
    ],
    "memory_gb": [
      14.891051068,
      14.891051068,
      14.891051068
    ],
    "prompt_tps": [
      2675.5252743383303,
      2700.4076992296445,
      2726.5731724718794
    ]
  },
  "stats": {
    "ttft_ms": {
      "n": 3,
      "mean": 189.5823,
      "median": 189.601,
      "p50": 189.601,
      "p95": 191.188,
      "std": 1.4627,
      "min": 187.7815,
      "max": 191.3643
    },
    "throughput_tps": {
      "n": 3,
      "mean": 36.5232,
      "median": 36.538,
      "p50": 36.538,
      "p95": 36.6958,
      "std": 0.1617,
      "min": 36.3182,
      "max": 36.7133
    },
    "memory_gb": {
      "n": 3,
      "mean": 14.8911,
      "median": 14.8911,
      "p50": 14.8911,
      "p95": 14.8911,
      "std": 0.0,
      "min": 14.8911,
      "max": 14.8911
    },
    "prompt_tps": {
      "n": 3,
      "mean": 2700.8354,
      "median": 2700.4077,
      "p50": 2700.4077,
      "p95": 2723.9566,
      "std": 20.8424,
      "min": 2675.5253,
      "max": 2726.5732
    }
  },
  "warmup_policy": {
    "warmup_trials": 1,
    "warmup_discarded": true,
    "measured_trials_field": "num_trials",
    "description": "One full generate before timed trials; trials use seed+trial."
  }
}
