{
  "timestamp": "2026-05-25T04:16:16.525562+00:00",
  "hardware": "Mac M5 Max",
  "model_preset": "mistral-7b",
  "configuration": "w4",
  "weight_bits": 4,
  "optimizations": {
    "weight_bits": 4,
    "kv_cache": false,
    "prefill": false
  },
  "model_repo": "mlx-community/Mistral-7B-Instruct-v0.3-4bit",
  "kv_bits": null,
  "prefill_step_size": 512,
  "prompt_tokens": 512,
  "generation_tokens": 128,
  "num_trials": 3,
  "memory_gb": 4.6727,
  "ttft_ms": 163.5318,
  "throughput_tps": 115.3124,
  "prompt_tps": 3130.8897,
  "mlx_version": "0.31.2",
  "mlx_lm_version": "0.29.1",
  "platform": "macOS-26.4.1-arm64-arm-64bit-Mach-O",
  "status": "ok",
  "error": null,
  "article_id": 1,
  "run_label": null,
  "benchmark_mode": "standard",
  "draft_model_repo": null,
  "draft_preset": null,
  "num_draft_tokens": null,
  "draft_accept_rate": null,
  "prefix_cache_cold_ttft_ms": null,
  "prefix_cache_warm_ttft_ms": null,
  "prefix_system_tokens": null,
  "workload": null,
  "schema_version": 1,
  "trials": {
    "ttft_ms": [
      164.07408309169114,
      162.90704114362597,
      163.53179211728275
    ],
    "throughput_tps": [
      115.44192441979104,
      115.31240652528562,
      113.83692664069805
    ],
    "memory_gb": [
      4.672694404,
      4.672694404,
      4.672694404
    ],
    "prompt_tps": [
      3120.541589215367,
      3142.896687618299,
      3130.88967821499
    ]
  },
  "stats": {
    "ttft_ms": {
      "n": 3,
      "mean": 163.5043,
      "median": 163.5318,
      "p50": 163.5318,
      "p95": 164.0199,
      "std": 0.4768,
      "min": 162.907,
      "max": 164.0741
    },
    "throughput_tps": {
      "n": 3,
      "mean": 114.8638,
      "median": 115.3124,
      "p50": 115.3124,
      "p95": 115.429,
      "std": 0.728,
      "min": 113.8369,
      "max": 115.4419
    },
    "memory_gb": {
      "n": 3,
      "mean": 4.6727,
      "median": 4.6727,
      "p50": 4.6727,
      "p95": 4.6727,
      "std": 0.0,
      "min": 4.6727,
      "max": 4.6727
    },
    "prompt_tps": {
      "n": 3,
      "mean": 3131.4427,
      "median": 3130.8897,
      "p50": 3130.8897,
      "p95": 3141.696,
      "std": 9.1348,
      "min": 3120.5416,
      "max": 3142.8967
    }
  },
  "warmup_policy": {
    "warmup_trials": 1,
    "warmup_discarded": true,
    "measured_trials_field": "num_trials",
    "description": "One full generate before timed trials; trials use seed+trial."
  }
}
