{
  "timestamp": "2026-05-20T18:26:36.207353+00:00",
  "hardware": "Mac M3",
  "model_preset": "llama3-8b",
  "configuration": "w4",
  "weight_bits": 4,
  "optimizations": {
    "weight_bits": 4,
    "kv_cache": false,
    "prefill": false
  },
  "model_repo": "mlx-community/Meta-Llama-3.1-8B-Instruct-4bit",
  "kv_bits": null,
  "prefill_step_size": 512,
  "prompt_tokens": 512,
  "generation_tokens": 128,
  "num_trials": 3,
  "memory_gb": 5.0572,
  "ttft_ms": 3390.0374,
  "throughput_tps": 18.8422,
  "prompt_tps": 151.0308,
  "mlx_version": "0.31.2",
  "mlx_lm_version": "0.31.3",
  "platform": "macOS-26.3.1-arm64-arm-64bit-Mach-O",
  "status": "ok",
  "error": null,
  "article_id": 6,
  "run_label": "llama3-8b_w4_baseline",
  "benchmark_mode": "standard",
  "draft_model_repo": null,
  "draft_preset": "qwen-0.5b",
  "num_draft_tokens": null,
  "draft_accept_rate": null,
  "prefix_cache_cold_ttft_ms": null,
  "prefix_cache_warm_ttft_ms": null,
  "prefix_system_tokens": null,
  "workload": null,
  "schema_version": 1,
  "trials": {
    "ttft_ms": [
      3390.037375036627,
      3400.467416970059,
      3345.644958084449
    ],
    "throughput_tps": [
      18.92729389435909,
      17.88627834404621,
      18.842248814831553
    ],
    "memory_gb": [
      5.057169516,
      5.057169516,
      5.057169516
    ],
    "prompt_tps": [
      151.03078325042603,
      150.56753593487178,
      153.03476800872076
    ]
  },
  "stats": {
    "ttft_ms": {
      "n": 3,
      "mean": 3378.7166,
      "median": 3390.0374,
      "p50": 3390.0374,
      "p95": 3399.4244,
      "std": 23.7697,
      "min": 3345.645,
      "max": 3400.4674
    },
    "throughput_tps": {
      "n": 3,
      "mean": 18.5519,
      "median": 18.8422,
      "p50": 18.8422,
      "p95": 18.9188,
      "std": 0.472,
      "min": 17.8863,
      "max": 18.9273
    },
    "memory_gb": {
      "n": 3,
      "mean": 5.0572,
      "median": 5.0572,
      "p50": 5.0572,
      "p95": 5.0572,
      "std": 0.0,
      "min": 5.0572,
      "max": 5.0572
    },
    "prompt_tps": {
      "n": 3,
      "mean": 151.5444,
      "median": 151.0308,
      "p50": 151.0308,
      "p95": 152.8344,
      "std": 1.0707,
      "min": 150.5675,
      "max": 153.0348
    }
  },
  "warmup_policy": {
    "warmup_trials": 1,
    "warmup_discarded": true,
    "measured_trials_field": "num_trials",
    "description": "One full generate before timed trials; trials use seed+trial."
  }
}
