{
  "timestamp": "2026-05-25T04:35:43.250554+00:00",
  "hardware": "Mac M5 Max",
  "model_preset": "llama3-8b",
  "configuration": "w4+prefill",
  "weight_bits": 4,
  "optimizations": {
    "weight_bits": 4,
    "kv_cache": false,
    "prefill": true
  },
  "model_repo": "mlx-community/Meta-Llama-3.1-8B-Instruct-4bit",
  "kv_bits": null,
  "prefill_step_size": 2048,
  "prompt_tokens": 1024,
  "generation_tokens": 64,
  "num_trials": 3,
  "memory_gb": 5.3687,
  "ttft_ms": 293.9299,
  "throughput_tps": 112.5917,
  "prompt_tps": 3483.8237,
  "mlx_version": "0.31.2",
  "mlx_lm_version": "0.29.1",
  "platform": "macOS-26.4.1-arm64-arm-64bit-Mach-O",
  "status": "ok",
  "error": null,
  "article_id": 3,
  "run_label": "w4_prefill_p1024",
  "benchmark_mode": "standard",
  "draft_model_repo": null,
  "draft_preset": "llama-3.2-1b",
  "num_draft_tokens": null,
  "draft_accept_rate": null,
  "prefix_cache_cold_ttft_ms": null,
  "prefix_cache_warm_ttft_ms": null,
  "prefix_system_tokens": null,
  "workload": null,
  "schema_version": 1,
  "trials": {
    "ttft_ms": [
      294.34383288025856,
      292.945166118443,
      293.9299170393497
    ],
    "throughput_tps": [
      112.591703352151,
      112.44222220593154,
      112.77830317590042
    ],
    "memory_gb": [
      5.368680544,
      5.368680544,
      5.368680544
    ],
    "prompt_tps": [
      3478.9245963803546,
      3495.5347226517415,
      3483.823662165402
    ]
  },
  "stats": {
    "ttft_ms": {
      "n": 3,
      "mean": 293.7396,
      "median": 293.9299,
      "p50": 293.9299,
      "p95": 294.3024,
      "std": 0.5866,
      "min": 292.9452,
      "max": 294.3438
    },
    "throughput_tps": {
      "n": 3,
      "mean": 112.6041,
      "median": 112.5917,
      "p50": 112.5917,
      "p95": 112.7596,
      "std": 0.1375,
      "min": 112.4422,
      "max": 112.7783
    },
    "memory_gb": {
      "n": 3,
      "mean": 5.3687,
      "median": 5.3687,
      "p50": 5.3687,
      "p95": 5.3687,
      "std": 0.0,
      "min": 5.3687,
      "max": 5.3687
    },
    "prompt_tps": {
      "n": 3,
      "mean": 3486.0943,
      "median": 3483.8237,
      "p50": 3483.8237,
      "p95": 3494.3636,
      "std": 6.9685,
      "min": 3478.9246,
      "max": 3495.5347
    }
  },
  "warmup_policy": {
    "warmup_trials": 1,
    "warmup_discarded": true,
    "measured_trials_field": "num_trials",
    "description": "One full generate before timed trials; trials use seed+trial."
  }
}
