{
  "timestamp": "2026-05-23T06:10:37.292171+00:00",
  "hardware": "Mac M5 Max",
  "model_preset": "qwen-35b",
  "configuration": "w4",
  "weight_bits": 4,
  "optimizations": {
    "weight_bits": 4,
    "kv_cache": false,
    "prefill": false
  },
  "model_repo": "mlx-community/Qwen2.5-32B-Instruct-4bit",
  "kv_bits": null,
  "prefill_step_size": 512,
  "prompt_tokens": 512,
  "generation_tokens": 128,
  "num_trials": 3,
  "memory_gb": 19.1186,
  "ttft_ms": 702.755,
  "throughput_tps": 28.3171,
  "prompt_tps": 728.5611,
  "mlx_version": "0.31.2",
  "mlx_lm_version": "0.29.1",
  "platform": "macOS-26.4.1-arm64-arm-64bit-Mach-O",
  "status": "ok",
  "error": null,
  "article_id": 4,
  "run_label": null,
  "benchmark_mode": "standard",
  "draft_model_repo": null,
  "draft_preset": "qwen-1.5b",
  "num_draft_tokens": null,
  "draft_accept_rate": null,
  "prefix_cache_cold_ttft_ms": null,
  "prefix_cache_warm_ttft_ms": null,
  "prefix_system_tokens": null,
  "workload": null,
  "schema_version": 1,
  "trials": {
    "ttft_ms": [
      711.4687920548022,
      702.7181668672711,
      702.7550409547985
    ],
    "throughput_tps": [
      28.4186918422171,
      28.283019631280123,
      28.31708311556703
    ],
    "memory_gb": [
      19.118616672,
      19.118616672,
      19.118616672
    ],
    "prompt_tps": [
      719.6380301113226,
      728.5993505511666,
      728.5611203932041
    ]
  },
  "stats": {
    "ttft_ms": {
      "n": 3,
      "mean": 705.6473,
      "median": 702.755,
      "p50": 702.755,
      "p95": 710.5974,
      "std": 4.1164,
      "min": 702.7182,
      "max": 711.4688
    },
    "throughput_tps": {
      "n": 3,
      "mean": 28.3396,
      "median": 28.3171,
      "p50": 28.3171,
      "p95": 28.4085,
      "std": 0.0576,
      "min": 28.283,
      "max": 28.4187
    },
    "memory_gb": {
      "n": 3,
      "mean": 19.1186,
      "median": 19.1186,
      "p50": 19.1186,
      "p95": 19.1186,
      "std": 0.0,
      "min": 19.1186,
      "max": 19.1186
    },
    "prompt_tps": {
      "n": 3,
      "mean": 725.5995,
      "median": 728.5611,
      "p50": 728.5611,
      "p95": 728.5955,
      "std": 4.2154,
      "min": 719.638,
      "max": 728.5994
    }
  },
  "warmup_policy": {
    "warmup_trials": 1,
    "warmup_discarded": true,
    "measured_trials_field": "num_trials",
    "description": "One full generate before timed trials; trials use seed+trial."
  }
}
