{
  "timestamp": "2026-05-25T05:03:35.271262+00:00",
  "hardware": "Mac M5 Max",
  "model_preset": "qwen-35b",
  "configuration": "w4",
  "weight_bits": 4,
  "optimizations": {
    "weight_bits": 4,
    "kv_cache": false,
    "prefill": false
  },
  "model_repo": "mlx-community/Qwen2.5-32B-Instruct-4bit",
  "kv_bits": null,
  "prefill_step_size": 512,
  "prompt_tokens": 512,
  "generation_tokens": 128,
  "num_trials": 3,
  "memory_gb": 19.1186,
  "ttft_ms": 1873.915,
  "throughput_tps": 18.5529,
  "prompt_tps": 273.2248,
  "mlx_version": "0.31.2",
  "mlx_lm_version": "0.29.1",
  "platform": "macOS-26.4.1-arm64-arm-64bit-Mach-O",
  "status": "ok",
  "error": null,
  "article_id": 4,
  "run_label": null,
  "benchmark_mode": "standard",
  "draft_model_repo": null,
  "draft_preset": "qwen-1.5b",
  "num_draft_tokens": null,
  "draft_accept_rate": null,
  "prefix_cache_cold_ttft_ms": null,
  "prefix_cache_warm_ttft_ms": null,
  "prefix_system_tokens": null,
  "workload": null,
  "schema_version": 1,
  "trials": {
    "ttft_ms": [
      1873.9150001201779,
      1932.176207890734,
      1868.1350001133976
    ],
    "throughput_tps": [
      17.710328074297692,
      18.703915580615785,
      18.552905388910265
    ],
    "memory_gb": [
      19.118616672,
      19.118616672,
      19.118616672
    ],
    "prompt_tps": [
      273.22477271763364,
      264.9861839251847,
      274.0701287481478
    ]
  },
  "stats": {
    "ttft_ms": {
      "n": 3,
      "mean": 1891.4087,
      "median": 1873.915,
      "p50": 1873.915,
      "p95": 1926.3501,
      "std": 28.9234,
      "min": 1868.135,
      "max": 1932.1762
    },
    "throughput_tps": {
      "n": 3,
      "mean": 18.3224,
      "median": 18.5529,
      "p50": 18.5529,
      "p95": 18.6888,
      "std": 0.4372,
      "min": 17.7103,
      "max": 18.7039
    },
    "memory_gb": {
      "n": 3,
      "mean": 19.1186,
      "median": 19.1186,
      "p50": 19.1186,
      "p95": 19.1186,
      "std": 0.0,
      "min": 19.1186,
      "max": 19.1186
    },
    "prompt_tps": {
      "n": 3,
      "mean": 270.7604,
      "median": 273.2248,
      "p50": 273.2248,
      "p95": 273.9856,
      "std": 4.0975,
      "min": 264.9862,
      "max": 274.0701
    }
  },
  "warmup_policy": {
    "warmup_trials": 1,
    "warmup_discarded": true,
    "measured_trials_field": "num_trials",
    "description": "One full generate before timed trials; trials use seed+trial."
  }
}
