{
  "timestamp": "2026-05-25T05:02:52.045822+00:00",
  "hardware": "Mac M5 Max",
  "model_preset": "qwen-35b",
  "configuration": "w8",
  "weight_bits": 8,
  "optimizations": {
    "weight_bits": 8,
    "kv_cache": false,
    "prefill": false
  },
  "model_repo": "mlx-community/Qwen2.5-32B-Instruct-8bit",
  "kv_bits": null,
  "prefill_step_size": 512,
  "prompt_tokens": 512,
  "generation_tokens": 128,
  "num_trials": 3,
  "memory_gb": 35.3638,
  "ttft_ms": 2327.632,
  "throughput_tps": 9.9801,
  "prompt_tps": 219.966,
  "mlx_version": "0.31.2",
  "mlx_lm_version": "0.29.1",
  "platform": "macOS-26.4.1-arm64-arm-64bit-Mach-O",
  "status": "ok",
  "error": null,
  "article_id": 4,
  "run_label": null,
  "benchmark_mode": "standard",
  "draft_model_repo": null,
  "draft_preset": "qwen-1.5b",
  "num_draft_tokens": null,
  "draft_accept_rate": null,
  "prefix_cache_cold_ttft_ms": null,
  "prefix_cache_warm_ttft_ms": null,
  "prefix_system_tokens": null,
  "workload": null,
  "schema_version": 1,
  "trials": {
    "ttft_ms": [
      2610.7069170102477,
      2327.6320002041757,
      2220.299958018586
    ],
    "throughput_tps": [
      8.939665984888187,
      9.980065306906267,
      10.506142799342483
    ],
    "memory_gb": [
      35.363778632,
      35.363778632,
      35.363778632
    ],
    "prompt_tps": [
      196.1154646138283,
      219.96604272285666,
      230.59947290046026
    ]
  },
  "stats": {
    "ttft_ms": {
      "n": 3,
      "mean": 2386.213,
      "median": 2327.632,
      "p50": 2327.632,
      "p95": 2582.3994,
      "std": 164.6779,
      "min": 2220.3,
      "max": 2610.7069
    },
    "throughput_tps": {
      "n": 3,
      "mean": 9.8086,
      "median": 9.9801,
      "p50": 9.9801,
      "p95": 10.4535,
      "std": 0.6509,
      "min": 8.9397,
      "max": 10.5061
    },
    "memory_gb": {
      "n": 3,
      "mean": 35.3638,
      "median": 35.3638,
      "p50": 35.3638,
      "p95": 35.3638,
      "std": 0.0,
      "min": 35.3638,
      "max": 35.3638
    },
    "prompt_tps": {
      "n": 3,
      "mean": 215.5603,
      "median": 219.966,
      "p50": 219.966,
      "p95": 229.5361,
      "std": 14.4186,
      "min": 196.1155,
      "max": 230.5995
    }
  },
  "warmup_policy": {
    "warmup_trials": 1,
    "warmup_discarded": true,
    "measured_trials_field": "num_trials",
    "description": "One full generate before timed trials; trials use seed+trial."
  }
}
