{
  "timestamp": "2026-05-25T05:59:14.365743+00:00",
  "hardware": "Mac M5 Max",
  "model_preset": "gemma-27b",
  "configuration": "w4+prefill",
  "weight_bits": 4,
  "optimizations": {
    "weight_bits": 4,
    "kv_cache": false,
    "prefill": true
  },
  "model_repo": "mlx-community/gemma-2-27b-it-4bit",
  "kv_bits": null,
  "prefill_step_size": 2048,
  "prompt_tokens": 512,
  "generation_tokens": 128,
  "num_trials": 3,
  "memory_gb": 16.0632,
  "ttft_ms": 952.1823,
  "throughput_tps": 32.9494,
  "prompt_tps": 537.7121,
  "mlx_version": "0.31.2",
  "mlx_lm_version": "0.29.1",
  "platform": "macOS-26.4.1-arm64-arm-64bit-Mach-O",
  "status": "ok",
  "error": null,
  "article_id": 5,
  "run_label": null,
  "benchmark_mode": "standard",
  "draft_model_repo": null,
  "draft_preset": "qwen-1.5b",
  "num_draft_tokens": null,
  "draft_accept_rate": null,
  "prefix_cache_cold_ttft_ms": null,
  "prefix_cache_warm_ttft_ms": null,
  "prefix_system_tokens": null,
  "workload": null,
  "schema_version": 1,
  "trials": {
    "ttft_ms": [
      953.1611669808626,
      952.1823329851032,
      863.6370000895114
    ],
    "throughput_tps": [
      32.94936984663648,
      33.13022877747835,
      32.94837045142941
    ],
    "memory_gb": [
      16.06316761,
      16.06316761,
      16.06316761
    ],
    "prompt_tps": [
      537.1599449668723,
      537.7121400634202,
      592.84166837101
    ]
  },
  "stats": {
    "ttft_ms": {
      "n": 3,
      "mean": 922.9935,
      "median": 952.1823,
      "p50": 952.1823,
      "p95": 953.0633,
      "std": 41.9733,
      "min": 863.637,
      "max": 953.1612
    },
    "throughput_tps": {
      "n": 3,
      "mean": 33.0093,
      "median": 32.9494,
      "p50": 32.9494,
      "p95": 33.1121,
      "std": 0.0855,
      "min": 32.9484,
      "max": 33.1302
    },
    "memory_gb": {
      "n": 3,
      "mean": 16.0632,
      "median": 16.0632,
      "p50": 16.0632,
      "p95": 16.0632,
      "std": 0.0,
      "min": 16.0632,
      "max": 16.0632
    },
    "prompt_tps": {
      "n": 3,
      "mean": 555.9046,
      "median": 537.7121,
      "p50": 537.7121,
      "p95": 587.3287,
      "std": 26.1194,
      "min": 537.1599,
      "max": 592.8417
    }
  },
  "warmup_policy": {
    "warmup_trials": 1,
    "warmup_discarded": true,
    "measured_trials_field": "num_trials",
    "description": "One full generate before timed trials; trials use seed+trial."
  }
}
