{
  "timestamp": "2026-05-25T05:58:39.666329+00:00",
  "hardware": "Mac M5 Max",
  "model_preset": "gemma-27b",
  "configuration": "w4",
  "weight_bits": 4,
  "optimizations": {
    "weight_bits": 4,
    "kv_cache": false,
    "prefill": false
  },
  "model_repo": "mlx-community/gemma-2-27b-it-4bit",
  "kv_bits": null,
  "prefill_step_size": 512,
  "prompt_tokens": 512,
  "generation_tokens": 128,
  "num_trials": 3,
  "memory_gb": 16.0632,
  "ttft_ms": 991.8926,
  "throughput_tps": 33.0513,
  "prompt_tps": 516.1849,
  "mlx_version": "0.31.2",
  "mlx_lm_version": "0.29.1",
  "platform": "macOS-26.4.1-arm64-arm-64bit-Mach-O",
  "status": "ok",
  "error": null,
  "article_id": 5,
  "run_label": null,
  "benchmark_mode": "standard",
  "draft_model_repo": null,
  "draft_preset": "qwen-1.5b",
  "num_draft_tokens": null,
  "draft_accept_rate": null,
  "prefix_cache_cold_ttft_ms": null,
  "prefix_cache_warm_ttft_ms": null,
  "prefix_system_tokens": null,
  "workload": null,
  "schema_version": 1,
  "trials": {
    "ttft_ms": [
      991.8926248792559,
      992.5752498675138,
      913.6945409700274
    ],
    "throughput_tps": [
      32.962466247019364,
      33.122034094452154,
      33.05131410618017
    ],
    "memory_gb": [
      16.06316761,
      16.06316761,
      16.06316761
    ],
    "prompt_tps": [
      516.184904653693,
      515.8299081790931,
      560.3623279355846
    ]
  },
  "stats": {
    "ttft_ms": {
      "n": 3,
      "mean": 966.0541,
      "median": 991.8926,
      "p50": 991.8926,
      "p95": 992.507,
      "std": 37.0249,
      "min": 913.6945,
      "max": 992.5752
    },
    "throughput_tps": {
      "n": 3,
      "mean": 33.0453,
      "median": 33.0513,
      "p50": 33.0513,
      "p95": 33.115,
      "std": 0.0653,
      "min": 32.9625,
      "max": 33.122
    },
    "memory_gb": {
      "n": 3,
      "mean": 16.0632,
      "median": 16.0632,
      "p50": 16.0632,
      "p95": 16.0632,
      "std": 0.0,
      "min": 16.0632,
      "max": 16.0632
    },
    "prompt_tps": {
      "n": 3,
      "mean": 530.7924,
      "median": 516.1849,
      "p50": 516.1849,
      "p95": 555.9446,
      "std": 20.9096,
      "min": 515.8299,
      "max": 560.3623
    }
  },
  "warmup_policy": {
    "warmup_trials": 1,
    "warmup_discarded": true,
    "measured_trials_field": "num_trials",
    "description": "One full generate before timed trials; trials use seed+trial."
  }
}
