{
  "timestamp": "2026-05-23T15:28:46.063931+00:00",
  "hardware": "Mac M5 Max",
  "model_preset": "gemma-27b",
  "configuration": "w4",
  "weight_bits": 4,
  "optimizations": {
    "weight_bits": 4,
    "kv_cache": false,
    "prefill": false
  },
  "model_repo": "mlx-community/gemma-2-27b-it-4bit",
  "kv_bits": null,
  "prefill_step_size": 512,
  "prompt_tokens": 512,
  "generation_tokens": 128,
  "num_trials": 3,
  "memory_gb": 16.0632,
  "ttft_ms": 1052.3922,
  "throughput_tps": 32.421,
  "prompt_tps": 486.5107,
  "mlx_version": "0.31.2",
  "mlx_lm_version": "0.29.1",
  "platform": "macOS-26.4.1-arm64-arm-64bit-Mach-O",
  "status": "ok",
  "error": null,
  "article_id": 5,
  "run_label": null,
  "benchmark_mode": "standard",
  "draft_model_repo": null,
  "draft_preset": "qwen-1.5b",
  "num_draft_tokens": null,
  "draft_accept_rate": null,
  "prefix_cache_cold_ttft_ms": null,
  "prefix_cache_warm_ttft_ms": null,
  "prefix_system_tokens": null,
  "workload": null,
  "schema_version": 1,
  "trials": {
    "ttft_ms": [
      1052.3921670392156,
      1010.3435828350484,
      1161.3823340740055
    ],
    "throughput_tps": [
      32.406144523954225,
      32.84675759123689,
      32.42099848195604
    ],
    "memory_gb": [
      16.06316761,
      16.06316761,
      16.06316761
    ],
    "prompt_tps": [
      486.5106526214968,
      506.75830351029265,
      440.8539590954157
    ]
  },
  "stats": {
    "ttft_ms": {
      "n": 3,
      "mean": 1074.706,
      "median": 1052.3922,
      "p50": 1052.3922,
      "p95": 1150.4833,
      "std": 63.648,
      "min": 1010.3436,
      "max": 1161.3823
    },
    "throughput_tps": {
      "n": 3,
      "mean": 32.558,
      "median": 32.421,
      "p50": 32.421,
      "p95": 32.8042,
      "std": 0.2043,
      "min": 32.4061,
      "max": 32.8468
    },
    "memory_gb": {
      "n": 3,
      "mean": 16.0632,
      "median": 16.0632,
      "p50": 16.0632,
      "p95": 16.0632,
      "std": 0.0,
      "min": 16.0632,
      "max": 16.0632
    },
    "prompt_tps": {
      "n": 3,
      "mean": 478.041,
      "median": 486.5107,
      "p50": 486.5107,
      "p95": 504.7335,
      "std": 27.5638,
      "min": 440.854,
      "max": 506.7583
    }
  },
  "warmup_policy": {
    "warmup_trials": 1,
    "warmup_discarded": true,
    "measured_trials_field": "num_trials",
    "description": "One full generate before timed trials; trials use seed+trial."
  }
}
