{
  "timestamp": "2026-05-25T05:57:57.230345+00:00",
  "hardware": "Mac M5 Max",
  "model_preset": "gemma-27b",
  "configuration": "w8+prefill",
  "weight_bits": 8,
  "optimizations": {
    "weight_bits": 8,
    "kv_cache": false,
    "prefill": true
  },
  "model_repo": "mlx-community/gemma-2-27b-it-8bit",
  "kv_bits": null,
  "prefill_step_size": 2048,
  "prompt_tokens": 512,
  "generation_tokens": 128,
  "num_trials": 3,
  "memory_gb": 29.6763,
  "ttft_ms": 988.57,
  "throughput_tps": 18.229,
  "prompt_tps": 517.9198,
  "mlx_version": "0.31.2",
  "mlx_lm_version": "0.29.1",
  "platform": "macOS-26.4.1-arm64-arm-64bit-Mach-O",
  "status": "ok",
  "error": null,
  "article_id": 5,
  "run_label": null,
  "benchmark_mode": "standard",
  "draft_model_repo": null,
  "draft_preset": "qwen-1.5b",
  "num_draft_tokens": null,
  "draft_accept_rate": null,
  "prefix_cache_cold_ttft_ms": null,
  "prefix_cache_warm_ttft_ms": null,
  "prefix_system_tokens": null,
  "workload": null,
  "schema_version": 1,
  "trials": {
    "ttft_ms": [
      1017.3467500135303,
      988.5700000450015,
      979.997667018324
    ],
    "throughput_tps": [
      18.22897335139094,
      18.22733603382683,
      18.269696329480126
    ],
    "memory_gb": [
      29.67630553,
      29.67630553,
      29.67630553
    ],
    "prompt_tps": [
      503.2699028066789,
      517.9198235599835,
      522.450223333467
    ]
  },
  "stats": {
    "ttft_ms": {
      "n": 3,
      "mean": 995.3048,
      "median": 988.57,
      "p50": 988.57,
      "p95": 1014.4691,
      "std": 15.9741,
      "min": 979.9977,
      "max": 1017.3468
    },
    "throughput_tps": {
      "n": 3,
      "mean": 18.242,
      "median": 18.229,
      "p50": 18.229,
      "p95": 18.2656,
      "std": 0.0196,
      "min": 18.2273,
      "max": 18.2697
    },
    "memory_gb": {
      "n": 3,
      "mean": 29.6763,
      "median": 29.6763,
      "p50": 29.6763,
      "p95": 29.6763,
      "std": 0.0,
      "min": 29.6763,
      "max": 29.6763
    },
    "prompt_tps": {
      "n": 3,
      "mean": 514.5466,
      "median": 517.9198,
      "p50": 517.9198,
      "p95": 521.9972,
      "std": 8.1856,
      "min": 503.2699,
      "max": 522.4502
    }
  },
  "warmup_policy": {
    "warmup_trials": 1,
    "warmup_discarded": true,
    "measured_trials_field": "num_trials",
    "description": "One full generate before timed trials; trials use seed+trial."
  }
}
