{
  "timestamp": "2026-05-23T15:28:02.942008+00:00",
  "hardware": "Mac M5 Max",
  "model_preset": "gemma-27b",
  "configuration": "w8+prefill",
  "weight_bits": 8,
  "optimizations": {
    "weight_bits": 8,
    "kv_cache": false,
    "prefill": true
  },
  "model_repo": "mlx-community/gemma-2-27b-it-8bit",
  "kv_bits": null,
  "prefill_step_size": 2048,
  "prompt_tokens": 512,
  "generation_tokens": 128,
  "num_trials": 3,
  "memory_gb": 29.6763,
  "ttft_ms": 1198.9068,
  "throughput_tps": 18.3098,
  "prompt_tps": 427.0557,
  "mlx_version": "0.31.2",
  "mlx_lm_version": "0.29.1",
  "platform": "macOS-26.4.1-arm64-arm-64bit-Mach-O",
  "status": "ok",
  "error": null,
  "article_id": 5,
  "run_label": null,
  "benchmark_mode": "standard",
  "draft_model_repo": null,
  "draft_preset": "qwen-1.5b",
  "num_draft_tokens": null,
  "draft_accept_rate": null,
  "prefix_cache_cold_ttft_ms": null,
  "prefix_cache_warm_ttft_ms": null,
  "prefix_system_tokens": null,
  "workload": null,
  "schema_version": 1,
  "trials": {
    "ttft_ms": [
      1179.4519170653075,
      1198.9068340044469,
      1232.0313330274075
    ],
    "throughput_tps": [
      18.12497542152393,
      18.309785221536856,
      18.310163805535396
    ],
    "memory_gb": [
      29.67630553,
      29.67630553,
      29.67630553
    ],
    "prompt_tps": [
      434.0999345475226,
      427.05570230997694,
      415.5738464393504
    ]
  },
  "stats": {
    "ttft_ms": {
      "n": 3,
      "mean": 1203.4634,
      "median": 1198.9068,
      "p50": 1198.9068,
      "p95": 1228.7189,
      "std": 21.7059,
      "min": 1179.4519,
      "max": 1232.0313
    },
    "throughput_tps": {
      "n": 3,
      "mean": 18.2483,
      "median": 18.3098,
      "p50": 18.3098,
      "p95": 18.3101,
      "std": 0.0872,
      "min": 18.125,
      "max": 18.3102
    },
    "memory_gb": {
      "n": 3,
      "mean": 29.6763,
      "median": 29.6763,
      "p50": 29.6763,
      "p95": 29.6763,
      "std": 0.0,
      "min": 29.6763,
      "max": 29.6763
    },
    "prompt_tps": {
      "n": 3,
      "mean": 425.5765,
      "median": 427.0557,
      "p50": 427.0557,
      "p95": 433.3955,
      "std": 7.6352,
      "min": 415.5738,
      "max": 434.0999
    }
  },
  "warmup_policy": {
    "warmup_trials": 1,
    "warmup_discarded": true,
    "measured_trials_field": "num_trials",
    "description": "One full generate before timed trials; trials use seed+trial."
  }
}
