{
  "timestamp": "2026-05-23T15:27:02.863126+00:00",
  "hardware": "Mac M5 Max",
  "model_preset": "gemma-27b",
  "configuration": "w8",
  "weight_bits": 8,
  "optimizations": {
    "weight_bits": 8,
    "kv_cache": false,
    "prefill": false
  },
  "model_repo": "mlx-community/gemma-2-27b-it-8bit",
  "kv_bits": null,
  "prefill_step_size": 512,
  "prompt_tokens": 512,
  "generation_tokens": 128,
  "num_trials": 3,
  "memory_gb": 29.6763,
  "ttft_ms": 1286.6697,
  "throughput_tps": 18.1419,
  "prompt_tps": 397.9265,
  "mlx_version": "0.31.2",
  "mlx_lm_version": "0.29.1",
  "platform": "macOS-26.4.1-arm64-arm-64bit-Mach-O",
  "status": "ok",
  "error": null,
  "article_id": 5,
  "run_label": null,
  "benchmark_mode": "standard",
  "draft_model_repo": null,
  "draft_preset": "qwen-1.5b",
  "num_draft_tokens": null,
  "draft_accept_rate": null,
  "prefix_cache_cold_ttft_ms": null,
  "prefix_cache_warm_ttft_ms": null,
  "prefix_system_tokens": null,
  "workload": null,
  "schema_version": 1,
  "trials": {
    "ttft_ms": [
      1286.6697499994189,
      1373.6249580979347,
      1270.674667088315
    ],
    "throughput_tps": [
      18.251107794706005,
      18.128638161866103,
      18.141872775231693
    ],
    "memory_gb": [
      29.67630553,
      29.67630553,
      29.67630553
    ],
    "prompt_tps": [
      397.9265075597147,
      372.736384106597,
      402.9355532625998
    ]
  },
  "stats": {
    "ttft_ms": {
      "n": 3,
      "mean": 1310.3231,
      "median": 1286.6697,
      "p50": 1286.6697,
      "p95": 1364.9294,
      "std": 45.235,
      "min": 1270.6747,
      "max": 1373.625
    },
    "throughput_tps": {
      "n": 3,
      "mean": 18.1739,
      "median": 18.1419,
      "p50": 18.1419,
      "p95": 18.2402,
      "std": 0.0549,
      "min": 18.1286,
      "max": 18.2511
    },
    "memory_gb": {
      "n": 3,
      "mean": 29.6763,
      "median": 29.6763,
      "p50": 29.6763,
      "p95": 29.6763,
      "std": 0.0,
      "min": 29.6763,
      "max": 29.6763
    },
    "prompt_tps": {
      "n": 3,
      "mean": 391.1995,
      "median": 397.9265,
      "p50": 397.9265,
      "p95": 402.4346,
      "std": 13.2146,
      "min": 372.7364,
      "max": 402.9356
    }
  },
  "warmup_policy": {
    "warmup_trials": 1,
    "warmup_discarded": true,
    "measured_trials_field": "num_trials",
    "description": "One full generate before timed trials; trials use seed+trial."
  }
}
