{
  "timestamp": "2026-05-25T05:56:56.157372+00:00",
  "hardware": "Mac M5 Max",
  "model_preset": "gemma-27b",
  "configuration": "w8",
  "weight_bits": 8,
  "optimizations": {
    "weight_bits": 8,
    "kv_cache": false,
    "prefill": false
  },
  "model_repo": "mlx-community/gemma-2-27b-it-8bit",
  "kv_bits": null,
  "prefill_step_size": 512,
  "prompt_tokens": 512,
  "generation_tokens": 128,
  "num_trials": 3,
  "memory_gb": 29.6763,
  "ttft_ms": 1256.19,
  "throughput_tps": 18.2409,
  "prompt_tps": 407.5817,
  "mlx_version": "0.31.2",
  "mlx_lm_version": "0.29.1",
  "platform": "macOS-26.4.1-arm64-arm-64bit-Mach-O",
  "status": "ok",
  "error": null,
  "article_id": 5,
  "run_label": null,
  "benchmark_mode": "standard",
  "draft_model_repo": null,
  "draft_preset": "qwen-1.5b",
  "num_draft_tokens": null,
  "draft_accept_rate": null,
  "prefix_cache_cold_ttft_ms": null,
  "prefix_cache_warm_ttft_ms": null,
  "prefix_system_tokens": null,
  "workload": null,
  "schema_version": 1,
  "trials": {
    "ttft_ms": [
      1256.190000101924,
      1279.6909578610212,
      1233.2877500448376
    ],
    "throughput_tps": [
      18.26706936982914,
      18.195375545732126,
      18.240935070164372
    ],
    "memory_gb": [
      29.67630553,
      29.67630553,
      29.67630553
    ],
    "prompt_tps": [
      407.58165560819435,
      400.09659899121124,
      415.1504788573353
    ]
  },
  "stats": {
    "ttft_ms": {
      "n": 3,
      "mean": 1256.3896,
      "median": 1256.19,
      "p50": 1256.19,
      "p95": 1277.3409,
      "std": 18.9446,
      "min": 1233.2878,
      "max": 1279.691
    },
    "throughput_tps": {
      "n": 3,
      "mean": 18.2345,
      "median": 18.2409,
      "p50": 18.2409,
      "p95": 18.2645,
      "std": 0.0296,
      "min": 18.1954,
      "max": 18.2671
    },
    "memory_gb": {
      "n": 3,
      "mean": 29.6763,
      "median": 29.6763,
      "p50": 29.6763,
      "p95": 29.6763,
      "std": 0.0,
      "min": 29.6763,
      "max": 29.6763
    },
    "prompt_tps": {
      "n": 3,
      "mean": 407.6096,
      "median": 407.5817,
      "p50": 407.5817,
      "p95": 414.3936,
      "std": 6.1458,
      "min": 400.0966,
      "max": 415.1505
    }
  },
  "warmup_policy": {
    "warmup_trials": 1,
    "warmup_discarded": true,
    "measured_trials_field": "num_trials",
    "description": "One full generate before timed trials; trials use seed+trial."
  }
}
