{
  "timestamp": "2026-05-20T17:51:51.315511+00:00",
  "hardware": "Mac M3",
  "model_preset": "llama-3.2-3b",
  "configuration": "w4",
  "weight_bits": 4,
  "optimizations": {
    "weight_bits": 4,
    "kv_cache": false,
    "prefill": false
  },
  "model_repo": "mlx-community/Llama-3.2-3B-Instruct-4bit",
  "kv_bits": null,
  "prefill_step_size": 512,
  "prompt_tokens": 512,
  "generation_tokens": 128,
  "num_trials": 3,
  "memory_gb": 2.3397,
  "ttft_ms": 1022.0537,
  "throughput_tps": 45.8372,
  "prompt_tps": 500.9522,
  "mlx_version": "0.31.2",
  "mlx_lm_version": "0.31.3",
  "platform": "macOS-26.3.1-arm64-arm-64bit-Mach-O",
  "status": "ok",
  "error": null,
  "article_id": 4,
  "run_label": null,
  "benchmark_mode": "standard",
  "draft_model_repo": null,
  "draft_preset": "qwen-0.5b",
  "num_draft_tokens": null,
  "draft_accept_rate": null,
  "prefix_cache_cold_ttft_ms": null,
  "prefix_cache_warm_ttft_ms": null,
  "prefix_system_tokens": null,
  "workload": null,
  "schema_version": 1,
  "trials": {
    "ttft_ms": [
      1020.0317918788642,
      1022.0536659471691,
      1039.9975420441478
    ],
    "throughput_tps": [
      45.82105218423264,
      45.976520879672584,
      45.83719351519493
    ],
    "memory_gb": [
      2.33974902,
      2.33974902,
      2.33974902
    ],
    "prompt_tps": [
      501.94513943228503,
      500.9521682264244,
      492.3088558398397
    ]
  },
  "stats": {
    "ttft_ms": {
      "n": 3,
      "mean": 1027.361,
      "median": 1022.0537,
      "p50": 1022.0537,
      "p95": 1038.2032,
      "std": 8.9734,
      "min": 1020.0318,
      "max": 1039.9975
    },
    "throughput_tps": {
      "n": 3,
      "mean": 45.8783,
      "median": 45.8372,
      "p50": 45.8372,
      "p95": 45.9626,
      "std": 0.0698,
      "min": 45.8211,
      "max": 45.9765
    },
    "memory_gb": {
      "n": 3,
      "mean": 2.3397,
      "median": 2.3397,
      "p50": 2.3397,
      "p95": 2.3397,
      "std": 0.0,
      "min": 2.3397,
      "max": 2.3397
    },
    "prompt_tps": {
      "n": 3,
      "mean": 498.4021,
      "median": 500.9522,
      "p50": 500.9522,
      "p95": 501.8458,
      "std": 4.3276,
      "min": 492.3089,
      "max": 501.9451
    }
  },
  "warmup_policy": {
    "warmup_trials": 1,
    "warmup_discarded": true,
    "measured_trials_field": "num_trials",
    "description": "One full generate before timed trials; trials use seed+trial."
  }
}
