{
  "timestamp": "2026-05-20T17:40:25.068238+00:00",
  "hardware": "Mac M3",
  "model_preset": "mistral-7b",
  "configuration": "w4+kv_cache",
  "weight_bits": 4,
  "optimizations": {
    "weight_bits": 4,
    "kv_cache": true,
    "prefill": false
  },
  "model_repo": "mlx-community/Mistral-7B-Instruct-v0.3-4bit",
  "kv_bits": 4,
  "prefill_step_size": 512,
  "prompt_tokens": 512,
  "generation_tokens": 128,
  "num_trials": 3,
  "memory_gb": 4.6151,
  "ttft_ms": 2806.9296,
  "throughput_tps": 21.1603,
  "prompt_tps": 182.4057,
  "mlx_version": "0.31.2",
  "mlx_lm_version": "0.31.3",
  "platform": "macOS-26.3.1-arm64-arm-64bit-Mach-O",
  "status": "ok",
  "error": null,
  "article_id": 2,
  "run_label": "mistral-7b_w4_kv",
  "benchmark_mode": "standard",
  "draft_model_repo": null,
  "draft_preset": "qwen-0.5b",
  "num_draft_tokens": null,
  "draft_accept_rate": null,
  "prefix_cache_cold_ttft_ms": null,
  "prefix_cache_warm_ttft_ms": null,
  "prefix_system_tokens": null,
  "workload": null,
  "schema_version": 1,
  "trials": {
    "ttft_ms": [
      2701.6250831075013,
      2806.9295829627663,
      2849.374416982755
    ],
    "throughput_tps": [
      21.41473027757512,
      21.139211950057486,
      21.160334811164827
    ],
    "memory_gb": [
      4.61505548,
      4.61505548,
      4.61505548
    ],
    "prompt_tps": [
      189.51556350338595,
      182.4057158781926,
      179.68856495250085
    ]
  },
  "stats": {
    "ttft_ms": {
      "n": 3,
      "mean": 2785.9764,
      "median": 2806.9296,
      "p50": 2806.9296,
      "p95": 2845.1299,
      "std": 62.1114,
      "min": 2701.6251,
      "max": 2849.3744
    },
    "throughput_tps": {
      "n": 3,
      "mean": 21.2381,
      "median": 21.1603,
      "p50": 21.1603,
      "p95": 21.3893,
      "std": 0.1252,
      "min": 21.1392,
      "max": 21.4147
    },
    "memory_gb": {
      "n": 3,
      "mean": 4.6151,
      "median": 4.6151,
      "p50": 4.6151,
      "p95": 4.6151,
      "std": 0.0,
      "min": 4.6151,
      "max": 4.6151
    },
    "prompt_tps": {
      "n": 3,
      "mean": 183.8699,
      "median": 182.4057,
      "p50": 182.4057,
      "p95": 188.8046,
      "std": 4.1433,
      "min": 179.6886,
      "max": 189.5156
    }
  },
  "warmup_policy": {
    "warmup_trials": 1,
    "warmup_discarded": true,
    "measured_trials_field": "num_trials",
    "description": "One full generate before timed trials; trials use seed+trial."
  }
}
