{
  "timestamp": "2026-05-20T16:13:04.301973+00:00",
  "hardware": "Mac M3",
  "model_preset": "gemma-2-2b",
  "configuration": "w4",
  "weight_bits": 4,
  "optimizations": {
    "weight_bits": 4,
    "kv_cache": false,
    "prefill": false
  },
  "model_repo": "mlx-community/gemma-2-2b-it-4bit",
  "kv_bits": null,
  "prefill_step_size": 512,
  "prompt_tokens": 512,
  "generation_tokens": 128,
  "num_trials": 3,
  "memory_gb": 2.1192,
  "ttft_ms": 799.5025,
  "throughput_tps": 54.424,
  "prompt_tps": 640.3982,
  "mlx_version": "0.31.2",
  "mlx_lm_version": "0.31.3",
  "platform": "macOS-26.3.1-arm64-arm-64bit-Mach-O",
  "status": "ok",
  "error": null,
  "article_id": 1,
  "run_label": null,
  "benchmark_mode": "standard",
  "draft_model_repo": null,
  "draft_preset": "qwen-0.5b",
  "num_draft_tokens": null,
  "draft_accept_rate": null,
  "prefix_cache_cold_ttft_ms": null,
  "prefix_cache_warm_ttft_ms": null,
  "prefix_system_tokens": null,
  "workload": null,
  "schema_version": 1,
  "trials": {
    "ttft_ms": [
      802.9293750878422,
      775.4403331782668,
      799.5024998672307
    ],
    "throughput_tps": [
      54.42397273715579,
      54.4414782793015,
      54.339146223681254
    ],
    "memory_gb": [
      2.119156566,
      2.119156566,
      2.119156566
    ],
    "prompt_tps": [
      637.665049860688,
      660.2700144593791,
      640.3982477666115
    ]
  },
  "stats": {
    "ttft_ms": {
      "n": 3,
      "mean": 792.6241,
      "median": 799.5025,
      "p50": 799.5025,
      "p95": 802.5867,
      "std": 12.231,
      "min": 775.4403,
      "max": 802.9294
    },
    "throughput_tps": {
      "n": 3,
      "mean": 54.4015,
      "median": 54.424,
      "p50": 54.424,
      "p95": 54.4397,
      "std": 0.0447,
      "min": 54.3391,
      "max": 54.4415
    },
    "memory_gb": {
      "n": 3,
      "mean": 2.1192,
      "median": 2.1192,
      "p50": 2.1192,
      "p95": 2.1192,
      "std": 0.0,
      "min": 2.1192,
      "max": 2.1192
    },
    "prompt_tps": {
      "n": 3,
      "mean": 646.1111,
      "median": 640.3982,
      "p50": 640.3982,
      "p95": 658.2828,
      "std": 10.0738,
      "min": 637.665,
      "max": 660.27
    }
  },
  "warmup_policy": {
    "warmup_trials": 1,
    "warmup_discarded": true,
    "measured_trials_field": "num_trials",
    "description": "One full generate before timed trials; trials use seed+trial."
  }
}
