{
  "timestamp": "2026-05-20T16:12:08.244967+00:00",
  "hardware": "Mac M3",
  "model_preset": "gemma-2-2b",
  "configuration": "w8",
  "weight_bits": 8,
  "optimizations": {
    "weight_bits": 8,
    "kv_cache": false,
    "prefill": false
  },
  "model_repo": "mlx-community/gemma-2-2b-it-8bit",
  "kv_bits": null,
  "prefill_step_size": 512,
  "prompt_tokens": 512,
  "generation_tokens": 128,
  "num_trials": 3,
  "memory_gb": 3.3193,
  "ttft_ms": 824.5278,
  "throughput_tps": 30.3305,
  "prompt_tps": 620.9615,
  "mlx_version": "0.31.2",
  "mlx_lm_version": "0.31.3",
  "platform": "macOS-26.3.1-arm64-arm-64bit-Mach-O",
  "status": "ok",
  "error": null,
  "article_id": 1,
  "run_label": null,
  "benchmark_mode": "standard",
  "draft_model_repo": null,
  "draft_preset": "qwen-0.5b",
  "num_draft_tokens": null,
  "draft_accept_rate": null,
  "prefix_cache_cold_ttft_ms": null,
  "prefix_cache_warm_ttft_ms": null,
  "prefix_system_tokens": null,
  "workload": null,
  "schema_version": 1,
  "trials": {
    "ttft_ms": [
      825.4419579170644,
      824.5278329122812,
      817.2558748628944
    ],
    "throughput_tps": [
      30.343416650805207,
      29.733946514386737,
      30.33054548450811
    ],
    "memory_gb": [
      3.319296886,
      3.319296886,
      3.319296886
    ],
    "prompt_tps": [
      620.2737758715226,
      620.9614515880994,
      626.4867781903615
    ]
  },
  "stats": {
    "ttft_ms": {
      "n": 3,
      "mean": 822.4086,
      "median": 824.5278,
      "p50": 824.5278,
      "p95": 825.3505,
      "std": 3.6626,
      "min": 817.2559,
      "max": 825.442
    },
    "throughput_tps": {
      "n": 3,
      "mean": 30.136,
      "median": 30.3305,
      "p50": 30.3305,
      "p95": 30.3421,
      "std": 0.2843,
      "min": 29.7339,
      "max": 30.3434
    },
    "memory_gb": {
      "n": 3,
      "mean": 3.3193,
      "median": 3.3193,
      "p50": 3.3193,
      "p95": 3.3193,
      "std": 0.0,
      "min": 3.3193,
      "max": 3.3193
    },
    "prompt_tps": {
      "n": 3,
      "mean": 622.574,
      "median": 620.9615,
      "p50": 620.9615,
      "p95": 625.9342,
      "std": 2.781,
      "min": 620.2738,
      "max": 626.4868
    }
  },
  "warmup_policy": {
    "warmup_trials": 1,
    "warmup_discarded": true,
    "measured_trials_field": "num_trials",
    "description": "One full generate before timed trials; trials use seed+trial."
  }
}
