{
  "timestamp": "2026-05-25T04:43:16.367391+00:00",
  "hardware": "Mac M5 Max",
  "model_preset": "qwen-7b",
  "configuration": "fp16",
  "weight_bits": 16,
  "optimizations": {
    "weight_bits": 16,
    "kv_cache": false,
    "prefill": false
  },
  "model_repo": "mlx-community/Qwen2.5-7B-Instruct-bf16",
  "kv_bits": null,
  "prefill_step_size": 512,
  "prompt_tokens": 512,
  "generation_tokens": 128,
  "num_trials": 3,
  "memory_gb": 15.7099,
  "ttft_ms": 428.2547,
  "throughput_tps": 28.3832,
  "prompt_tps": 1195.5503,
  "mlx_version": "0.31.2",
  "mlx_lm_version": "0.29.1",
  "platform": "macOS-26.4.1-arm64-arm-64bit-Mach-O",
  "status": "ok",
  "error": null,
  "article_id": 4,
  "run_label": null,
  "benchmark_mode": "standard",
  "draft_model_repo": null,
  "draft_preset": "qwen-0.5b",
  "num_draft_tokens": null,
  "draft_accept_rate": null,
  "prefix_cache_cold_ttft_ms": null,
  "prefix_cache_warm_ttft_ms": null,
  "prefix_system_tokens": null,
  "workload": null,
  "schema_version": 1,
  "trials": {
    "ttft_ms": [
      178.40637499466538,
      477.8770830016583,
      428.2546669710428
    ],
    "throughput_tps": [
      28.015883654838884,
      28.38322655505792,
      29.524848600819833
    ],
    "memory_gb": [
      15.70987732,
      15.70987732,
      15.70987732
    ],
    "prompt_tps": [
      2869.852604848395,
      1071.4052173919026,
      1195.5503103358353
    ]
  },
  "stats": {
    "ttft_ms": {
      "n": 3,
      "mean": 361.5127,
      "median": 428.2547,
      "p50": 428.2547,
      "p95": 472.9148,
      "std": 131.051,
      "min": 178.4064,
      "max": 477.8771
    },
    "throughput_tps": {
      "n": 3,
      "mean": 28.6413,
      "median": 28.3832,
      "p50": 28.3832,
      "p95": 29.4107,
      "std": 0.6425,
      "min": 28.0159,
      "max": 29.5248
    },
    "memory_gb": {
      "n": 3,
      "mean": 15.7099,
      "median": 15.7099,
      "p50": 15.7099,
      "p95": 15.7099,
      "std": 0.0,
      "min": 15.7099,
      "max": 15.7099
    },
    "prompt_tps": {
      "n": 3,
      "mean": 1712.2694,
      "median": 1195.5503,
      "p50": 1195.5503,
      "p95": 2702.4224,
      "std": 820.1025,
      "min": 1071.4052,
      "max": 2869.8526
    }
  },
  "warmup_policy": {
    "warmup_trials": 1,
    "warmup_discarded": true,
    "measured_trials_field": "num_trials",
    "description": "One full generate before timed trials; trials use seed+trial."
  }
}
