{
  "timestamp": "2026-05-25T04:43:49.566192+00:00",
  "hardware": "Mac M5 Max",
  "model_preset": "qwen-7b",
  "configuration": "w4",
  "weight_bits": 4,
  "optimizations": {
    "weight_bits": 4,
    "kv_cache": false,
    "prefill": false
  },
  "model_repo": "mlx-community/Qwen2.5-7B-Instruct-4bit",
  "kv_bits": null,
  "prefill_step_size": 512,
  "prompt_tokens": 512,
  "generation_tokens": 128,
  "num_trials": 3,
  "memory_gb": 4.848,
  "ttft_ms": 177.6535,
  "throughput_tps": 113.8364,
  "prompt_tps": 2882.0147,
  "mlx_version": "0.31.2",
  "mlx_lm_version": "0.29.1",
  "platform": "macOS-26.4.1-arm64-arm-64bit-Mach-O",
  "status": "ok",
  "error": null,
  "article_id": 4,
  "run_label": null,
  "benchmark_mode": "standard",
  "draft_model_repo": null,
  "draft_preset": "qwen-0.5b",
  "num_draft_tokens": null,
  "draft_accept_rate": null,
  "prefix_cache_cold_ttft_ms": null,
  "prefix_cache_warm_ttft_ms": null,
  "prefix_system_tokens": null,
  "workload": null,
  "schema_version": 1,
  "trials": {
    "ttft_ms": [
      158.7655828334391,
      177.6535001117736,
      463.2378749083728
    ],
    "throughput_tps": [
      119.74273552378446,
      113.83643733515645,
      65.15218515099576
    ],
    "memory_gb": [
      4.847973496,
      4.847973496,
      4.847973496
    ],
    "prompt_tps": [
      3224.8802974958303,
      2882.014706593829,
      1105.263683590795
    ]
  },
  "stats": {
    "ttft_ms": {
      "n": 3,
      "mean": 266.5523,
      "median": 177.6535,
      "p50": 177.6535,
      "p95": 434.6794,
      "std": 139.2913,
      "min": 158.7656,
      "max": 463.2379
    },
    "throughput_tps": {
      "n": 3,
      "mean": 99.5771,
      "median": 113.8364,
      "p50": 113.8364,
      "p95": 119.1521,
      "std": 24.4612,
      "min": 65.1522,
      "max": 119.7427
    },
    "memory_gb": {
      "n": 3,
      "mean": 4.848,
      "median": 4.848,
      "p50": 4.848,
      "p95": 4.848,
      "std": 0.0,
      "min": 4.848,
      "max": 4.848
    },
    "prompt_tps": {
      "n": 3,
      "mean": 2404.0529,
      "median": 2882.0147,
      "p50": 2882.0147,
      "p95": 3190.5937,
      "std": 928.9884,
      "min": 1105.2637,
      "max": 3224.8803
    }
  },
  "warmup_policy": {
    "warmup_trials": 1,
    "warmup_discarded": true,
    "measured_trials_field": "num_trials",
    "description": "One full generate before timed trials; trials use seed+trial."
  }
}
