{
  "timestamp": "2026-05-25T04:43:35.668793+00:00",
  "hardware": "Mac M5 Max",
  "model_preset": "qwen-7b",
  "configuration": "w8",
  "weight_bits": 8,
  "optimizations": {
    "weight_bits": 8,
    "kv_cache": false,
    "prefill": false
  },
  "model_repo": "mlx-community/Qwen2.5-7B-Instruct-8bit",
  "kv_bits": null,
  "prefill_step_size": 512,
  "prompt_tokens": 512,
  "generation_tokens": 128,
  "num_trials": 3,
  "memory_gb": 8.5247,
  "ttft_ms": 186.9945,
  "throughput_tps": 48.013,
  "prompt_tps": 2738.0484,
  "mlx_version": "0.31.2",
  "mlx_lm_version": "0.29.1",
  "platform": "macOS-26.4.1-arm64-arm-64bit-Mach-O",
  "status": "ok",
  "error": null,
  "article_id": 4,
  "run_label": null,
  "benchmark_mode": "standard",
  "draft_model_repo": null,
  "draft_preset": "qwen-0.5b",
  "num_draft_tokens": null,
  "draft_accept_rate": null,
  "prefix_cache_cold_ttft_ms": null,
  "prefix_cache_warm_ttft_ms": null,
  "prefix_system_tokens": null,
  "workload": null,
  "schema_version": 1,
  "trials": {
    "ttft_ms": [
      186.99449999257925,
      181.29716580733657,
      488.07554203085607
    ],
    "throughput_tps": [
      67.05168126707389,
      42.48378752801019,
      48.01299050536424
    ],
    "memory_gb": [
      8.524674144,
      8.524674144,
      8.524674144
    ],
    "prompt_tps": [
      2738.048445383786,
      2824.092686281149,
      1049.0179406851562
    ]
  },
  "stats": {
    "ttft_ms": {
      "n": 3,
      "mean": 285.4557,
      "median": 186.9945,
      "p50": 186.9945,
      "p95": 457.9674,
      "std": 143.2927,
      "min": 181.2972,
      "max": 488.0755
    },
    "throughput_tps": {
      "n": 3,
      "mean": 52.5162,
      "median": 48.013,
      "p50": 48.013,
      "p95": 65.1478,
      "std": 10.5231,
      "min": 42.4838,
      "max": 67.0517
    },
    "memory_gb": {
      "n": 3,
      "mean": 8.5247,
      "median": 8.5247,
      "p50": 8.5247,
      "p95": 8.5247,
      "std": 0.0,
      "min": 8.5247,
      "max": 8.5247
    },
    "prompt_tps": {
      "n": 3,
      "mean": 2203.7197,
      "median": 2738.0484,
      "p50": 2738.0484,
      "p95": 2815.4883,
      "std": 817.2527,
      "min": 1049.0179,
      "max": 2824.0927
    }
  },
  "warmup_policy": {
    "warmup_trials": 1,
    "warmup_discarded": true,
    "measured_trials_field": "num_trials",
    "description": "One full generate before timed trials; trials use seed+trial."
  }
}
