{
  "timestamp": "2026-05-23T04:03:42.714108+00:00",
  "hardware": "Mac M5 Max",
  "model_preset": "qwen-7b",
  "configuration": "w8",
  "weight_bits": 8,
  "optimizations": {
    "weight_bits": 8,
    "kv_cache": false,
    "prefill": false
  },
  "model_repo": "mlx-community/Qwen2.5-7B-Instruct-8bit",
  "kv_bits": null,
  "prefill_step_size": 512,
  "prompt_tokens": 512,
  "generation_tokens": 128,
  "num_trials": 3,
  "memory_gb": 8.5247,
  "ttft_ms": 181.8805,
  "throughput_tps": 65.9118,
  "prompt_tps": 2815.0345,
  "mlx_version": "0.31.2",
  "mlx_lm_version": "0.29.1",
  "platform": "macOS-26.4.1-arm64-arm-64bit-Mach-O",
  "status": "ok",
  "error": null,
  "article_id": 4,
  "run_label": null,
  "benchmark_mode": "standard",
  "draft_model_repo": null,
  "draft_preset": "qwen-0.5b",
  "num_draft_tokens": null,
  "draft_accept_rate": null,
  "prefix_cache_cold_ttft_ms": null,
  "prefix_cache_warm_ttft_ms": null,
  "prefix_system_tokens": null,
  "workload": null,
  "schema_version": 1,
  "trials": {
    "ttft_ms": [
      190.49891596660015,
      180.24716689251363,
      181.88054207712412
    ],
    "throughput_tps": [
      66.29740822871896,
      65.91179073575178,
      65.84193640143219
    ],
    "memory_gb": [
      8.524674144,
      8.524674144,
      8.524674144
    ],
    "prompt_tps": [
      2687.679336137367,
      2840.5439532113132,
      2815.034495459624
    ]
  },
  "stats": {
    "ttft_ms": {
      "n": 3,
      "mean": 184.2089,
      "median": 181.8805,
      "p50": 181.8805,
      "p95": 189.6371,
      "std": 4.4974,
      "min": 180.2472,
      "max": 190.4989
    },
    "throughput_tps": {
      "n": 3,
      "mean": 66.017,
      "median": 65.9118,
      "p50": 65.9118,
      "p95": 66.2588,
      "std": 0.2003,
      "min": 65.8419,
      "max": 66.2974
    },
    "memory_gb": {
      "n": 3,
      "mean": 8.5247,
      "median": 8.5247,
      "p50": 8.5247,
      "p95": 8.5247,
      "std": 0.0,
      "min": 8.5247,
      "max": 8.5247
    },
    "prompt_tps": {
      "n": 3,
      "mean": 2781.0859,
      "median": 2815.0345,
      "p50": 2815.0345,
      "p95": 2837.993,
      "std": 66.8644,
      "min": 2687.6793,
      "max": 2840.544
    }
  },
  "warmup_policy": {
    "warmup_trials": 1,
    "warmup_discarded": true,
    "measured_trials_field": "num_trials",
    "description": "One full generate before timed trials; trials use seed+trial."
  }
}
