{
  "timestamp": "2026-05-20T16:49:25.555418+00:00",
  "hardware": "Mac M3",
  "model_preset": "qwen-7b",
  "configuration": "w4",
  "weight_bits": 4,
  "optimizations": {
    "weight_bits": 4,
    "kv_cache": false,
    "prefill": false
  },
  "model_repo": "mlx-community/Qwen2.5-7B-Instruct-4bit",
  "kv_bits": null,
  "prefill_step_size": 512,
  "prompt_tokens": 512,
  "generation_tokens": 128,
  "num_trials": 3,
  "memory_gb": 4.717,
  "ttft_ms": 2318.1823,
  "throughput_tps": 21.8146,
  "prompt_tps": 220.8627,
  "mlx_version": "0.31.2",
  "mlx_lm_version": "0.31.3",
  "platform": "macOS-26.3.1-arm64-arm-64bit-Mach-O",
  "status": "ok",
  "error": null,
  "article_id": 1,
  "run_label": null,
  "benchmark_mode": "standard",
  "draft_model_repo": null,
  "draft_preset": "qwen-0.5b",
  "num_draft_tokens": null,
  "draft_accept_rate": null,
  "prefix_cache_cold_ttft_ms": null,
  "prefix_cache_warm_ttft_ms": null,
  "prefix_system_tokens": null,
  "workload": null,
  "schema_version": 1,
  "trials": {
    "ttft_ms": [
      2318.8672920223325,
      2318.182290997356,
      2316.833999939263
    ],
    "throughput_tps": [
      21.81460533892583,
      21.377281460641626,
      21.86591473867367
    ],
    "memory_gb": [
      4.717032544,
      4.717032544,
      4.717032544
    ],
    "prompt_tps": [
      220.797456482934,
      220.86270005096156,
      220.9912320060144
    ]
  },
  "stats": {
    "ttft_ms": {
      "n": 3,
      "mean": 2317.9612,
      "median": 2318.1823,
      "p50": 2318.1823,
      "p95": 2318.7988,
      "std": 0.8447,
      "min": 2316.834,
      "max": 2318.8673
    },
    "throughput_tps": {
      "n": 3,
      "mean": 21.6859,
      "median": 21.8146,
      "p50": 21.8146,
      "p95": 21.8608,
      "std": 0.2193,
      "min": 21.3773,
      "max": 21.8659
    },
    "memory_gb": {
      "n": 3,
      "mean": 4.717,
      "median": 4.717,
      "p50": 4.717,
      "p95": 4.717,
      "std": 0.0,
      "min": 4.717,
      "max": 4.717
    },
    "prompt_tps": {
      "n": 3,
      "mean": 220.8838,
      "median": 220.8627,
      "p50": 220.8627,
      "p95": 220.9784,
      "std": 0.0805,
      "min": 220.7975,
      "max": 220.9912
    }
  },
  "warmup_policy": {
    "warmup_trials": 1,
    "warmup_discarded": true,
    "measured_trials_field": "num_trials",
    "description": "One full generate before timed trials; trials use seed+trial."
  }
}
