{
  "timestamp": "2026-05-25T04:17:36.045458+00:00",
  "hardware": "Mac M5 Max",
  "model_preset": "llama3-8b",
  "configuration": "fp16",
  "weight_bits": 16,
  "optimizations": {
    "weight_bits": 16,
    "kv_cache": false,
    "prefill": false
  },
  "model_repo": "mlx-community/Meta-Llama-3.1-8B-Instruct-bf16",
  "kv_bits": null,
  "prefill_step_size": 512,
  "prompt_tokens": 512,
  "generation_tokens": 128,
  "num_trials": 3,
  "memory_gb": 16.4555,
  "ttft_ms": 190.406,
  "throughput_tps": 35.0253,
  "prompt_tps": 2688.9903,
  "mlx_version": "0.31.2",
  "mlx_lm_version": "0.29.1",
  "platform": "macOS-26.4.1-arm64-arm-64bit-Mach-O",
  "status": "ok",
  "error": null,
  "article_id": 1,
  "run_label": null,
  "benchmark_mode": "standard",
  "draft_model_repo": null,
  "draft_preset": "llama-3.2-1b",
  "num_draft_tokens": null,
  "draft_accept_rate": null,
  "prefix_cache_cold_ttft_ms": null,
  "prefix_cache_warm_ttft_ms": null,
  "prefix_system_tokens": null,
  "workload": null,
  "schema_version": 1,
  "trials": {
    "ttft_ms": [
      191.2051250692457,
      190.40604191832244,
      190.17558312043548
    ],
    "throughput_tps": [
      34.77078221525427,
      35.032983064738154,
      35.025314462790774
    ],
    "memory_gb": [
      16.455534652,
      16.455534652,
      16.455534652
    ],
    "prompt_tps": [
      2677.752491281691,
      2688.990301156673,
      2692.248876532997
    ]
  },
  "stats": {
    "ttft_ms": {
      "n": 3,
      "mean": 190.5956,
      "median": 190.406,
      "p50": 190.406,
      "p95": 191.1252,
      "std": 0.4412,
      "min": 190.1756,
      "max": 191.2051
    },
    "throughput_tps": {
      "n": 3,
      "mean": 34.943,
      "median": 35.0253,
      "p50": 35.0253,
      "p95": 35.0322,
      "std": 0.1218,
      "min": 34.7708,
      "max": 35.033
    },
    "memory_gb": {
      "n": 3,
      "mean": 16.4555,
      "median": 16.4555,
      "p50": 16.4555,
      "p95": 16.4555,
      "std": 0.0,
      "min": 16.4555,
      "max": 16.4555
    },
    "prompt_tps": {
      "n": 3,
      "mean": 2686.3306,
      "median": 2688.9903,
      "p50": 2688.9903,
      "p95": 2691.923,
      "std": 6.2098,
      "min": 2677.7525,
      "max": 2692.2489
    }
  },
  "warmup_policy": {
    "warmup_trials": 1,
    "warmup_discarded": true,
    "measured_trials_field": "num_trials",
    "description": "One full generate before timed trials; trials use seed+trial."
  }
}
