{
  "timestamp": "2026-05-25T04:24:02.441694+00:00",
  "hardware": "Mac M5 Max",
  "model_preset": "mistral-small-22b",
  "configuration": "w4",
  "weight_bits": 4,
  "optimizations": {
    "weight_bits": 4,
    "kv_cache": false,
    "prefill": false
  },
  "model_repo": "mlx-community/Mistral-Small-Instruct-2409-4bit",
  "kv_bits": null,
  "prefill_step_size": 512,
  "prompt_tokens": 512,
  "generation_tokens": 128,
  "num_trials": 3,
  "memory_gb": 13.1082,
  "ttft_ms": 1140.1915,
  "throughput_tps": 33.5915,
  "prompt_tps": 449.0474,
  "mlx_version": "0.31.2",
  "mlx_lm_version": "0.29.1",
  "platform": "macOS-26.4.1-arm64-arm-64bit-Mach-O",
  "status": "ok",
  "error": null,
  "article_id": 1,
  "run_label": null,
  "benchmark_mode": "standard",
  "draft_model_repo": null,
  "draft_preset": "qwen-1.5b",
  "num_draft_tokens": null,
  "draft_accept_rate": null,
  "prefix_cache_cold_ttft_ms": null,
  "prefix_cache_warm_ttft_ms": null,
  "prefix_system_tokens": null,
  "workload": null,
  "schema_version": 1,
  "trials": {
    "ttft_ms": [
      1137.1940420940518,
      1140.1915419846773,
      1199.6994588989764
    ],
    "throughput_tps": [
      35.716125990348694,
      33.59152921657333,
      31.93393234900488
    ],
    "memory_gb": [
      13.108197472,
      13.108197472,
      13.108197472
    ],
    "prompt_tps": [
      450.2309905327968,
      449.0473584015418,
      426.773552494462
    ]
  },
  "stats": {
    "ttft_ms": {
      "n": 3,
      "mean": 1159.0283,
      "median": 1140.1915,
      "p50": 1140.1915,
      "p95": 1193.7487,
      "std": 28.7848,
      "min": 1137.194,
      "max": 1199.6995
    },
    "throughput_tps": {
      "n": 3,
      "mean": 33.7472,
      "median": 33.5915,
      "p50": 33.5915,
      "p95": 35.5037,
      "std": 1.548,
      "min": 31.9339,
      "max": 35.7161
    },
    "memory_gb": {
      "n": 3,
      "mean": 13.1082,
      "median": 13.1082,
      "p50": 13.1082,
      "p95": 13.1082,
      "std": 0.0,
      "min": 13.1082,
      "max": 13.1082
    },
    "prompt_tps": {
      "n": 3,
      "mean": 442.0173,
      "median": 449.0474,
      "p50": 449.0474,
      "p95": 450.1126,
      "std": 10.7898,
      "min": 426.7736,
      "max": 450.231
    }
  },
  "warmup_policy": {
    "warmup_trials": 1,
    "warmup_discarded": true,
    "measured_trials_field": "num_trials",
    "description": "One full generate before timed trials; trials use seed+trial."
  }
}
