{
  "timestamp": "2026-05-20T16:05:34.983763+00:00",
  "hardware": "Mac M3",
  "model_preset": "llama-3.2-1b",
  "configuration": "fp16",
  "weight_bits": 16,
  "optimizations": {
    "weight_bits": 16,
    "kv_cache": false,
    "prefill": false
  },
  "model_repo": "mlx-community/Llama-3.2-1B-Instruct-bf16",
  "kv_bits": null,
  "prefill_step_size": 512,
  "prompt_tokens": 512,
  "generation_tokens": 128,
  "num_trials": 3,
  "memory_gb": 2.7105,
  "ttft_ms": 371.8765,
  "throughput_tps": 32.7577,
  "prompt_tps": 1376.8013,
  "mlx_version": "0.31.2",
  "mlx_lm_version": "0.31.3",
  "platform": "macOS-26.3.1-arm64-arm-64bit-Mach-O",
  "status": "ok",
  "error": null,
  "article_id": 1,
  "run_label": null,
  "benchmark_mode": "standard",
  "draft_model_repo": null,
  "draft_preset": "qwen-0.5b",
  "num_draft_tokens": null,
  "draft_accept_rate": null,
  "prefix_cache_cold_ttft_ms": null,
  "prefix_cache_warm_ttft_ms": null,
  "prefix_system_tokens": null,
  "workload": null,
  "schema_version": 1,
  "trials": {
    "ttft_ms": [
      367.11654090322554,
      371.87645793892443,
      372.6062919013202
    ],
    "throughput_tps": [
      32.757662557142574,
      32.74400798165001,
      32.78706370940266
    ],
    "memory_gb": [
      2.710511712,
      2.710511712,
      2.710511712
    ],
    "prompt_tps": [
      1394.652495745123,
      1376.8013249284227,
      1374.1045471545508
    ]
  },
  "stats": {
    "ttft_ms": {
      "n": 3,
      "mean": 370.5331,
      "median": 371.8765,
      "p50": 371.8765,
      "p95": 372.5333,
      "std": 2.4342,
      "min": 367.1165,
      "max": 372.6063
    },
    "throughput_tps": {
      "n": 3,
      "mean": 32.7629,
      "median": 32.7577,
      "p50": 32.7577,
      "p95": 32.7841,
      "std": 0.018,
      "min": 32.744,
      "max": 32.7871
    },
    "memory_gb": {
      "n": 3,
      "mean": 2.7105,
      "median": 2.7105,
      "p50": 2.7105,
      "p95": 2.7105,
      "std": 0.0,
      "min": 2.7105,
      "max": 2.7105
    },
    "prompt_tps": {
      "n": 3,
      "mean": 1381.8528,
      "median": 1376.8013,
      "p50": 1376.8013,
      "p95": 1392.8674,
      "std": 9.1175,
      "min": 1374.1045,
      "max": 1394.6525
    }
  },
  "warmup_policy": {
    "warmup_trials": 1,
    "warmup_discarded": true,
    "measured_trials_field": "num_trials",
    "description": "One full generate before timed trials; trials use seed+trial."
  }
}
