{
  "timestamp": "2026-05-20T16:06:22.542204+00:00",
  "hardware": "Mac M3",
  "model_preset": "llama-3.2-1b",
  "configuration": "w8",
  "weight_bits": 8,
  "optimizations": {
    "weight_bits": 8,
    "kv_cache": false,
    "prefill": false
  },
  "model_repo": "mlx-community/Llama-3.2-1B-Instruct-8bit",
  "kv_bits": null,
  "prefill_step_size": 512,
  "prompt_tokens": 512,
  "generation_tokens": 128,
  "num_trials": 3,
  "memory_gb": 1.748,
  "ttft_ms": 359.4503,
  "throughput_tps": 57.2662,
  "prompt_tps": 1424.3971,
  "mlx_version": "0.31.2",
  "mlx_lm_version": "0.31.3",
  "platform": "macOS-26.3.1-arm64-arm-64bit-Mach-O",
  "status": "ok",
  "error": null,
  "article_id": 1,
  "run_label": null,
  "benchmark_mode": "standard",
  "draft_model_repo": null,
  "draft_preset": "qwen-0.5b",
  "num_draft_tokens": null,
  "draft_accept_rate": null,
  "prefix_cache_cold_ttft_ms": null,
  "prefix_cache_warm_ttft_ms": null,
  "prefix_system_tokens": null,
  "workload": null,
  "schema_version": 1,
  "trials": {
    "ttft_ms": [
      356.3045000191778,
      366.69529112987215,
      359.4503339845687
    ],
    "throughput_tps": [
      56.014220610129954,
      57.29480131654455,
      57.26620850022553
    ],
    "memory_gb": [
      1.74795182,
      1.74795182,
      1.74795182
    ],
    "prompt_tps": [
      1436.9731506967833,
      1396.2546353469954,
      1424.3970629388266
    ]
  },
  "stats": {
    "ttft_ms": {
      "n": 3,
      "mean": 360.8167,
      "median": 359.4503,
      "p50": 359.4503,
      "p95": 365.9708,
      "std": 4.3507,
      "min": 356.3045,
      "max": 366.6953
    },
    "throughput_tps": {
      "n": 3,
      "mean": 56.8584,
      "median": 57.2662,
      "p50": 57.2662,
      "p95": 57.2919,
      "std": 0.597,
      "min": 56.0142,
      "max": 57.2948
    },
    "memory_gb": {
      "n": 3,
      "mean": 1.748,
      "median": 1.748,
      "p50": 1.748,
      "p95": 1.748,
      "std": 0.0,
      "min": 1.748,
      "max": 1.748
    },
    "prompt_tps": {
      "n": 3,
      "mean": 1419.2083,
      "median": 1424.3971,
      "p50": 1424.3971,
      "p95": 1435.7155,
      "std": 17.0234,
      "min": 1396.2546,
      "max": 1436.9732
    }
  },
  "warmup_policy": {
    "warmup_trials": 1,
    "warmup_discarded": true,
    "measured_trials_field": "num_trials",
    "description": "One full generate before timed trials; trials use seed+trial."
  }
}
