{
  "timestamp": "2026-05-25T04:40:39.534348+00:00",
  "hardware": "Mac M5 Max",
  "model_preset": "llama-3.2-3b",
  "configuration": "fp16",
  "weight_bits": 16,
  "optimizations": {
    "weight_bits": 16,
    "kv_cache": false,
    "prefill": false
  },
  "model_repo": "mlx-community/Llama-3.2-3B-Instruct-bf16",
  "kv_bits": null,
  "prefill_step_size": 512,
  "prompt_tokens": 512,
  "generation_tokens": 128,
  "num_trials": 3,
  "memory_gb": 6.7787,
  "ttft_ms": 85.7131,
  "throughput_tps": 74.9939,
  "prompt_tps": 5973.4142,
  "mlx_version": "0.31.2",
  "mlx_lm_version": "0.29.1",
  "platform": "macOS-26.4.1-arm64-arm-64bit-Mach-O",
  "status": "ok",
  "error": null,
  "article_id": 4,
  "run_label": null,
  "benchmark_mode": "standard",
  "draft_model_repo": null,
  "draft_preset": "llama-3.2-1b",
  "num_draft_tokens": null,
  "draft_accept_rate": null,
  "prefix_cache_cold_ttft_ms": null,
  "prefix_cache_warm_ttft_ms": null,
  "prefix_system_tokens": null,
  "workload": null,
  "schema_version": 1,
  "trials": {
    "ttft_ms": [
      85.38233395665884,
      86.11558307893574,
      85.71312483400106
    ],
    "throughput_tps": [
      74.99394885553072,
      73.61590419959926,
      75.33603439511148
    ],
    "memory_gb": [
      6.778698848,
      6.778698848,
      6.778698848
    ],
    "prompt_tps": [
      5996.556620950391,
      5945.497686878433,
      5973.414234886202
    ]
  },
  "stats": {
    "ttft_ms": {
      "n": 3,
      "mean": 85.737,
      "median": 85.7131,
      "p50": 85.7131,
      "p95": 86.0753,
      "std": 0.2998,
      "min": 85.3823,
      "max": 86.1156
    },
    "throughput_tps": {
      "n": 3,
      "mean": 74.6486,
      "median": 74.9939,
      "p50": 74.9939,
      "p95": 75.3018,
      "std": 0.7435,
      "min": 73.6159,
      "max": 75.336
    },
    "memory_gb": {
      "n": 3,
      "mean": 6.7787,
      "median": 6.7787,
      "p50": 6.7787,
      "p95": 6.7787,
      "std": 0.0,
      "min": 6.7787,
      "max": 6.7787
    },
    "prompt_tps": {
      "n": 3,
      "mean": 5971.8228,
      "median": 5973.4142,
      "p50": 5973.4142,
      "p95": 5994.2424,
      "std": 20.8751,
      "min": 5945.4977,
      "max": 5996.5566
    }
  },
  "warmup_policy": {
    "warmup_trials": 1,
    "warmup_discarded": true,
    "measured_trials_field": "num_trials",
    "description": "One full generate before timed trials; trials use seed+trial."
  }
}
