{
  "timestamp": "2026-05-23T03:44:37.399442+00:00",
  "hardware": "Mac M5 Max",
  "model_preset": "llama-3.2-3b",
  "configuration": "fp16",
  "weight_bits": 16,
  "optimizations": {
    "weight_bits": 16,
    "kv_cache": false,
    "prefill": false
  },
  "model_repo": "mlx-community/Llama-3.2-3B-Instruct-bf16",
  "kv_bits": null,
  "prefill_step_size": 512,
  "prompt_tokens": 512,
  "generation_tokens": 128,
  "num_trials": 3,
  "memory_gb": 6.7787,
  "ttft_ms": 85.5741,
  "throughput_tps": 74.5294,
  "prompt_tps": 5983.117,
  "mlx_version": "0.31.2",
  "mlx_lm_version": "0.29.1",
  "platform": "macOS-26.4.1-arm64-arm-64bit-Mach-O",
  "status": "ok",
  "error": null,
  "article_id": 4,
  "run_label": null,
  "benchmark_mode": "standard",
  "draft_model_repo": null,
  "draft_preset": "qwen-0.5b",
  "num_draft_tokens": null,
  "draft_accept_rate": null,
  "prefix_cache_cold_ttft_ms": null,
  "prefix_cache_warm_ttft_ms": null,
  "prefix_system_tokens": null,
  "workload": null,
  "schema_version": 1,
  "trials": {
    "ttft_ms": [
      85.57412517257035,
      86.44233411177993,
      84.83562502078712
    ],
    "throughput_tps": [
      74.52942743765428,
      74.56657629306306,
      74.20734380466158
    ],
    "memory_gb": [
      6.778698848,
      6.778698848,
      6.778698848
    ],
    "prompt_tps": [
      5983.116964006251,
      5923.023773720927,
      6035.200422871236
    ]
  },
  "stats": {
    "ttft_ms": {
      "n": 3,
      "mean": 85.6174,
      "median": 85.5741,
      "p50": 85.5741,
      "p95": 86.3555,
      "std": 0.6566,
      "min": 84.8356,
      "max": 86.4423
    },
    "throughput_tps": {
      "n": 3,
      "mean": 74.4344,
      "median": 74.5294,
      "p50": 74.5294,
      "p95": 74.5629,
      "std": 0.1613,
      "min": 74.2073,
      "max": 74.5666
    },
    "memory_gb": {
      "n": 3,
      "mean": 6.7787,
      "median": 6.7787,
      "p50": 6.7787,
      "p95": 6.7787,
      "std": 0.0,
      "min": 6.7787,
      "max": 6.7787
    },
    "prompt_tps": {
      "n": 3,
      "mean": 5980.4471,
      "median": 5983.117,
      "p50": 5983.117,
      "p95": 6029.9921,
      "std": 45.8348,
      "min": 5923.0238,
      "max": 6035.2004
    }
  },
  "warmup_policy": {
    "warmup_trials": 1,
    "warmup_discarded": true,
    "measured_trials_field": "num_trials",
    "description": "One full generate before timed trials; trials use seed+trial."
  }
}
