{
  "timestamp": "2026-05-25T04:41:00.453793+00:00",
  "hardware": "Mac M5 Max",
  "model_preset": "llama-3.2-3b",
  "configuration": "w4",
  "weight_bits": 4,
  "optimizations": {
    "weight_bits": 4,
    "kv_cache": false,
    "prefill": false
  },
  "model_repo": "mlx-community/Llama-3.2-3B-Instruct-4bit",
  "kv_bits": null,
  "prefill_step_size": 512,
  "prompt_tokens": 512,
  "generation_tokens": 128,
  "num_trials": 3,
  "memory_gb": 2.4927,
  "ttft_ms": 71.9789,
  "throughput_tps": 232.5188,
  "prompt_tps": 7113.1981,
  "mlx_version": "0.31.2",
  "mlx_lm_version": "0.29.1",
  "platform": "macOS-26.4.1-arm64-arm-64bit-Mach-O",
  "status": "ok",
  "error": null,
  "article_id": 4,
  "run_label": null,
  "benchmark_mode": "standard",
  "draft_model_repo": null,
  "draft_preset": "llama-3.2-1b",
  "num_draft_tokens": null,
  "draft_accept_rate": null,
  "prefix_cache_cold_ttft_ms": null,
  "prefix_cache_warm_ttft_ms": null,
  "prefix_system_tokens": null,
  "workload": null,
  "schema_version": 1,
  "trials": {
    "ttft_ms": [
      71.50233304128051,
      73.34987493231893,
      71.97887497022748
    ],
    "throughput_tps": [
      232.51883345223362,
      232.92172678050528,
      232.4809312912629
    ],
    "memory_gb": [
      2.492726476,
      2.492726476,
      2.492726476
    ],
    "prompt_tps": [
      7160.605510653849,
      6980.243667387714,
      7113.198146147433
    ]
  },
  "stats": {
    "ttft_ms": {
      "n": 3,
      "mean": 72.277,
      "median": 71.9789,
      "p50": 71.9789,
      "p95": 73.2128,
      "std": 0.7832,
      "min": 71.5023,
      "max": 73.3499
    },
    "throughput_tps": {
      "n": 3,
      "mean": 232.6405,
      "median": 232.5188,
      "p50": 232.5188,
      "p95": 232.8814,
      "std": 0.1995,
      "min": 232.4809,
      "max": 232.9217
    },
    "memory_gb": {
      "n": 3,
      "mean": 2.4927,
      "median": 2.4927,
      "p50": 2.4927,
      "p95": 2.4927,
      "std": 0.0,
      "min": 2.4927,
      "max": 2.4927
    },
    "prompt_tps": {
      "n": 3,
      "mean": 7084.6824,
      "median": 7113.1981,
      "p50": 7113.1981,
      "p95": 7155.8648,
      "std": 76.3433,
      "min": 6980.2437,
      "max": 7160.6055
    }
  },
  "warmup_policy": {
    "warmup_trials": 1,
    "warmup_discarded": true,
    "measured_trials_field": "num_trials",
    "description": "One full generate before timed trials; trials use seed+trial."
  }
}
