{
  "timestamp": "2026-05-25T04:40:51.034628+00:00",
  "hardware": "Mac M5 Max",
  "model_preset": "llama-3.2-3b",
  "configuration": "w8",
  "weight_bits": 8,
  "optimizations": {
    "weight_bits": 8,
    "kv_cache": false,
    "prefill": false
  },
  "model_repo": "mlx-community/Llama-3.2-3B-Instruct-8bit",
  "kv_bits": null,
  "prefill_step_size": 512,
  "prompt_tokens": 512,
  "generation_tokens": 128,
  "num_trials": 3,
  "memory_gb": 3.9366,
  "ttft_ms": 80.5918,
  "throughput_tps": 132.6633,
  "prompt_tps": 6353.0044,
  "mlx_version": "0.31.2",
  "mlx_lm_version": "0.29.1",
  "platform": "macOS-26.4.1-arm64-arm-64bit-Mach-O",
  "status": "ok",
  "error": null,
  "article_id": 4,
  "run_label": null,
  "benchmark_mode": "standard",
  "draft_model_repo": null,
  "draft_preset": "llama-3.2-1b",
  "num_draft_tokens": null,
  "draft_accept_rate": null,
  "prefix_cache_cold_ttft_ms": null,
  "prefix_cache_warm_ttft_ms": null,
  "prefix_system_tokens": null,
  "workload": null,
  "schema_version": 1,
  "trials": {
    "ttft_ms": [
      80.591790843755,
      81.07337518595159,
      80.39337489753962
    ],
    "throughput_tps": [
      132.38171344386265,
      133.59484649659197,
      132.66331450266415
    ],
    "memory_gb": [
      3.936615592,
      3.936615592,
      3.936615592
    ],
    "prompt_tps": [
      6353.004377240172,
      6315.266865671573,
      6368.683994825915
    ]
  },
  "stats": {
    "ttft_ms": {
      "n": 3,
      "mean": 80.6862,
      "median": 80.5918,
      "p50": 80.5918,
      "p95": 81.0252,
      "std": 0.2855,
      "min": 80.3934,
      "max": 81.0734
    },
    "throughput_tps": {
      "n": 3,
      "mean": 132.88,
      "median": 132.6633,
      "p50": 132.6633,
      "p95": 133.5017,
      "std": 0.5184,
      "min": 132.3817,
      "max": 133.5948
    },
    "memory_gb": {
      "n": 3,
      "mean": 3.9366,
      "median": 3.9366,
      "p50": 3.9366,
      "p95": 3.9366,
      "std": 0.0,
      "min": 3.9366,
      "max": 3.9366
    },
    "prompt_tps": {
      "n": 3,
      "mean": 6345.6517,
      "median": 6353.0044,
      "p50": 6353.0044,
      "p95": 6367.116,
      "std": 22.4186,
      "min": 6315.2669,
      "max": 6368.684
    }
  },
  "warmup_policy": {
    "warmup_trials": 1,
    "warmup_discarded": true,
    "measured_trials_field": "num_trials",
    "description": "One full generate before timed trials; trials use seed+trial."
  }
}
