{
  "timestamp": "2026-05-25T04:45:11.587497+00:00",
  "hardware": "Mac M5 Max",
  "model_preset": "deepseek-r1-qwen-7b",
  "configuration": "fp16",
  "weight_bits": 16,
  "optimizations": {
    "weight_bits": 16,
    "kv_cache": false,
    "prefill": false
  },
  "model_repo": "mlx-community/DeepSeek-R1-Distill-Qwen-7B-bf16",
  "kv_bits": null,
  "prefill_step_size": 512,
  "prompt_tokens": 512,
  "generation_tokens": 128,
  "num_trials": 3,
  "memory_gb": 15.7099,
  "ttft_ms": 184.3414,
  "throughput_tps": 36.0558,
  "prompt_tps": 2777.4551,
  "mlx_version": "0.31.2",
  "mlx_lm_version": "0.29.1",
  "platform": "macOS-26.4.1-arm64-arm-64bit-Mach-O",
  "status": "ok",
  "error": null,
  "article_id": 4,
  "run_label": null,
  "benchmark_mode": "standard",
  "draft_model_repo": null,
  "draft_preset": "qwen-0.5b",
  "num_draft_tokens": null,
  "draft_accept_rate": null,
  "prefix_cache_cold_ttft_ms": null,
  "prefix_cache_warm_ttft_ms": null,
  "prefix_system_tokens": null,
  "workload": null,
  "schema_version": 1,
  "trials": {
    "ttft_ms": [
      184.34141692705452,
      174.7637081425637,
      803.1000839546323
    ],
    "throughput_tps": [
      36.055845017355246,
      36.93449332182087,
      32.631213778518216
    ],
    "memory_gb": [
      15.70987732,
      15.70987732,
      15.70987732
    ],
    "prompt_tps": [
      2777.4550534273194,
      2929.6700410037956,
      637.529506258803
    ]
  },
  "stats": {
    "ttft_ms": {
      "n": 3,
      "mean": 387.4017,
      "median": 184.3414,
      "p50": 184.3414,
      "p95": 741.2242,
      "std": 293.9691,
      "min": 174.7637,
      "max": 803.1001
    },
    "throughput_tps": {
      "n": 3,
      "mean": 35.2072,
      "median": 36.0558,
      "p50": 36.0558,
      "p95": 36.8466,
      "std": 1.8565,
      "min": 32.6312,
      "max": 36.9345
    },
    "memory_gb": {
      "n": 3,
      "mean": 15.7099,
      "median": 15.7099,
      "p50": 15.7099,
      "p95": 15.7099,
      "std": 0.0,
      "min": 15.7099,
      "max": 15.7099
    },
    "prompt_tps": {
      "n": 3,
      "mean": 2114.8849,
      "median": 2777.4551,
      "p50": 2777.4551,
      "p95": 2914.4485,
      "std": 1046.4946,
      "min": 637.5295,
      "max": 2929.67
    }
  },
  "warmup_policy": {
    "warmup_trials": 1,
    "warmup_discarded": true,
    "measured_trials_field": "num_trials",
    "description": "One full generate before timed trials; trials use seed+trial."
  }
}
