{
  "timestamp": "2026-05-25T04:45:42.068070+00:00",
  "hardware": "Mac M5 Max",
  "model_preset": "deepseek-r1-qwen-7b",
  "configuration": "w4",
  "weight_bits": 4,
  "optimizations": {
    "weight_bits": 4,
    "kv_cache": false,
    "prefill": false
  },
  "model_repo": "mlx-community/DeepSeek-R1-Distill-Qwen-7B-4bit",
  "kv_bits": null,
  "prefill_step_size": 512,
  "prompt_tokens": 512,
  "generation_tokens": 128,
  "num_trials": 3,
  "memory_gb": 4.848,
  "ttft_ms": 162.9792,
  "throughput_tps": 116.9466,
  "prompt_tps": 3141.5058,
  "mlx_version": "0.31.2",
  "mlx_lm_version": "0.29.1",
  "platform": "macOS-26.4.1-arm64-arm-64bit-Mach-O",
  "status": "ok",
  "error": null,
  "article_id": 4,
  "run_label": null,
  "benchmark_mode": "standard",
  "draft_model_repo": null,
  "draft_preset": "qwen-0.5b",
  "num_draft_tokens": null,
  "draft_accept_rate": null,
  "prefix_cache_cold_ttft_ms": null,
  "prefix_cache_warm_ttft_ms": null,
  "prefix_system_tokens": null,
  "workload": null,
  "schema_version": 1,
  "trials": {
    "ttft_ms": [
      158.74616708606482,
      162.9791660234332,
      348.9637919701636
    ],
    "throughput_tps": [
      121.60644496273417,
      116.94658850813815,
      76.36697067035328
    ],
    "memory_gb": [
      4.847973496,
      4.847973496,
      4.847973496
    ],
    "prompt_tps": [
      3225.2747225223857,
      3141.5058285817,
      1467.2009296705946
    ]
  },
  "stats": {
    "ttft_ms": {
      "n": 3,
      "mean": 223.563,
      "median": 162.9792,
      "p50": 162.9792,
      "p95": 330.3653,
      "std": 88.6886,
      "min": 158.7462,
      "max": 348.9638
    },
    "throughput_tps": {
      "n": 3,
      "mean": 104.9733,
      "median": 116.9466,
      "p50": 116.9466,
      "p95": 121.1405,
      "std": 20.317,
      "min": 76.367,
      "max": 121.6064
    },
    "memory_gb": {
      "n": 3,
      "mean": 4.848,
      "median": 4.848,
      "p50": 4.848,
      "p95": 4.848,
      "std": 0.0,
      "min": 4.848,
      "max": 4.848
    },
    "prompt_tps": {
      "n": 3,
      "mean": 2611.3272,
      "median": 3141.5058,
      "p50": 3141.5058,
      "p95": 3216.8978,
      "std": 809.7419,
      "min": 1467.2009,
      "max": 3225.2747
    }
  },
  "warmup_policy": {
    "warmup_trials": 1,
    "warmup_discarded": true,
    "measured_trials_field": "num_trials",
    "description": "One full generate before timed trials; trials use seed+trial."
  }
}
