{
  "timestamp": "2026-05-25T04:45:28.685287+00:00",
  "hardware": "Mac M5 Max",
  "model_preset": "deepseek-r1-qwen-7b",
  "configuration": "w8",
  "weight_bits": 8,
  "optimizations": {
    "weight_bits": 8,
    "kv_cache": false,
    "prefill": false
  },
  "model_repo": "mlx-community/DeepSeek-R1-Distill-Qwen-7B-8bit",
  "kv_bits": null,
  "prefill_step_size": 512,
  "prompt_tokens": 512,
  "generation_tokens": 128,
  "num_trials": 3,
  "memory_gb": 8.5247,
  "ttft_ms": 181.1069,
  "throughput_tps": 66.2385,
  "prompt_tps": 2827.0593,
  "mlx_version": "0.31.2",
  "mlx_lm_version": "0.29.1",
  "platform": "macOS-26.4.1-arm64-arm-64bit-Mach-O",
  "status": "ok",
  "error": null,
  "article_id": 4,
  "run_label": null,
  "benchmark_mode": "standard",
  "draft_model_repo": null,
  "draft_preset": "qwen-0.5b",
  "num_draft_tokens": null,
  "draft_accept_rate": null,
  "prefix_cache_cold_ttft_ms": null,
  "prefix_cache_warm_ttft_ms": null,
  "prefix_system_tokens": null,
  "workload": null,
  "schema_version": 1,
  "trials": {
    "ttft_ms": [
      178.53004182688892,
      181.10691709443927,
      405.90504207648337
    ],
    "throughput_tps": [
      67.1707680944621,
      66.23847690221403,
      55.002978328302945
    ],
    "memory_gb": [
      8.524674144,
      8.524674144,
      8.524674144
    ],
    "prompt_tps": [
      2867.8646728625044,
      2827.059331659953,
      1261.3787633205243
    ]
  },
  "stats": {
    "ttft_ms": {
      "n": 3,
      "mean": 255.1807,
      "median": 181.1069,
      "p50": 181.1069,
      "p95": 383.4252,
      "std": 106.5834,
      "min": 178.53,
      "max": 405.905
    },
    "throughput_tps": {
      "n": 3,
      "mean": 62.8041,
      "median": 66.2385,
      "p50": 66.2385,
      "p95": 67.0775,
      "std": 5.5293,
      "min": 55.003,
      "max": 67.1708
    },
    "memory_gb": {
      "n": 3,
      "mean": 8.5247,
      "median": 8.5247,
      "p50": 8.5247,
      "p95": 8.5247,
      "std": 0.0,
      "min": 8.5247,
      "max": 8.5247
    },
    "prompt_tps": {
      "n": 3,
      "mean": 2318.7676,
      "median": 2827.0593,
      "p50": 2827.0593,
      "p95": 2863.7841,
      "std": 747.8724,
      "min": 1261.3788,
      "max": 2867.8647
    }
  },
  "warmup_policy": {
    "warmup_trials": 1,
    "warmup_discarded": true,
    "measured_trials_field": "num_trials",
    "description": "One full generate before timed trials; trials use seed+trial."
  }
}
