{
  "timestamp": "2026-05-23T14:37:35.422551+00:00",
  "hardware": "Mac M5 Max",
  "model_preset": "llama-3.2-1b",
  "configuration": "fp16+kv_cache+prefill",
  "weight_bits": 16,
  "optimizations": {
    "weight_bits": 16,
    "kv_cache": true,
    "prefill": true
  },
  "model_repo": "mlx-community/Llama-3.2-1B-Instruct-bf16",
  "kv_bits": 4,
  "prefill_step_size": 2048,
  "prompt_tokens": 512,
  "generation_tokens": 128,
  "num_trials": 3,
  "memory_gb": 2.844,
  "ttft_ms": 32.7001,
  "throughput_tps": 180.7087,
  "prompt_tps": 15657.4324,
  "mlx_version": "0.31.2",
  "mlx_lm_version": "0.29.1",
  "platform": "macOS-26.4.1-arm64-arm-64bit-Mach-O",
  "status": "ok",
  "error": null,
  "article_id": 5,
  "run_label": null,
  "benchmark_mode": "standard",
  "draft_model_repo": null,
  "draft_preset": "qwen-0.5b",
  "num_draft_tokens": null,
  "draft_accept_rate": null,
  "prefix_cache_cold_ttft_ms": null,
  "prefix_cache_warm_ttft_ms": null,
  "prefix_system_tokens": null,
  "workload": null,
  "schema_version": 1,
  "trials": {
    "ttft_ms": [
      33.8912911247462,
      32.70012512803078,
      32.45904087089002
    ],
    "throughput_tps": [
      180.70867800170217,
      180.37951219909704,
      182.05192069909617
    ],
    "memory_gb": [
      2.844008568,
      2.844008568,
      2.844008568
    ],
    "prompt_tps": [
      15107.125842902928,
      15657.4324408658,
      15773.725478720871
    ]
  },
  "stats": {
    "ttft_ms": {
      "n": 3,
      "mean": 33.0168,
      "median": 32.7001,
      "p50": 32.7001,
      "p95": 33.7722,
      "std": 0.6261,
      "min": 32.459,
      "max": 33.8913
    },
    "throughput_tps": {
      "n": 3,
      "mean": 181.0467,
      "median": 180.7087,
      "p50": 180.7087,
      "p95": 181.9176,
      "std": 0.7234,
      "min": 180.3795,
      "max": 182.0519
    },
    "memory_gb": {
      "n": 3,
      "mean": 2.844,
      "median": 2.844,
      "p50": 2.844,
      "p95": 2.844,
      "std": 0.0,
      "min": 2.844,
      "max": 2.844
    },
    "prompt_tps": {
      "n": 3,
      "mean": 15512.7613,
      "median": 15657.4324,
      "p50": 15657.4324,
      "p95": 15762.0962,
      "std": 290.7302,
      "min": 15107.1258,
      "max": 15773.7255
    }
  },
  "warmup_policy": {
    "warmup_trials": 1,
    "warmup_discarded": true,
    "measured_trials_field": "num_trials",
    "description": "One full generate before timed trials; trials use seed+trial."
  }
}
