{
  "timestamp": "2026-05-23T14:37:06.091054+00:00",
  "hardware": "Mac M5 Max",
  "model_preset": "llama-3.2-1b",
  "configuration": "fp16",
  "weight_bits": 16,
  "optimizations": {
    "weight_bits": 16,
    "kv_cache": false,
    "prefill": false
  },
  "model_repo": "mlx-community/Llama-3.2-1B-Instruct-bf16",
  "kv_bits": null,
  "prefill_step_size": 512,
  "prompt_tokens": 512,
  "generation_tokens": 128,
  "num_trials": 3,
  "memory_gb": 2.844,
  "ttft_ms": 32.3071,
  "throughput_tps": 191.9106,
  "prompt_tps": 15847.8974,
  "mlx_version": "0.31.2",
  "mlx_lm_version": "0.29.1",
  "platform": "macOS-26.4.1-arm64-arm-64bit-Mach-O",
  "status": "ok",
  "error": null,
  "article_id": 5,
  "run_label": null,
  "benchmark_mode": "standard",
  "draft_model_repo": null,
  "draft_preset": "qwen-0.5b",
  "num_draft_tokens": null,
  "draft_accept_rate": null,
  "prefix_cache_cold_ttft_ms": null,
  "prefix_cache_warm_ttft_ms": null,
  "prefix_system_tokens": null,
  "workload": null,
  "schema_version": 1,
  "trials": {
    "ttft_ms": [
      32.193084014579654,
      32.307124929502606,
      32.559958985075355
    ],
    "throughput_tps": [
      192.05017314323393,
      190.37892329199215,
      191.91062962236103
    ],
    "memory_gb": [
      2.844008568,
      2.844008568,
      2.844008568
    ],
    "prompt_tps": [
      15904.037021371567,
      15847.897363731234,
      15724.835532952839
    ]
  },
  "stats": {
    "ttft_ms": {
      "n": 3,
      "mean": 32.3534,
      "median": 32.3071,
      "p50": 32.3071,
      "p95": 32.5347,
      "std": 0.1533,
      "min": 32.1931,
      "max": 32.56
    },
    "throughput_tps": {
      "n": 3,
      "mean": 191.4466,
      "median": 191.9106,
      "p50": 191.9106,
      "p95": 192.0362,
      "std": 0.7571,
      "min": 190.3789,
      "max": 192.0502
    },
    "memory_gb": {
      "n": 3,
      "mean": 2.844,
      "median": 2.844,
      "p50": 2.844,
      "p95": 2.844,
      "std": 0.0,
      "min": 2.844,
      "max": 2.844
    },
    "prompt_tps": {
      "n": 3,
      "mean": 15825.59,
      "median": 15847.8974,
      "p50": 15847.8974,
      "p95": 15898.4231,
      "std": 74.8399,
      "min": 15724.8355,
      "max": 15904.037
    }
  },
  "warmup_policy": {
    "warmup_trials": 1,
    "warmup_discarded": true,
    "measured_trials_field": "num_trials",
    "description": "One full generate before timed trials; trials use seed+trial."
  }
}
