{
  "timestamp": "2026-05-25T05:05:39.642225+00:00",
  "hardware": "Mac M5 Max",
  "model_preset": "llama-3.2-1b",
  "configuration": "fp16",
  "weight_bits": 16,
  "optimizations": {
    "weight_bits": 16,
    "kv_cache": false,
    "prefill": false
  },
  "model_repo": "mlx-community/Llama-3.2-1B-Instruct-bf16",
  "kv_bits": null,
  "prefill_step_size": 512,
  "prompt_tokens": 512,
  "generation_tokens": 128,
  "num_trials": 3,
  "memory_gb": 2.844,
  "ttft_ms": 30.681,
  "throughput_tps": 192.4063,
  "prompt_tps": 16687.8752,
  "mlx_version": "0.31.2",
  "mlx_lm_version": "0.29.1",
  "platform": "macOS-26.4.1-arm64-arm-64bit-Mach-O",
  "status": "ok",
  "error": null,
  "article_id": 5,
  "run_label": null,
  "benchmark_mode": "standard",
  "draft_model_repo": null,
  "draft_preset": "llama-3.2-1b",
  "num_draft_tokens": null,
  "draft_accept_rate": null,
  "prefix_cache_cold_ttft_ms": null,
  "prefix_cache_warm_ttft_ms": null,
  "prefix_system_tokens": null,
  "workload": null,
  "schema_version": 1,
  "trials": {
    "ttft_ms": [
      30.48441605642438,
      31.01054206490517,
      30.680958181619644
    ],
    "throughput_tps": [
      192.34824644243847,
      195.52269558813626,
      192.40633811028857
    ],
    "memory_gb": [
      2.844008568,
      2.844008568,
      2.844008568
    ],
    "prompt_tps": [
      16795.466872395595,
      16510.514357613687,
      16687.875162475502
    ]
  },
  "stats": {
    "ttft_ms": {
      "n": 3,
      "mean": 30.7253,
      "median": 30.681,
      "p50": 30.681,
      "p95": 30.9776,
      "std": 0.2171,
      "min": 30.4844,
      "max": 31.0105
    },
    "throughput_tps": {
      "n": 3,
      "mean": 193.4258,
      "median": 192.4063,
      "p50": 192.4063,
      "p95": 195.2111,
      "std": 1.4829,
      "min": 192.3482,
      "max": 195.5227
    },
    "memory_gb": {
      "n": 3,
      "mean": 2.844,
      "median": 2.844,
      "p50": 2.844,
      "p95": 2.844,
      "std": 0.0,
      "min": 2.844,
      "max": 2.844
    },
    "prompt_tps": {
      "n": 3,
      "mean": 16664.6188,
      "median": 16687.8752,
      "p50": 16687.8752,
      "p95": 16784.7077,
      "std": 117.488,
      "min": 16510.5144,
      "max": 16795.4669
    }
  },
  "warmup_policy": {
    "warmup_trials": 1,
    "warmup_discarded": true,
    "measured_trials_field": "num_trials",
    "description": "One full generate before timed trials; trials use seed+trial."
  }
}
