{
  "timestamp": "2026-05-23T14:37:15.913915+00:00",
  "hardware": "Mac M5 Max",
  "model_preset": "llama-3.2-1b",
  "configuration": "fp16+kv_cache",
  "weight_bits": 16,
  "optimizations": {
    "weight_bits": 16,
    "kv_cache": true,
    "prefill": false
  },
  "model_repo": "mlx-community/Llama-3.2-1B-Instruct-bf16",
  "kv_bits": 4,
  "prefill_step_size": 512,
  "prompt_tokens": 512,
  "generation_tokens": 128,
  "num_trials": 3,
  "memory_gb": 2.844,
  "ttft_ms": 32.8405,
  "throughput_tps": 180.5804,
  "prompt_tps": 15590.5057,
  "mlx_version": "0.31.2",
  "mlx_lm_version": "0.29.1",
  "platform": "macOS-26.4.1-arm64-arm-64bit-Mach-O",
  "status": "ok",
  "error": null,
  "article_id": 5,
  "run_label": null,
  "benchmark_mode": "standard",
  "draft_model_repo": null,
  "draft_preset": "qwen-0.5b",
  "num_draft_tokens": null,
  "draft_accept_rate": null,
  "prefix_cache_cold_ttft_ms": null,
  "prefix_cache_warm_ttft_ms": null,
  "prefix_system_tokens": null,
  "workload": null,
  "schema_version": 1,
  "trials": {
    "ttft_ms": [
      32.9737497959286,
      32.84049988724291,
      32.69308293238282
    ],
    "throughput_tps": [
      181.28843662522803,
      179.63356516782872,
      180.58035786962293
    ],
    "memory_gb": [
      2.844008568,
      2.844008568,
      2.844008568
    ],
    "prompt_tps": [
      15527.5030340413,
      15590.50567920525,
      15660.805102380202
    ]
  },
  "stats": {
    "ttft_ms": {
      "n": 3,
      "mean": 32.8358,
      "median": 32.8405,
      "p50": 32.8405,
      "p95": 32.9604,
      "std": 0.1146,
      "min": 32.6931,
      "max": 32.9737
    },
    "throughput_tps": {
      "n": 3,
      "mean": 180.5008,
      "median": 180.5804,
      "p50": 180.5804,
      "p95": 181.2176,
      "std": 0.6779,
      "min": 179.6336,
      "max": 181.2884
    },
    "memory_gb": {
      "n": 3,
      "mean": 2.844,
      "median": 2.844,
      "p50": 2.844,
      "p95": 2.844,
      "std": 0.0,
      "min": 2.844,
      "max": 2.844
    },
    "prompt_tps": {
      "n": 3,
      "mean": 15592.9379,
      "median": 15590.5057,
      "p50": 15590.5057,
      "p95": 15653.7752,
      "std": 54.4475,
      "min": 15527.503,
      "max": 15660.8051
    }
  },
  "warmup_policy": {
    "warmup_trials": 1,
    "warmup_discarded": true,
    "measured_trials_field": "num_trials",
    "description": "One full generate before timed trials; trials use seed+trial."
  }
}
