{
  "timestamp": "2026-05-23T14:37:25.555689+00:00",
  "hardware": "Mac M5 Max",
  "model_preset": "llama-3.2-1b",
  "configuration": "fp16+prefill",
  "weight_bits": 16,
  "optimizations": {
    "weight_bits": 16,
    "kv_cache": false,
    "prefill": true
  },
  "model_repo": "mlx-community/Llama-3.2-1B-Instruct-bf16",
  "kv_bits": null,
  "prefill_step_size": 2048,
  "prompt_tokens": 512,
  "generation_tokens": 128,
  "num_trials": 3,
  "memory_gb": 2.844,
  "ttft_ms": 31.3634,
  "throughput_tps": 189.5275,
  "prompt_tps": 16324.7524,
  "mlx_version": "0.31.2",
  "mlx_lm_version": "0.29.1",
  "platform": "macOS-26.4.1-arm64-arm-64bit-Mach-O",
  "status": "ok",
  "error": null,
  "article_id": 5,
  "run_label": null,
  "benchmark_mode": "standard",
  "draft_model_repo": null,
  "draft_preset": "qwen-0.5b",
  "num_draft_tokens": null,
  "draft_accept_rate": null,
  "prefix_cache_cold_ttft_ms": null,
  "prefix_cache_warm_ttft_ms": null,
  "prefix_system_tokens": null,
  "workload": null,
  "schema_version": 1,
  "trials": {
    "ttft_ms": [
      31.04020794853568,
      32.103708013892174,
      31.363415997475386
    ],
    "throughput_tps": [
      189.52753046551555,
      189.34044139808515,
      190.66452617008432
    ],
    "memory_gb": [
      2.844008568,
      2.844008568,
      2.844008568
    ],
    "prompt_tps": [
      16494.734856444593,
      15948.313502553763,
      16324.752381603257
    ]
  },
  "stats": {
    "ttft_ms": {
      "n": 3,
      "mean": 31.5024,
      "median": 31.3634,
      "p50": 31.3634,
      "p95": 32.0297,
      "std": 0.4452,
      "min": 31.0402,
      "max": 32.1037
    },
    "throughput_tps": {
      "n": 3,
      "mean": 189.8442,
      "median": 189.5275,
      "p50": 189.5275,
      "p95": 190.5508,
      "std": 0.5851,
      "min": 189.3404,
      "max": 190.6645
    },
    "memory_gb": {
      "n": 3,
      "mean": 2.844,
      "median": 2.844,
      "p50": 2.844,
      "p95": 2.844,
      "std": 0.0,
      "min": 2.844,
      "max": 2.844
    },
    "prompt_tps": {
      "n": 3,
      "mean": 16255.9336,
      "median": 16324.7524,
      "p50": 16324.7524,
      "p95": 16477.7366,
      "std": 228.3215,
      "min": 15948.3135,
      "max": 16494.7349
    }
  },
  "warmup_policy": {
    "warmup_trials": 1,
    "warmup_discarded": true,
    "measured_trials_field": "num_trials",
    "description": "One full generate before timed trials; trials use seed+trial."
  }
}
