{
  "timestamp": "2026-05-25T05:06:09.502689+00:00",
  "hardware": "Mac M5 Max",
  "model_preset": "llama-3.2-1b",
  "configuration": "fp16+kv_cache+prefill",
  "weight_bits": 16,
  "optimizations": {
    "weight_bits": 16,
    "kv_cache": true,
    "prefill": true
  },
  "model_repo": "mlx-community/Llama-3.2-1B-Instruct-bf16",
  "kv_bits": 4,
  "prefill_step_size": 2048,
  "prompt_tokens": 512,
  "generation_tokens": 128,
  "num_trials": 3,
  "memory_gb": 2.844,
  "ttft_ms": 33.1145,
  "throughput_tps": 184.8369,
  "prompt_tps": 15461.4857,
  "mlx_version": "0.31.2",
  "mlx_lm_version": "0.29.1",
  "platform": "macOS-26.4.1-arm64-arm-64bit-Mach-O",
  "status": "ok",
  "error": null,
  "article_id": 5,
  "run_label": null,
  "benchmark_mode": "standard",
  "draft_model_repo": null,
  "draft_preset": "llama-3.2-1b",
  "num_draft_tokens": null,
  "draft_accept_rate": null,
  "prefix_cache_cold_ttft_ms": null,
  "prefix_cache_warm_ttft_ms": null,
  "prefix_system_tokens": null,
  "workload": null,
  "schema_version": 1,
  "trials": {
    "ttft_ms": [
      31.798083102330565,
      33.141084015369415,
      33.11454085633159
    ],
    "throughput_tps": [
      182.2404866173095,
      185.1433993418785,
      184.8368554044769
    ],
    "memory_gb": [
      2.844008568,
      2.844008568,
      2.844008568
    ],
    "prompt_tps": [
      16101.599532031985,
      15449.102381882147,
      15461.485702650298
    ]
  },
  "stats": {
    "ttft_ms": {
      "n": 3,
      "mean": 32.6846,
      "median": 33.1145,
      "p50": 33.1145,
      "p95": 33.1384,
      "std": 0.6269,
      "min": 31.7981,
      "max": 33.1411
    },
    "throughput_tps": {
      "n": 3,
      "mean": 184.0736,
      "median": 184.8369,
      "p50": 184.8369,
      "p95": 185.1127,
      "std": 1.3022,
      "min": 182.2405,
      "max": 185.1434
    },
    "memory_gb": {
      "n": 3,
      "mean": 2.844,
      "median": 2.844,
      "p50": 2.844,
      "p95": 2.844,
      "std": 0.0,
      "min": 2.844,
      "max": 2.844
    },
    "prompt_tps": {
      "n": 3,
      "mean": 15670.7292,
      "median": 15461.4857,
      "p50": 15461.4857,
      "p95": 16037.5881,
      "std": 304.7133,
      "min": 15449.1024,
      "max": 16101.5995
    }
  },
  "warmup_policy": {
    "warmup_trials": 1,
    "warmup_discarded": true,
    "measured_trials_field": "num_trials",
    "description": "One full generate before timed trials; trials use seed+trial."
  }
}
