{
  "timestamp": "2026-05-25T05:05:59.410613+00:00",
  "hardware": "Mac M5 Max",
  "model_preset": "llama-3.2-1b",
  "configuration": "fp16+prefill",
  "weight_bits": 16,
  "optimizations": {
    "weight_bits": 16,
    "kv_cache": false,
    "prefill": true
  },
  "model_repo": "mlx-community/Llama-3.2-1B-Instruct-bf16",
  "kv_bits": null,
  "prefill_step_size": 2048,
  "prompt_tokens": 512,
  "generation_tokens": 128,
  "num_trials": 3,
  "memory_gb": 2.844,
  "ttft_ms": 31.365,
  "throughput_tps": 195.1328,
  "prompt_tps": 16323.9498,
  "mlx_version": "0.31.2",
  "mlx_lm_version": "0.29.1",
  "platform": "macOS-26.4.1-arm64-arm-64bit-Mach-O",
  "status": "ok",
  "error": null,
  "article_id": 5,
  "run_label": null,
  "benchmark_mode": "standard",
  "draft_model_repo": null,
  "draft_preset": "llama-3.2-1b",
  "num_draft_tokens": null,
  "draft_accept_rate": null,
  "prefix_cache_cold_ttft_ms": null,
  "prefix_cache_warm_ttft_ms": null,
  "prefix_system_tokens": null,
  "workload": null,
  "schema_version": 1,
  "trials": {
    "ttft_ms": [
      31.364958034828305,
      30.764000024646517,
      32.48404199257493
    ],
    "throughput_tps": [
      191.8736153940793,
      196.30361312837786,
      195.1327959805064
    ],
    "memory_gb": [
      2.844008568,
      2.844008568,
      2.844008568
    ],
    "prompt_tps": [
      16323.949785982959,
      16642.829267644396,
      15761.585338334155
    ]
  },
  "stats": {
    "ttft_ms": {
      "n": 3,
      "mean": 31.5377,
      "median": 31.365,
      "p50": 31.365,
      "p95": 32.3721,
      "std": 0.7127,
      "min": 30.764,
      "max": 32.484
    },
    "throughput_tps": {
      "n": 3,
      "mean": 194.4367,
      "median": 195.1328,
      "p50": 195.1328,
      "p95": 196.1865,
      "std": 1.8743,
      "min": 191.8736,
      "max": 196.3036
    },
    "memory_gb": {
      "n": 3,
      "mean": 2.844,
      "median": 2.844,
      "p50": 2.844,
      "p95": 2.844,
      "std": 0.0,
      "min": 2.844,
      "max": 2.844
    },
    "prompt_tps": {
      "n": 3,
      "mean": 16242.7881,
      "median": 16323.9498,
      "p50": 16323.9498,
      "p95": 16610.9413,
      "std": 364.315,
      "min": 15761.5853,
      "max": 16642.8293
    }
  },
  "warmup_policy": {
    "warmup_trials": 1,
    "warmup_discarded": true,
    "measured_trials_field": "num_trials",
    "description": "One full generate before timed trials; trials use seed+trial."
  }
}
