{
  "timestamp": "2026-05-25T05:05:49.732319+00:00",
  "hardware": "Mac M5 Max",
  "model_preset": "llama-3.2-1b",
  "configuration": "fp16+kv_cache",
  "weight_bits": 16,
  "optimizations": {
    "weight_bits": 16,
    "kv_cache": true,
    "prefill": false
  },
  "model_repo": "mlx-community/Llama-3.2-1B-Instruct-bf16",
  "kv_bits": 4,
  "prefill_step_size": 512,
  "prompt_tokens": 512,
  "generation_tokens": 128,
  "num_trials": 3,
  "memory_gb": 2.844,
  "ttft_ms": 32.5337,
  "throughput_tps": 184.293,
  "prompt_tps": 15737.5232,
  "mlx_version": "0.31.2",
  "mlx_lm_version": "0.29.1",
  "platform": "macOS-26.4.1-arm64-arm-64bit-Mach-O",
  "status": "ok",
  "error": null,
  "article_id": 5,
  "run_label": null,
  "benchmark_mode": "standard",
  "draft_model_repo": null,
  "draft_preset": "llama-3.2-1b",
  "num_draft_tokens": null,
  "draft_accept_rate": null,
  "prefix_cache_cold_ttft_ms": null,
  "prefix_cache_warm_ttft_ms": null,
  "prefix_system_tokens": null,
  "workload": null,
  "schema_version": 1,
  "trials": {
    "ttft_ms": [
      32.533708959817886,
      32.05945901572704,
      32.75225008837879
    ],
    "throughput_tps": [
      184.65957407475346,
      184.29298266786088,
      182.75564824725018
    ],
    "memory_gb": [
      2.844008568,
      2.844008568,
      2.844008568
    ],
    "prompt_tps": [
      15737.523214225803,
      15970.325629912657,
      15632.513754579224
    ]
  },
  "stats": {
    "ttft_ms": {
      "n": 3,
      "mean": 32.4485,
      "median": 32.5337,
      "p50": 32.5337,
      "p95": 32.7304,
      "std": 0.2892,
      "min": 32.0595,
      "max": 32.7523
    },
    "throughput_tps": {
      "n": 3,
      "mean": 183.9027,
      "median": 184.293,
      "p50": 184.293,
      "p95": 184.6229,
      "std": 0.8248,
      "min": 182.7556,
      "max": 184.6596
    },
    "memory_gb": {
      "n": 3,
      "mean": 2.844,
      "median": 2.844,
      "p50": 2.844,
      "p95": 2.844,
      "std": 0.0,
      "min": 2.844,
      "max": 2.844
    },
    "prompt_tps": {
      "n": 3,
      "mean": 15780.1209,
      "median": 15737.5232,
      "p50": 15737.5232,
      "p95": 15947.0454,
      "std": 141.1622,
      "min": 15632.5138,
      "max": 15970.3256
    }
  },
  "warmup_policy": {
    "warmup_trials": 1,
    "warmup_discarded": true,
    "measured_trials_field": "num_trials",
    "description": "One full generate before timed trials; trials use seed+trial."
  }
}
