{
  "timestamp": "2026-05-23T14:38:41.654258+00:00",
  "hardware": "Mac M5 Max",
  "model_preset": "llama-3.2-1b",
  "configuration": "w4+kv_cache+prefill",
  "weight_bits": 4,
  "optimizations": {
    "weight_bits": 4,
    "kv_cache": true,
    "prefill": true
  },
  "model_repo": "mlx-community/Llama-3.2-1B-Instruct-4bit",
  "kv_bits": 4,
  "prefill_step_size": 2048,
  "prompt_tokens": 512,
  "generation_tokens": 128,
  "num_trials": 3,
  "memory_gb": 1.1232,
  "ttft_ms": 36.4374,
  "throughput_tps": 452.3956,
  "prompt_tps": 14051.49,
  "mlx_version": "0.31.2",
  "mlx_lm_version": "0.29.1",
  "platform": "macOS-26.4.1-arm64-arm-64bit-Mach-O",
  "status": "ok",
  "error": null,
  "article_id": 5,
  "run_label": null,
  "benchmark_mode": "standard",
  "draft_model_repo": null,
  "draft_preset": "qwen-0.5b",
  "num_draft_tokens": null,
  "draft_accept_rate": null,
  "prefix_cache_cold_ttft_ms": null,
  "prefix_cache_warm_ttft_ms": null,
  "prefix_system_tokens": null,
  "workload": null,
  "schema_version": 1,
  "trials": {
    "ttft_ms": [
      33.353458158671856,
      36.6775831207633,
      36.43741691485047
    ],
    "throughput_tps": [
      481.9689936647492,
      442.94923383069516,
      452.3955987438718
    ],
    "memory_gb": [
      1.100902544,
      1.100931216,
      1.123197096
    ],
    "prompt_tps": [
      15350.732075944596,
      13959.480326558243,
      14051.490016333422
    ]
  },
  "stats": {
    "ttft_ms": {
      "n": 3,
      "mean": 35.4895,
      "median": 36.4374,
      "p50": 36.4374,
      "p95": 36.6536,
      "std": 1.5136,
      "min": 33.3535,
      "max": 36.6776
    },
    "throughput_tps": {
      "n": 3,
      "mean": 459.1046,
      "median": 452.3956,
      "p50": 452.3956,
      "p95": 479.0117,
      "std": 16.6211,
      "min": 442.9492,
      "max": 481.969
    },
    "memory_gb": {
      "n": 3,
      "mean": 1.1083,
      "median": 1.1009,
      "p50": 1.1009,
      "p95": 1.121,
      "std": 0.0105,
      "min": 1.1009,
      "max": 1.1232
    },
    "prompt_tps": {
      "n": 3,
      "mean": 14453.9008,
      "median": 14051.49,
      "p50": 14051.49,
      "p95": 15220.8079,
      "std": 635.267,
      "min": 13959.4803,
      "max": 15350.7321
    }
  },
  "warmup_policy": {
    "warmup_trials": 1,
    "warmup_discarded": true,
    "measured_trials_field": "num_trials",
    "description": "One full generate before timed trials; trials use seed+trial."
  }
}
