{
  "timestamp": "2026-05-25T05:07:16.109646+00:00",
  "hardware": "Mac M5 Max",
  "model_preset": "llama-3.2-1b",
  "configuration": "w4+kv_cache+prefill",
  "weight_bits": 4,
  "optimizations": {
    "weight_bits": 4,
    "kv_cache": true,
    "prefill": true
  },
  "model_repo": "mlx-community/Llama-3.2-1B-Instruct-4bit",
  "kv_bits": 4,
  "prefill_step_size": 2048,
  "prompt_tokens": 512,
  "generation_tokens": 128,
  "num_trials": 3,
  "memory_gb": 1.1551,
  "ttft_ms": 33.1488,
  "throughput_tps": 476.8961,
  "prompt_tps": 15445.5101,
  "mlx_version": "0.31.2",
  "mlx_lm_version": "0.29.1",
  "platform": "macOS-26.4.1-arm64-arm-64bit-Mach-O",
  "status": "ok",
  "error": null,
  "article_id": 5,
  "run_label": null,
  "benchmark_mode": "standard",
  "draft_model_repo": null,
  "draft_preset": "llama-3.2-1b",
  "num_draft_tokens": null,
  "draft_accept_rate": null,
  "prefix_cache_cold_ttft_ms": null,
  "prefix_cache_warm_ttft_ms": null,
  "prefix_system_tokens": null,
  "workload": null,
  "schema_version": 1,
  "trials": {
    "ttft_ms": [
      33.14879187382758,
      33.089542062953115,
      35.29579215683043
    ],
    "throughput_tps": [
      482.7389395303829,
      476.8960767092903,
      450.2253314340596
    ],
    "memory_gb": [
      1.134207144,
      1.155145896,
      1.100931216
    ],
    "prompt_tps": [
      15445.51010935172,
      15473.166688916877,
      14505.978438591806
    ]
  },
  "stats": {
    "ttft_ms": {
      "n": 3,
      "mean": 33.8447,
      "median": 33.1488,
      "p50": 33.1488,
      "p95": 35.0811,
      "std": 1.0264,
      "min": 33.0895,
      "max": 35.2958
    },
    "throughput_tps": {
      "n": 3,
      "mean": 469.9534,
      "median": 476.8961,
      "p50": 476.8961,
      "p95": 482.1547,
      "std": 14.1524,
      "min": 450.2253,
      "max": 482.7389
    },
    "memory_gb": {
      "n": 3,
      "mean": 1.1301,
      "median": 1.1342,
      "p50": 1.1342,
      "p95": 1.1531,
      "std": 0.0223,
      "min": 1.1009,
      "max": 1.1551
    },
    "prompt_tps": {
      "n": 3,
      "mean": 15141.5517,
      "median": 15445.5101,
      "p50": 15445.5101,
      "p95": 15470.401,
      "std": 449.56,
      "min": 14505.9784,
      "max": 15473.1667
    }
  },
  "warmup_policy": {
    "warmup_trials": 1,
    "warmup_discarded": true,
    "measured_trials_field": "num_trials",
    "description": "One full generate before timed trials; trials use seed+trial."
  }
}
