{
  "timestamp": "2026-05-25T05:06:59.940319+00:00",
  "hardware": "Mac M5 Max",
  "model_preset": "llama-3.2-1b",
  "configuration": "w4+kv_cache",
  "weight_bits": 4,
  "optimizations": {
    "weight_bits": 4,
    "kv_cache": true,
    "prefill": false
  },
  "model_repo": "mlx-community/Llama-3.2-1B-Instruct-4bit",
  "kv_bits": 4,
  "prefill_step_size": 512,
  "prompt_tokens": 512,
  "generation_tokens": 128,
  "num_trials": 3,
  "memory_gb": 1.1468,
  "ttft_ms": 33.4598,
  "throughput_tps": 482.7581,
  "prompt_tps": 15301.9673,
  "mlx_version": "0.31.2",
  "mlx_lm_version": "0.29.1",
  "platform": "macOS-26.4.1-arm64-arm-64bit-Mach-O",
  "status": "ok",
  "error": null,
  "article_id": 5,
  "run_label": null,
  "benchmark_mode": "standard",
  "draft_model_repo": null,
  "draft_preset": "llama-3.2-1b",
  "num_draft_tokens": null,
  "draft_accept_rate": null,
  "prefix_cache_cold_ttft_ms": null,
  "prefix_cache_warm_ttft_ms": null,
  "prefix_system_tokens": null,
  "workload": null,
  "schema_version": 1,
  "trials": {
    "ttft_ms": [
      33.45975000411272,
      33.7377090472728,
      33.153500175103545
    ],
    "throughput_tps": [
      482.7580565278916,
      482.97884783142763,
      469.5871258784479
    ],
    "memory_gb": [
      1.146773672,
      1.132109992,
      1.146773672
    ],
    "prompt_tps": [
      15301.967287175406,
      15175.897073585904,
      15443.316611996335
    ]
  },
  "stats": {
    "ttft_ms": {
      "n": 3,
      "mean": 33.4503,
      "median": 33.4598,
      "p50": 33.4598,
      "p95": 33.7099,
      "std": 0.2386,
      "min": 33.1535,
      "max": 33.7377
    },
    "throughput_tps": {
      "n": 3,
      "mean": 478.4413,
      "median": 482.7581,
      "p50": 482.7581,
      "p95": 482.9568,
      "std": 6.2615,
      "min": 469.5871,
      "max": 482.9788
    },
    "memory_gb": {
      "n": 3,
      "mean": 1.1419,
      "median": 1.1468,
      "p50": 1.1468,
      "p95": 1.1468,
      "std": 0.0069,
      "min": 1.1321,
      "max": 1.1468
    },
    "prompt_tps": {
      "n": 3,
      "mean": 15307.0603,
      "median": 15301.9673,
      "p50": 15301.9673,
      "p95": 15429.1817,
      "std": 109.233,
      "min": 15175.8971,
      "max": 15443.3166
    }
  },
  "warmup_policy": {
    "warmup_trials": 1,
    "warmup_discarded": true,
    "measured_trials_field": "num_trials",
    "description": "One full generate before timed trials; trials use seed+trial."
  }
}
