{
  "timestamp": "2026-05-25T05:07:07.946044+00:00",
  "hardware": "Mac M5 Max",
  "model_preset": "llama-3.2-1b",
  "configuration": "w4+prefill",
  "weight_bits": 4,
  "optimizations": {
    "weight_bits": 4,
    "kv_cache": false,
    "prefill": true
  },
  "model_repo": "mlx-community/Llama-3.2-1B-Instruct-4bit",
  "kv_bits": null,
  "prefill_step_size": 2048,
  "prompt_tokens": 512,
  "generation_tokens": 128,
  "num_trials": 3,
  "memory_gb": 1.162,
  "ttft_ms": 36.9763,
  "throughput_tps": 495.3228,
  "prompt_tps": 13846.6949,
  "mlx_version": "0.31.2",
  "mlx_lm_version": "0.29.1",
  "platform": "macOS-26.4.1-arm64-arm-64bit-Mach-O",
  "status": "ok",
  "error": null,
  "article_id": 5,
  "run_label": null,
  "benchmark_mode": "standard",
  "draft_model_repo": null,
  "draft_preset": "llama-3.2-1b",
  "num_draft_tokens": null,
  "draft_accept_rate": null,
  "prefix_cache_cold_ttft_ms": null,
  "prefix_cache_warm_ttft_ms": null,
  "prefix_system_tokens": null,
  "workload": null,
  "schema_version": 1,
  "trials": {
    "ttft_ms": [
      31.777959084138274,
      36.9763330090791,
      43.87012496590614
    ],
    "throughput_tps": [
      521.110487138733,
      495.32281178196916,
      414.56247872232035
    ],
    "memory_gb": [
      1.136304296,
      1.16196164,
      1.16196164
    ],
    "prompt_tps": [
      16111.796186922555,
      13846.694854091791,
      11670.812435521964
    ]
  },
  "stats": {
    "ttft_ms": {
      "n": 3,
      "mean": 37.5415,
      "median": 36.9763,
      "p50": 36.9763,
      "p95": 43.1807,
      "std": 4.9528,
      "min": 31.778,
      "max": 43.8701
    },
    "throughput_tps": {
      "n": 3,
      "mean": 476.9986,
      "median": 495.3228,
      "p50": 495.3228,
      "p95": 518.5317,
      "std": 45.3869,
      "min": 414.5625,
      "max": 521.1105
    },
    "memory_gb": {
      "n": 3,
      "mean": 1.1534,
      "median": 1.162,
      "p50": 1.162,
      "p95": 1.162,
      "std": 0.0121,
      "min": 1.1363,
      "max": 1.162
    },
    "prompt_tps": {
      "n": 3,
      "mean": 13876.4345,
      "median": 13846.6949,
      "p50": 13846.6949,
      "p95": 15885.2861,
      "std": 1813.146,
      "min": 11670.8124,
      "max": 16111.7962
    }
  },
  "warmup_policy": {
    "warmup_trials": 1,
    "warmup_discarded": true,
    "measured_trials_field": "num_trials",
    "description": "One full generate before timed trials; trials use seed+trial."
  }
}
