{
  "timestamp": "2026-05-23T14:38:17.580860+00:00",
  "hardware": "Mac M5 Max",
  "model_preset": "llama-3.2-1b",
  "configuration": "w4",
  "weight_bits": 4,
  "optimizations": {
    "weight_bits": 4,
    "kv_cache": false,
    "prefill": false
  },
  "model_repo": "mlx-community/Llama-3.2-1B-Instruct-4bit",
  "kv_bits": null,
  "prefill_step_size": 512,
  "prompt_tokens": 512,
  "generation_tokens": 128,
  "num_trials": 3,
  "memory_gb": 1.153,
  "ttft_ms": 30.7115,
  "throughput_tps": 523.2095,
  "prompt_tps": 16671.3023,
  "mlx_version": "0.31.2",
  "mlx_lm_version": "0.29.1",
  "platform": "macOS-26.4.1-arm64-arm-64bit-Mach-O",
  "status": "ok",
  "error": null,
  "article_id": 5,
  "run_label": null,
  "benchmark_mode": "standard",
  "draft_model_repo": null,
  "draft_preset": "qwen-0.5b",
  "num_draft_tokens": null,
  "draft_accept_rate": null,
  "prefix_cache_cold_ttft_ms": null,
  "prefix_cache_warm_ttft_ms": null,
  "prefix_system_tokens": null,
  "workload": null,
  "schema_version": 1,
  "trials": {
    "ttft_ms": [
      30.71145806461573,
      30.34495888277888,
      31.362083042040467
    ],
    "throughput_tps": [
      523.2095021203213,
      522.6893465065666,
      527.8061232608688
    ],
    "memory_gb": [
      1.12476996,
      1.13001284,
      1.153048744
    ],
    "prompt_tps": [
      16671.302252168283,
      16872.654267808746,
      16325.446218405537
    ]
  },
  "stats": {
    "ttft_ms": {
      "n": 3,
      "mean": 30.8062,
      "median": 30.7115,
      "p50": 30.7115,
      "p95": 31.297,
      "std": 0.4206,
      "min": 30.345,
      "max": 31.3621
    },
    "throughput_tps": {
      "n": 3,
      "mean": 524.5683,
      "median": 523.2095,
      "p50": 523.2095,
      "p95": 527.3465,
      "std": 2.2993,
      "min": 522.6893,
      "max": 527.8061
    },
    "memory_gb": {
      "n": 3,
      "mean": 1.1359,
      "median": 1.13,
      "p50": 1.13,
      "p95": 1.1507,
      "std": 0.0123,
      "min": 1.1248,
      "max": 1.153
    },
    "prompt_tps": {
      "n": 3,
      "mean": 16623.1342,
      "median": 16671.3023,
      "p50": 16671.3023,
      "p95": 16852.5191,
      "std": 225.9783,
      "min": 16325.4462,
      "max": 16872.6543
    }
  },
  "warmup_policy": {
    "warmup_trials": 1,
    "warmup_discarded": true,
    "measured_trials_field": "num_trials",
    "description": "One full generate before timed trials; trials use seed+trial."
  }
}
