{
  "timestamp": "2026-05-25T05:06:51.896475+00:00",
  "hardware": "Mac M5 Max",
  "model_preset": "llama-3.2-1b",
  "configuration": "w4",
  "weight_bits": 4,
  "optimizations": {
    "weight_bits": 4,
    "kv_cache": false,
    "prefill": false
  },
  "model_repo": "mlx-community/Llama-3.2-1B-Instruct-4bit",
  "kv_bits": null,
  "prefill_step_size": 512,
  "prompt_tokens": 512,
  "generation_tokens": 128,
  "num_trials": 3,
  "memory_gb": 1.1572,
  "ttft_ms": 30.6065,
  "throughput_tps": 540.1871,
  "prompt_tps": 16728.4497,
  "mlx_version": "0.31.2",
  "mlx_lm_version": "0.29.1",
  "platform": "macOS-26.4.1-arm64-arm-64bit-Mach-O",
  "status": "ok",
  "error": null,
  "article_id": 5,
  "run_label": null,
  "benchmark_mode": "standard",
  "draft_model_repo": null,
  "draft_preset": "llama-3.2-1b",
  "num_draft_tokens": null,
  "draft_accept_rate": null,
  "prefix_cache_cold_ttft_ms": null,
  "prefix_cache_warm_ttft_ms": null,
  "prefix_system_tokens": null,
  "workload": null,
  "schema_version": 1,
  "trials": {
    "ttft_ms": [
      30.60654201544821,
      30.043041100725535,
      31.510874861851335
    ],
    "throughput_tps": [
      544.2945361423051,
      539.1074936760319,
      540.1871446195121
    ],
    "memory_gb": [
      1.134207144,
      1.157243048,
      1.155145896
    ],
    "prompt_tps": [
      16728.44974586072,
      17042.21614194827,
      16248.35877279476
    ]
  },
  "stats": {
    "ttft_ms": {
      "n": 3,
      "mean": 30.7202,
      "median": 30.6065,
      "p50": 30.6065,
      "p95": 31.4204,
      "std": 0.6046,
      "min": 30.043,
      "max": 31.5109
    },
    "throughput_tps": {
      "n": 3,
      "mean": 541.1964,
      "median": 540.1871,
      "p50": 540.1871,
      "p95": 543.8838,
      "std": 2.2346,
      "min": 539.1075,
      "max": 544.2945
    },
    "memory_gb": {
      "n": 3,
      "mean": 1.1489,
      "median": 1.1551,
      "p50": 1.1551,
      "p95": 1.157,
      "std": 0.0104,
      "min": 1.1342,
      "max": 1.1572
    },
    "prompt_tps": {
      "n": 3,
      "mean": 16673.0082,
      "median": 16728.4497,
      "p50": 16728.4497,
      "p95": 17010.8395,
      "std": 326.4534,
      "min": 16248.3588,
      "max": 17042.2161
    }
  },
  "warmup_policy": {
    "warmup_trials": 1,
    "warmup_discarded": true,
    "measured_trials_field": "num_trials",
    "description": "One full generate before timed trials; trials use seed+trial."
  }
}
