{
  "timestamp": "2026-05-23T14:37:52.510518+00:00",
  "hardware": "Mac M5 Max",
  "model_preset": "llama-3.2-1b",
  "configuration": "w8+kv_cache",
  "weight_bits": 8,
  "optimizations": {
    "weight_bits": 8,
    "kv_cache": true,
    "prefill": false
  },
  "model_repo": "mlx-community/Llama-3.2-1B-Instruct-8bit",
  "kv_bits": 4,
  "prefill_step_size": 512,
  "prompt_tokens": 512,
  "generation_tokens": 128,
  "num_trials": 3,
  "memory_gb": 1.7638,
  "ttft_ms": 35.2296,
  "throughput_tps": 316.0843,
  "prompt_tps": 14533.2231,
  "mlx_version": "0.31.2",
  "mlx_lm_version": "0.29.1",
  "platform": "macOS-26.4.1-arm64-arm-64bit-Mach-O",
  "status": "ok",
  "error": null,
  "article_id": 5,
  "run_label": null,
  "benchmark_mode": "standard",
  "draft_model_repo": null,
  "draft_preset": "qwen-0.5b",
  "num_draft_tokens": null,
  "draft_accept_rate": null,
  "prefix_cache_cold_ttft_ms": null,
  "prefix_cache_warm_ttft_ms": null,
  "prefix_system_tokens": null,
  "workload": null,
  "schema_version": 1,
  "trials": {
    "ttft_ms": [
      35.22962494753301,
      35.06250004284084,
      35.77649989165366
    ],
    "throughput_tps": [
      316.08427611277733,
      313.99674257312614,
      316.54761921989194
    ],
    "memory_gb": [
      1.763045544,
      1.763823784,
      1.763066024
    ],
    "prompt_tps": [
      14533.223125778786,
      14602.49552583007,
      14311.070159198136
    ]
  },
  "stats": {
    "ttft_ms": {
      "n": 3,
      "mean": 35.3562,
      "median": 35.2296,
      "p50": 35.2296,
      "p95": 35.7218,
      "std": 0.3049,
      "min": 35.0625,
      "max": 35.7765
    },
    "throughput_tps": {
      "n": 3,
      "mean": 315.5429,
      "median": 316.0843,
      "p50": 316.0843,
      "p95": 316.5013,
      "std": 1.1095,
      "min": 313.9967,
      "max": 316.5476
    },
    "memory_gb": {
      "n": 3,
      "mean": 1.7633,
      "median": 1.7631,
      "p50": 1.7631,
      "p95": 1.7637,
      "std": 0.0004,
      "min": 1.763,
      "max": 1.7638
    },
    "prompt_tps": {
      "n": 3,
      "mean": 14482.2629,
      "median": 14533.2231,
      "p50": 14533.2231,
      "p95": 14595.5683,
      "std": 124.3111,
      "min": 14311.0702,
      "max": 14602.4955
    }
  },
  "warmup_policy": {
    "warmup_trials": 1,
    "warmup_discarded": true,
    "measured_trials_field": "num_trials",
    "description": "One full generate before timed trials; trials use seed+trial."
  }
}
