{
  "timestamp": "2026-05-23T14:38:09.600216+00:00",
  "hardware": "Mac M5 Max",
  "model_preset": "llama-3.2-1b",
  "configuration": "w8+kv_cache+prefill",
  "weight_bits": 8,
  "optimizations": {
    "weight_bits": 8,
    "kv_cache": true,
    "prefill": true
  },
  "model_repo": "mlx-community/Llama-3.2-1B-Instruct-8bit",
  "kv_bits": 4,
  "prefill_step_size": 2048,
  "prompt_tokens": 512,
  "generation_tokens": 128,
  "num_trials": 3,
  "memory_gb": 1.7639,
  "ttft_ms": 35.9302,
  "throughput_tps": 315.4921,
  "prompt_tps": 14249.848,
  "mlx_version": "0.31.2",
  "mlx_lm_version": "0.29.1",
  "platform": "macOS-26.4.1-arm64-arm-64bit-Mach-O",
  "status": "ok",
  "error": null,
  "article_id": 5,
  "run_label": null,
  "benchmark_mode": "standard",
  "draft_model_repo": null,
  "draft_preset": "qwen-0.5b",
  "num_draft_tokens": null,
  "draft_accept_rate": null,
  "prefix_cache_cold_ttft_ms": null,
  "prefix_cache_warm_ttft_ms": null,
  "prefix_system_tokens": null,
  "workload": null,
  "schema_version": 1,
  "trials": {
    "ttft_ms": [
      37.42320789024234,
      35.930207930505276,
      35.31991597265005
    ],
    "throughput_tps": [
      315.4921425798378,
      315.53683023160363,
      314.48424129811343
    ],
    "memory_gb": [
      1.7628858,
      1.76382788,
      1.763860648
    ],
    "prompt_tps": [
      13681.349859200553,
      14249.847954965617,
      14496.070726681988
    ]
  },
  "stats": {
    "ttft_ms": {
      "n": 3,
      "mean": 36.2244,
      "median": 35.9302,
      "p50": 35.9302,
      "p95": 37.2739,
      "std": 0.8835,
      "min": 35.3199,
      "max": 37.4232
    },
    "throughput_tps": {
      "n": 3,
      "mean": 315.1711,
      "median": 315.4921,
      "p50": 315.4921,
      "p95": 315.5324,
      "std": 0.486,
      "min": 314.4842,
      "max": 315.5368
    },
    "memory_gb": {
      "n": 3,
      "mean": 1.7635,
      "median": 1.7638,
      "p50": 1.7638,
      "p95": 1.7639,
      "std": 0.0005,
      "min": 1.7629,
      "max": 1.7639
    },
    "prompt_tps": {
      "n": 3,
      "mean": 14142.4228,
      "median": 14249.848,
      "p50": 14249.848,
      "p95": 14471.4484,
      "std": 341.1721,
      "min": 13681.3499,
      "max": 14496.0707
    }
  },
  "warmup_policy": {
    "warmup_trials": 1,
    "warmup_discarded": true,
    "measured_trials_field": "num_trials",
    "description": "One full generate before timed trials; trials use seed+trial."
  }
}
