{
  "timestamp": "2026-05-25T05:06:43.859696+00:00",
  "hardware": "Mac M5 Max",
  "model_preset": "llama-3.2-1b",
  "configuration": "w8+kv_cache+prefill",
  "weight_bits": 8,
  "optimizations": {
    "weight_bits": 8,
    "kv_cache": true,
    "prefill": true
  },
  "model_repo": "mlx-community/Llama-3.2-1B-Instruct-8bit",
  "kv_bits": 4,
  "prefill_step_size": 2048,
  "prompt_tokens": 512,
  "generation_tokens": 128,
  "num_trials": 3,
  "memory_gb": 1.7639,
  "ttft_ms": 34.688,
  "throughput_tps": 321.5478,
  "prompt_tps": 14760.1655,
  "mlx_version": "0.31.2",
  "mlx_lm_version": "0.29.1",
  "platform": "macOS-26.4.1-arm64-arm-64bit-Mach-O",
  "status": "ok",
  "error": null,
  "article_id": 5,
  "run_label": null,
  "benchmark_mode": "standard",
  "draft_model_repo": null,
  "draft_preset": "llama-3.2-1b",
  "num_draft_tokens": null,
  "draft_accept_rate": null,
  "prefix_cache_cold_ttft_ms": null,
  "prefix_cache_warm_ttft_ms": null,
  "prefix_system_tokens": null,
  "workload": null,
  "schema_version": 1,
  "trials": {
    "ttft_ms": [
      34.107791958376765,
      35.744041902944446,
      34.687957959249616
    ],
    "throughput_tps": [
      321.766767422838,
      321.5478169026252,
      315.5726467110306
    ],
    "memory_gb": [
      1.76378692,
      1.763860648,
      1.763860648
    ],
    "prompt_tps": [
      15011.232642230727,
      14324.065571270035,
      14760.165490326137
    ]
  },
  "stats": {
    "ttft_ms": {
      "n": 3,
      "mean": 34.8466,
      "median": 34.688,
      "p50": 34.688,
      "p95": 35.6384,
      "std": 0.6773,
      "min": 34.1078,
      "max": 35.744
    },
    "throughput_tps": {
      "n": 3,
      "mean": 319.6291,
      "median": 321.5478,
      "p50": 321.5478,
      "p95": 321.7449,
      "std": 2.8697,
      "min": 315.5726,
      "max": 321.7668
    },
    "memory_gb": {
      "n": 3,
      "mean": 1.7638,
      "median": 1.7639,
      "p50": 1.7639,
      "p95": 1.7639,
      "std": 0.0,
      "min": 1.7638,
      "max": 1.7639
    },
    "prompt_tps": {
      "n": 3,
      "mean": 14698.4879,
      "median": 14760.1655,
      "p50": 14760.1655,
      "p95": 14986.1259,
      "std": 283.9046,
      "min": 14324.0656,
      "max": 15011.2326
    }
  },
  "warmup_policy": {
    "warmup_trials": 1,
    "warmup_discarded": true,
    "measured_trials_field": "num_trials",
    "description": "One full generate before timed trials; trials use seed+trial."
  }
}
