{
  "timestamp": "2026-05-25T05:06:26.707277+00:00",
  "hardware": "Mac M5 Max",
  "model_preset": "llama-3.2-1b",
  "configuration": "w8+kv_cache",
  "weight_bits": 8,
  "optimizations": {
    "weight_bits": 8,
    "kv_cache": true,
    "prefill": false
  },
  "model_repo": "mlx-community/Llama-3.2-1B-Instruct-8bit",
  "kv_bits": 4,
  "prefill_step_size": 512,
  "prompt_tokens": 512,
  "generation_tokens": 128,
  "num_trials": 3,
  "memory_gb": 1.7639,
  "ttft_ms": 34.3924,
  "throughput_tps": 319.2144,
  "prompt_tps": 14887.0025,
  "mlx_version": "0.31.2",
  "mlx_lm_version": "0.29.1",
  "platform": "macOS-26.4.1-arm64-arm-64bit-Mach-O",
  "status": "ok",
  "error": null,
  "article_id": 5,
  "run_label": null,
  "benchmark_mode": "standard",
  "draft_model_repo": null,
  "draft_preset": "llama-3.2-1b",
  "num_draft_tokens": null,
  "draft_accept_rate": null,
  "prefix_cache_cold_ttft_ms": null,
  "prefix_cache_warm_ttft_ms": null,
  "prefix_system_tokens": null,
  "workload": null,
  "schema_version": 1,
  "trials": {
    "ttft_ms": [
      33.734082942828536,
      34.49845779687166,
      34.3924171756953
    ],
    "throughput_tps": [
      320.73736165440675,
      318.4592874998227,
      319.214366473194
    ],
    "memory_gb": [
      1.763831976,
      1.763860648,
      1.763860648
    ],
    "prompt_tps": [
      15177.52834329961,
      14841.243136567931,
      14887.002486170823
    ]
  },
  "stats": {
    "ttft_ms": {
      "n": 3,
      "mean": 34.2083,
      "median": 34.3924,
      "p50": 34.3924,
      "p95": 34.4879,
      "std": 0.3381,
      "min": 33.7341,
      "max": 34.4985
    },
    "throughput_tps": {
      "n": 3,
      "mean": 319.4703,
      "median": 319.2144,
      "p50": 319.2144,
      "p95": 320.5851,
      "std": 0.9475,
      "min": 318.4593,
      "max": 320.7374
    },
    "memory_gb": {
      "n": 3,
      "mean": 1.7639,
      "median": 1.7639,
      "p50": 1.7639,
      "p95": 1.7639,
      "std": 0.0,
      "min": 1.7638,
      "max": 1.7639
    },
    "prompt_tps": {
      "n": 3,
      "mean": 14968.5913,
      "median": 14887.0025,
      "p50": 14887.0025,
      "p95": 15148.4758,
      "std": 148.9172,
      "min": 14841.2431,
      "max": 15177.5283
    }
  },
  "warmup_policy": {
    "warmup_trials": 1,
    "warmup_discarded": true,
    "measured_trials_field": "num_trials",
    "description": "One full generate before timed trials; trials use seed+trial."
  }
}
