{
  "timestamp": "2026-05-25T05:06:35.254335+00:00",
  "hardware": "Mac M5 Max",
  "model_preset": "llama-3.2-1b",
  "configuration": "w8+prefill",
  "weight_bits": 8,
  "optimizations": {
    "weight_bits": 8,
    "kv_cache": false,
    "prefill": true
  },
  "model_repo": "mlx-community/Llama-3.2-1B-Instruct-8bit",
  "kv_bits": null,
  "prefill_step_size": 2048,
  "prompt_tokens": 512,
  "generation_tokens": 128,
  "num_trials": 3,
  "memory_gb": 1.7589,
  "ttft_ms": 32.1751,
  "throughput_tps": 330.8282,
  "prompt_tps": 15912.9142,
  "mlx_version": "0.31.2",
  "mlx_lm_version": "0.29.1",
  "platform": "macOS-26.4.1-arm64-arm-64bit-Mach-O",
  "status": "ok",
  "error": null,
  "article_id": 5,
  "run_label": null,
  "benchmark_mode": "standard",
  "draft_model_repo": null,
  "draft_preset": "llama-3.2-1b",
  "num_draft_tokens": null,
  "draft_accept_rate": null,
  "prefix_cache_cold_ttft_ms": null,
  "prefix_cache_warm_ttft_ms": null,
  "prefix_system_tokens": null,
  "workload": null,
  "schema_version": 1,
  "trials": {
    "ttft_ms": [
      31.658540945500135,
      32.33091696165502,
      32.175124855712056
    ],
    "throughput_tps": [
      327.77583270636745,
      330.8282141829772,
      331.3865452557648
    ],
    "memory_gb": [
      1.758896296,
      1.758896296,
      1.758896296
    ],
    "prompt_tps": [
      16172.57096217425,
      15836.235038036197,
      15912.914162603616
    ]
  },
  "stats": {
    "ttft_ms": {
      "n": 3,
      "mean": 32.0549,
      "median": 32.1751,
      "p50": 32.1751,
      "p95": 32.3153,
      "std": 0.2874,
      "min": 31.6585,
      "max": 32.3309
    },
    "throughput_tps": {
      "n": 3,
      "mean": 329.9969,
      "median": 330.8282,
      "p50": 330.8282,
      "p95": 331.3307,
      "std": 1.587,
      "min": 327.7758,
      "max": 331.3865
    },
    "memory_gb": {
      "n": 3,
      "mean": 1.7589,
      "median": 1.7589,
      "p50": 1.7589,
      "p95": 1.7589,
      "std": 0.0,
      "min": 1.7589,
      "max": 1.7589
    },
    "prompt_tps": {
      "n": 3,
      "mean": 15973.9067,
      "median": 15912.9142,
      "p50": 15912.9142,
      "p95": 16146.6053,
      "std": 143.9225,
      "min": 15836.235,
      "max": 16172.571
    }
  },
  "warmup_policy": {
    "warmup_trials": 1,
    "warmup_discarded": true,
    "measured_trials_field": "num_trials",
    "description": "One full generate before timed trials; trials use seed+trial."
  }
}
