{
  "timestamp": "2026-05-23T14:37:43.965915+00:00",
  "hardware": "Mac M5 Max",
  "model_preset": "llama-3.2-1b",
  "configuration": "w8",
  "weight_bits": 8,
  "optimizations": {
    "weight_bits": 8,
    "kv_cache": false,
    "prefill": false
  },
  "model_repo": "mlx-community/Llama-3.2-1B-Instruct-8bit",
  "kv_bits": null,
  "prefill_step_size": 512,
  "prompt_tokens": 512,
  "generation_tokens": 128,
  "num_trials": 3,
  "memory_gb": 1.7589,
  "ttft_ms": 32.4302,
  "throughput_tps": 319.7562,
  "prompt_tps": 15787.7699,
  "mlx_version": "0.31.2",
  "mlx_lm_version": "0.29.1",
  "platform": "macOS-26.4.1-arm64-arm-64bit-Mach-O",
  "status": "ok",
  "error": null,
  "article_id": 5,
  "run_label": null,
  "benchmark_mode": "standard",
  "draft_model_repo": null,
  "draft_preset": "qwen-0.5b",
  "num_draft_tokens": null,
  "draft_accept_rate": null,
  "prefix_cache_cold_ttft_ms": null,
  "prefix_cache_warm_ttft_ms": null,
  "prefix_system_tokens": null,
  "workload": null,
  "schema_version": 1,
  "trials": {
    "ttft_ms": [
      31.59166593104601,
      33.355999970808625,
      32.43016614578664
    ],
    "throughput_tps": [
      321.5195820607555,
      319.7562194638839,
      319.6936934085815
    ],
    "memory_gb": [
      1.758896296,
      1.758896296,
      1.758896296
    ],
    "prompt_tps": [
      16206.805969571973,
      15349.562311070717,
      15787.76987137081
    ]
  },
  "stats": {
    "ttft_ms": {
      "n": 3,
      "mean": 32.4593,
      "median": 32.4302,
      "p50": 32.4302,
      "p95": 33.2634,
      "std": 0.7206,
      "min": 31.5917,
      "max": 33.356
    },
    "throughput_tps": {
      "n": 3,
      "mean": 320.3232,
      "median": 319.7562,
      "p50": 319.7562,
      "p95": 321.3432,
      "std": 0.8464,
      "min": 319.6937,
      "max": 321.5196
    },
    "memory_gb": {
      "n": 3,
      "mean": 1.7589,
      "median": 1.7589,
      "p50": 1.7589,
      "p95": 1.7589,
      "std": 0.0,
      "min": 1.7589,
      "max": 1.7589
    },
    "prompt_tps": {
      "n": 3,
      "mean": 15781.3794,
      "median": 15787.7699,
      "p50": 15787.7699,
      "p95": 16164.9024,
      "std": 349.9974,
      "min": 15349.5623,
      "max": 16206.806
    }
  },
  "warmup_policy": {
    "warmup_trials": 1,
    "warmup_discarded": true,
    "measured_trials_field": "num_trials",
    "description": "One full generate before timed trials; trials use seed+trial."
  }
}
