{
  "timestamp": "2026-05-25T05:06:18.033247+00:00",
  "hardware": "Mac M5 Max",
  "model_preset": "llama-3.2-1b",
  "configuration": "w8",
  "weight_bits": 8,
  "optimizations": {
    "weight_bits": 8,
    "kv_cache": false,
    "prefill": false
  },
  "model_repo": "mlx-community/Llama-3.2-1B-Instruct-8bit",
  "kv_bits": null,
  "prefill_step_size": 512,
  "prompt_tokens": 512,
  "generation_tokens": 128,
  "num_trials": 3,
  "memory_gb": 1.7589,
  "ttft_ms": 31.711,
  "throughput_tps": 328.8952,
  "prompt_tps": 16145.8169,
  "mlx_version": "0.31.2",
  "mlx_lm_version": "0.29.1",
  "platform": "macOS-26.4.1-arm64-arm-64bit-Mach-O",
  "status": "ok",
  "error": null,
  "article_id": 5,
  "run_label": null,
  "benchmark_mode": "standard",
  "draft_model_repo": null,
  "draft_preset": "llama-3.2-1b",
  "num_draft_tokens": null,
  "draft_accept_rate": null,
  "prefix_cache_cold_ttft_ms": null,
  "prefix_cache_warm_ttft_ms": null,
  "prefix_system_tokens": null,
  "workload": null,
  "schema_version": 1,
  "trials": {
    "ttft_ms": [
      31.71100001782179,
      31.704416032880545,
      31.875541899353266
    ],
    "throughput_tps": [
      328.89521030211404,
      332.9912012201676,
      327.8160214787771
    ],
    "memory_gb": [
      1.758896296,
      1.758896296,
      1.758896296
    ],
    "prompt_tps": [
      16145.816899884981,
      16149.169865453649,
      16062.472023742697
    ]
  },
  "stats": {
    "ttft_ms": {
      "n": 3,
      "mean": 31.7637,
      "median": 31.711,
      "p50": 31.711,
      "p95": 31.8591,
      "std": 0.0792,
      "min": 31.7044,
      "max": 31.8755
    },
    "throughput_tps": {
      "n": 3,
      "mean": 329.9008,
      "median": 328.8952,
      "p50": 328.8952,
      "p95": 332.5816,
      "std": 2.2292,
      "min": 327.816,
      "max": 332.9912
    },
    "memory_gb": {
      "n": 3,
      "mean": 1.7589,
      "median": 1.7589,
      "p50": 1.7589,
      "p95": 1.7589,
      "std": 0.0,
      "min": 1.7589,
      "max": 1.7589
    },
    "prompt_tps": {
      "n": 3,
      "mean": 16119.1529,
      "median": 16145.8169,
      "p50": 16145.8169,
      "p95": 16148.8346,
      "std": 40.1028,
      "min": 16062.472,
      "max": 16149.1699
    }
  },
  "warmup_policy": {
    "warmup_trials": 1,
    "warmup_discarded": true,
    "measured_trials_field": "num_trials",
    "description": "One full generate before timed trials; trials use seed+trial."
  }
}
