{
  "timestamp": "2026-05-20T18:35:23.721304+00:00",
  "hardware": "Mac M3",
  "model_preset": "llama3-8b",
  "configuration": "w4+kv_cache",
  "weight_bits": 4,
  "optimizations": {
    "weight_bits": 4,
    "kv_cache": true,
    "prefill": false
  },
  "model_repo": "mlx-community/Meta-Llama-3.1-8B-Instruct-4bit",
  "kv_bits": 4,
  "prefill_step_size": 512,
  "prompt_tokens": 512,
  "generation_tokens": 256,
  "num_trials": 3,
  "memory_gb": 5.0572,
  "ttft_ms": 3768.1253,
  "throughput_tps": 16.3771,
  "prompt_tps": 135.8766,
  "mlx_version": "0.31.2",
  "mlx_lm_version": "0.31.3",
  "platform": "macOS-26.3.1-arm64-arm-64bit-Mach-O",
  "status": "ok",
  "error": null,
  "article_id": 7,
  "run_label": "gen_g256",
  "benchmark_mode": "standard",
  "draft_model_repo": null,
  "draft_preset": "qwen-0.5b",
  "num_draft_tokens": null,
  "draft_accept_rate": null,
  "prefix_cache_cold_ttft_ms": null,
  "prefix_cache_warm_ttft_ms": null,
  "prefix_system_tokens": null,
  "workload": null,
  "schema_version": 1,
  "trials": {
    "ttft_ms": [
      3768.1253331247717,
      3825.0031662173565,
      3476.74800013192
    ],
    "throughput_tps": [
      15.197516286540226,
      16.3770613665181,
      17.19805608908114
    ],
    "memory_gb": [
      5.057169516,
      5.057169516,
      5.057169516
    ],
    "prompt_tps": [
      135.8765844381871,
      133.85609834836552,
      147.264052494047
    ]
  },
  "stats": {
    "ttft_ms": {
      "n": 3,
      "mean": 3689.9588,
      "median": 3768.1253,
      "p50": 3768.1253,
      "p95": 3819.3154,
      "std": 152.5405,
      "min": 3476.748,
      "max": 3825.0032
    },
    "throughput_tps": {
      "n": 3,
      "mean": 16.2575,
      "median": 16.3771,
      "p50": 16.3771,
      "p95": 17.116,
      "std": 0.8211,
      "min": 15.1975,
      "max": 17.1981
    },
    "memory_gb": {
      "n": 3,
      "mean": 5.0572,
      "median": 5.0572,
      "p50": 5.0572,
      "p95": 5.0572,
      "std": 0.0,
      "min": 5.0572,
      "max": 5.0572
    },
    "prompt_tps": {
      "n": 3,
      "mean": 138.9989,
      "median": 135.8766,
      "p50": 135.8766,
      "p95": 146.1253,
      "std": 5.9023,
      "min": 133.8561,
      "max": 147.2641
    }
  },
  "warmup_policy": {
    "warmup_trials": 1,
    "warmup_discarded": true,
    "measured_trials_field": "num_trials",
    "description": "One full generate before timed trials; trials use seed+trial."
  }
}
