{
  "timestamp": "2026-05-20T18:33:58.274741+00:00",
  "hardware": "Mac M3",
  "model_preset": "llama3-8b",
  "configuration": "w4+kv_cache",
  "weight_bits": 4,
  "optimizations": {
    "weight_bits": 4,
    "kv_cache": true,
    "prefill": false
  },
  "model_repo": "mlx-community/Meta-Llama-3.1-8B-Instruct-4bit",
  "kv_bits": 4,
  "prefill_step_size": 512,
  "prompt_tokens": 512,
  "generation_tokens": 64,
  "num_trials": 3,
  "memory_gb": 5.0572,
  "ttft_ms": 3737.4084,
  "throughput_tps": 14.9707,
  "prompt_tps": 136.9933,
  "mlx_version": "0.31.2",
  "mlx_lm_version": "0.31.3",
  "platform": "macOS-26.3.1-arm64-arm-64bit-Mach-O",
  "status": "ok",
  "error": null,
  "article_id": 7,
  "run_label": "gen_g64",
  "benchmark_mode": "standard",
  "draft_model_repo": null,
  "draft_preset": "qwen-0.5b",
  "num_draft_tokens": null,
  "draft_accept_rate": null,
  "prefix_cache_cold_ttft_ms": null,
  "prefix_cache_warm_ttft_ms": null,
  "prefix_system_tokens": null,
  "workload": null,
  "schema_version": 1,
  "trials": {
    "ttft_ms": [
      3327.566041843966,
      3907.964042155072,
      3737.408416811377
    ],
    "throughput_tps": [
      15.109597704466784,
      14.015112600283683,
      14.970740829585027
    ],
    "memory_gb": [
      5.057169516,
      5.057169516,
      5.057169516
    ],
    "prompt_tps": [
      153.8662173978299,
      131.01451151471042,
      136.99332342083719
    ]
  },
  "stats": {
    "ttft_ms": {
      "n": 3,
      "mean": 3657.6462,
      "median": 3737.4084,
      "p50": 3737.4084,
      "p95": 3890.9085,
      "std": 243.5665,
      "min": 3327.566,
      "max": 3907.964
    },
    "throughput_tps": {
      "n": 3,
      "mean": 14.6985,
      "median": 14.9707,
      "p50": 14.9707,
      "p95": 15.0957,
      "std": 0.4865,
      "min": 14.0151,
      "max": 15.1096
    },
    "memory_gb": {
      "n": 3,
      "mean": 5.0572,
      "median": 5.0572,
      "p50": 5.0572,
      "p95": 5.0572,
      "std": 0.0,
      "min": 5.0572,
      "max": 5.0572
    },
    "prompt_tps": {
      "n": 3,
      "mean": 140.6247,
      "median": 136.9933,
      "p50": 136.9933,
      "p95": 152.1789,
      "std": 9.6761,
      "min": 131.0145,
      "max": 153.8662
    }
  },
  "warmup_policy": {
    "warmup_trials": 1,
    "warmup_discarded": true,
    "measured_trials_field": "num_trials",
    "description": "One full generate before timed trials; trials use seed+trial."
  }
}
