{
  "timestamp": "2026-05-25T06:05:33.577937+00:00",
  "hardware": "Mac M5 Max",
  "model_preset": "qwen-35b",
  "configuration": "w4+kv_cache+prefill",
  "weight_bits": 4,
  "optimizations": {
    "weight_bits": 4,
    "kv_cache": true,
    "prefill": true
  },
  "model_repo": "mlx-community/Qwen2.5-32B-Instruct-4bit",
  "kv_bits": 4,
  "prefill_step_size": 2048,
  "prompt_tokens": 512,
  "generation_tokens": 128,
  "num_trials": 3,
  "memory_gb": 19.1186,
  "ttft_ms": 779.7535,
  "throughput_tps": 27.2491,
  "prompt_tps": 656.6177,
  "mlx_version": "0.31.2",
  "mlx_lm_version": "0.29.1",
  "platform": "macOS-26.4.1-arm64-arm-64bit-Mach-O",
  "status": "ok",
  "error": null,
  "article_id": 5,
  "run_label": null,
  "benchmark_mode": "standard",
  "draft_model_repo": null,
  "draft_preset": "qwen-1.5b",
  "num_draft_tokens": null,
  "draft_accept_rate": null,
  "prefix_cache_cold_ttft_ms": null,
  "prefix_cache_warm_ttft_ms": null,
  "prefix_system_tokens": null,
  "workload": null,
  "schema_version": 1,
  "trials": {
    "ttft_ms": [
      933.7192501407117,
      779.7535411082208,
      743.6441250611097
    ],
    "throughput_tps": [
      27.2491194340055,
      27.216734829921947,
      27.32589462247941
    ],
    "memory_gb": [
      19.118616672,
      19.118616672,
      19.118616672
    ],
    "prompt_tps": [
      548.3446977481095,
      656.6177298436152,
      688.5013714832023
    ]
  },
  "stats": {
    "ttft_ms": {
      "n": 3,
      "mean": 819.039,
      "median": 779.7535,
      "p50": 779.7535,
      "p95": 918.3227,
      "std": 82.4203,
      "min": 743.6441,
      "max": 933.7193
    },
    "throughput_tps": {
      "n": 3,
      "mean": 27.2639,
      "median": 27.2491,
      "p50": 27.2491,
      "p95": 27.3182,
      "std": 0.0458,
      "min": 27.2167,
      "max": 27.3259
    },
    "memory_gb": {
      "n": 3,
      "mean": 19.1186,
      "median": 19.1186,
      "p50": 19.1186,
      "p95": 19.1186,
      "std": 0.0,
      "min": 19.1186,
      "max": 19.1186
    },
    "prompt_tps": {
      "n": 3,
      "mean": 631.1546,
      "median": 656.6177,
      "p50": 656.6177,
      "p95": 685.313,
      "std": 59.9847,
      "min": 548.3447,
      "max": 688.5014
    }
  },
  "warmup_policy": {
    "warmup_trials": 1,
    "warmup_discarded": true,
    "measured_trials_field": "num_trials",
    "description": "One full generate before timed trials; trials use seed+trial."
  }
}
