{
  "timestamp": "2026-05-25T06:04:34.910327+00:00",
  "hardware": "Mac M5 Max",
  "model_preset": "qwen-35b",
  "configuration": "w4+kv_cache",
  "weight_bits": 4,
  "optimizations": {
    "weight_bits": 4,
    "kv_cache": true,
    "prefill": false
  },
  "model_repo": "mlx-community/Qwen2.5-32B-Instruct-4bit",
  "kv_bits": 4,
  "prefill_step_size": 512,
  "prompt_tokens": 512,
  "generation_tokens": 128,
  "num_trials": 3,
  "memory_gb": 19.1186,
  "ttft_ms": 749.4915,
  "throughput_tps": 27.2716,
  "prompt_tps": 683.1299,
  "mlx_version": "0.31.2",
  "mlx_lm_version": "0.29.1",
  "platform": "macOS-26.4.1-arm64-arm-64bit-Mach-O",
  "status": "ok",
  "error": null,
  "article_id": 5,
  "run_label": null,
  "benchmark_mode": "standard",
  "draft_model_repo": null,
  "draft_preset": "qwen-1.5b",
  "num_draft_tokens": null,
  "draft_accept_rate": null,
  "prefix_cache_cold_ttft_ms": null,
  "prefix_cache_warm_ttft_ms": null,
  "prefix_system_tokens": null,
  "workload": null,
  "schema_version": 1,
  "trials": {
    "ttft_ms": [
      907.1766671258957,
      749.4914578273891,
      714.6664159372449
    ],
    "throughput_tps": [
      27.184589014619245,
      27.33461479503003,
      27.27159418652558
    ],
    "memory_gb": [
      19.118616672,
      19.118616672,
      19.118616672
    ],
    "prompt_tps": [
      564.3884135844357,
      683.1298671290735,
      716.4181617916671
    ]
  },
  "stats": {
    "ttft_ms": {
      "n": 3,
      "mean": 790.4448,
      "median": 749.4915,
      "p50": 749.4915,
      "p95": 891.4081,
      "std": 83.7573,
      "min": 714.6664,
      "max": 907.1767
    },
    "throughput_tps": {
      "n": 3,
      "mean": 27.2636,
      "median": 27.2716,
      "p50": 27.2716,
      "p95": 27.3283,
      "std": 0.0615,
      "min": 27.1846,
      "max": 27.3346
    },
    "memory_gb": {
      "n": 3,
      "mean": 19.1186,
      "median": 19.1186,
      "p50": 19.1186,
      "p95": 19.1186,
      "std": 0.0,
      "min": 19.1186,
      "max": 19.1186
    },
    "prompt_tps": {
      "n": 3,
      "mean": 654.6455,
      "median": 683.1299,
      "p50": 683.1299,
      "p95": 713.0893,
      "std": 65.2522,
      "min": 564.3884,
      "max": 716.4182
    }
  },
  "warmup_policy": {
    "warmup_trials": 1,
    "warmup_discarded": true,
    "measured_trials_field": "num_trials",
    "description": "One full generate before timed trials; trials use seed+trial."
  }
}
