{
  "timestamp": "2026-05-23T15:35:51.654728+00:00",
  "hardware": "Mac M5 Max",
  "model_preset": "qwen-35b",
  "configuration": "w4+kv_cache+prefill",
  "weight_bits": 4,
  "optimizations": {
    "weight_bits": 4,
    "kv_cache": true,
    "prefill": true
  },
  "model_repo": "mlx-community/Qwen2.5-32B-Instruct-4bit",
  "kv_bits": 4,
  "prefill_step_size": 2048,
  "prompt_tokens": 512,
  "generation_tokens": 128,
  "num_trials": 3,
  "memory_gb": 19.1186,
  "ttft_ms": 1202.4723,
  "throughput_tps": 27.1422,
  "prompt_tps": 425.7894,
  "mlx_version": "0.31.2",
  "mlx_lm_version": "0.29.1",
  "platform": "macOS-26.4.1-arm64-arm-64bit-Mach-O",
  "status": "ok",
  "error": null,
  "article_id": 5,
  "run_label": null,
  "benchmark_mode": "standard",
  "draft_model_repo": null,
  "draft_preset": "qwen-1.5b",
  "num_draft_tokens": null,
  "draft_accept_rate": null,
  "prefix_cache_cold_ttft_ms": null,
  "prefix_cache_warm_ttft_ms": null,
  "prefix_system_tokens": null,
  "workload": null,
  "schema_version": 1,
  "trials": {
    "ttft_ms": [
      1131.043375004083,
      1202.4722918868065,
      1309.053333941847
    ],
    "throughput_tps": [
      27.142226274446195,
      27.196193553140798,
      27.09768403341798
    ],
    "memory_gb": [
      19.118616672,
      19.118616672,
      19.118616672
    ],
    "prompt_tps": [
      452.6793678431225,
      425.78943685813977,
      391.12233758899305
    ]
  },
  "stats": {
    "ttft_ms": {
      "n": 3,
      "mean": 1214.1897,
      "median": 1202.4723,
      "p50": 1202.4723,
      "p95": 1298.3952,
      "std": 73.1431,
      "min": 1131.0434,
      "max": 1309.0533
    },
    "throughput_tps": {
      "n": 3,
      "mean": 27.1454,
      "median": 27.1422,
      "p50": 27.1422,
      "p95": 27.1908,
      "std": 0.0403,
      "min": 27.0977,
      "max": 27.1962
    },
    "memory_gb": {
      "n": 3,
      "mean": 19.1186,
      "median": 19.1186,
      "p50": 19.1186,
      "p95": 19.1186,
      "std": 0.0,
      "min": 19.1186,
      "max": 19.1186
    },
    "prompt_tps": {
      "n": 3,
      "mean": 423.197,
      "median": 425.7894,
      "p50": 425.7894,
      "p95": 449.9904,
      "std": 25.1973,
      "min": 391.1223,
      "max": 452.6794
    }
  },
  "warmup_policy": {
    "warmup_trials": 1,
    "warmup_discarded": true,
    "measured_trials_field": "num_trials",
    "description": "One full generate before timed trials; trials use seed+trial."
  }
}
