{
  "timestamp": "2026-05-25T06:05:03.879510+00:00",
  "hardware": "Mac M5 Max",
  "model_preset": "qwen-35b",
  "configuration": "w4+prefill",
  "weight_bits": 4,
  "optimizations": {
    "weight_bits": 4,
    "kv_cache": false,
    "prefill": true
  },
  "model_repo": "mlx-community/Qwen2.5-32B-Instruct-4bit",
  "kv_bits": null,
  "prefill_step_size": 2048,
  "prompt_tokens": 512,
  "generation_tokens": 128,
  "num_trials": 3,
  "memory_gb": 19.1186,
  "ttft_ms": 788.165,
  "throughput_tps": 28.2999,
  "prompt_tps": 649.6101,
  "mlx_version": "0.31.2",
  "mlx_lm_version": "0.29.1",
  "platform": "macOS-26.4.1-arm64-arm-64bit-Mach-O",
  "status": "ok",
  "error": null,
  "article_id": 5,
  "run_label": null,
  "benchmark_mode": "standard",
  "draft_model_repo": null,
  "draft_preset": "qwen-1.5b",
  "num_draft_tokens": null,
  "draft_accept_rate": null,
  "prefix_cache_cold_ttft_ms": null,
  "prefix_cache_warm_ttft_ms": null,
  "prefix_system_tokens": null,
  "workload": null,
  "schema_version": 1,
  "trials": {
    "ttft_ms": [
      921.8470000196248,
      788.1650419440119,
      737.1775829233229
    ],
    "throughput_tps": [
      28.247233508605078,
      28.362702084643214,
      28.299865412833313
    ],
    "memory_gb": [
      19.118616672,
      19.118616672,
      19.118616672
    ],
    "prompt_tps": [
      555.4066997984484,
      649.6101358887348,
      694.5409245485092
    ]
  },
  "stats": {
    "ttft_ms": {
      "n": 3,
      "mean": 815.7299,
      "median": 788.165,
      "p50": 788.165,
      "p95": 908.4788,
      "std": 77.8698,
      "min": 737.1776,
      "max": 921.847
    },
    "throughput_tps": {
      "n": 3,
      "mean": 28.3033,
      "median": 28.2999,
      "p50": 28.2999,
      "p95": 28.3564,
      "std": 0.0472,
      "min": 28.2472,
      "max": 28.3627
    },
    "memory_gb": {
      "n": 3,
      "mean": 19.1186,
      "median": 19.1186,
      "p50": 19.1186,
      "p95": 19.1186,
      "std": 0.0,
      "min": 19.1186,
      "max": 19.1186
    },
    "prompt_tps": {
      "n": 3,
      "mean": 633.1859,
      "median": 649.6101,
      "p50": 649.6101,
      "p95": 690.0478,
      "std": 57.9764,
      "min": 555.4067,
      "max": 694.5409
    }
  },
  "warmup_policy": {
    "warmup_trials": 1,
    "warmup_discarded": true,
    "measured_trials_field": "num_trials",
    "description": "One full generate before timed trials; trials use seed+trial."
  }
}
