{
  "timestamp": "2026-05-25T06:04:05.382571+00:00",
  "hardware": "Mac M5 Max",
  "model_preset": "qwen-35b",
  "configuration": "w4",
  "weight_bits": 4,
  "optimizations": {
    "weight_bits": 4,
    "kv_cache": false,
    "prefill": false
  },
  "model_repo": "mlx-community/Qwen2.5-32B-Instruct-4bit",
  "kv_bits": null,
  "prefill_step_size": 512,
  "prompt_tokens": 512,
  "generation_tokens": 128,
  "num_trials": 3,
  "memory_gb": 19.1186,
  "ttft_ms": 742.8297,
  "throughput_tps": 28.242,
  "prompt_tps": 689.2562,
  "mlx_version": "0.31.2",
  "mlx_lm_version": "0.29.1",
  "platform": "macOS-26.4.1-arm64-arm-64bit-Mach-O",
  "status": "ok",
  "error": null,
  "article_id": 5,
  "run_label": null,
  "benchmark_mode": "standard",
  "draft_model_repo": null,
  "draft_preset": "qwen-1.5b",
  "num_draft_tokens": null,
  "draft_accept_rate": null,
  "prefix_cache_cold_ttft_ms": null,
  "prefix_cache_warm_ttft_ms": null,
  "prefix_system_tokens": null,
  "workload": null,
  "schema_version": 1,
  "trials": {
    "ttft_ms": [
      913.0392500665039,
      742.829707916826,
      710.109791951254
    ],
    "throughput_tps": [
      28.21599727836732,
      28.403001574172453,
      28.242034567022408
    ],
    "memory_gb": [
      19.118616672,
      19.118616672,
      19.118616672
    ],
    "prompt_tps": [
      560.7645015947638,
      689.2562246007105,
      721.0152652494991
    ]
  },
  "stats": {
    "ttft_ms": {
      "n": 3,
      "mean": 788.6596,
      "median": 742.8297,
      "p50": 742.8297,
      "p95": 896.0183,
      "std": 88.9583,
      "min": 710.1098,
      "max": 913.0393
    },
    "throughput_tps": {
      "n": 3,
      "mean": 28.287,
      "median": 28.242,
      "p50": 28.242,
      "p95": 28.3869,
      "std": 0.0827,
      "min": 28.216,
      "max": 28.403
    },
    "memory_gb": {
      "n": 3,
      "mean": 19.1186,
      "median": 19.1186,
      "p50": 19.1186,
      "p95": 19.1186,
      "std": 0.0,
      "min": 19.1186,
      "max": 19.1186
    },
    "prompt_tps": {
      "n": 3,
      "mean": 657.012,
      "median": 689.2562,
      "p50": 689.2562,
      "p95": 717.8394,
      "std": 69.2813,
      "min": 560.7645,
      "max": 721.0153
    }
  },
  "warmup_policy": {
    "warmup_trials": 1,
    "warmup_discarded": true,
    "measured_trials_field": "num_trials",
    "description": "One full generate before timed trials; trials use seed+trial."
  }
}
