{
  "timestamp": "2026-05-23T15:34:18.299584+00:00",
  "hardware": "Mac M5 Max",
  "model_preset": "qwen-35b",
  "configuration": "w4",
  "weight_bits": 4,
  "optimizations": {
    "weight_bits": 4,
    "kv_cache": false,
    "prefill": false
  },
  "model_repo": "mlx-community/Qwen2.5-32B-Instruct-4bit",
  "kv_bits": null,
  "prefill_step_size": 512,
  "prompt_tokens": 512,
  "generation_tokens": 128,
  "num_trials": 3,
  "memory_gb": 19.1186,
  "ttft_ms": 1065.9624,
  "throughput_tps": 28.3859,
  "prompt_tps": 480.3171,
  "mlx_version": "0.31.2",
  "mlx_lm_version": "0.29.1",
  "platform": "macOS-26.4.1-arm64-arm-64bit-Mach-O",
  "status": "ok",
  "error": null,
  "article_id": 5,
  "run_label": null,
  "benchmark_mode": "standard",
  "draft_model_repo": null,
  "draft_preset": "qwen-1.5b",
  "num_draft_tokens": null,
  "draft_accept_rate": null,
  "prefix_cache_cold_ttft_ms": null,
  "prefix_cache_warm_ttft_ms": null,
  "prefix_system_tokens": null,
  "workload": null,
  "schema_version": 1,
  "trials": {
    "ttft_ms": [
      1065.962417051196,
      1027.1386250387877,
      1135.9794999007136
    ],
    "throughput_tps": [
      28.385938924365277,
      28.403378158006724,
      28.175674853430337
    ],
    "memory_gb": [
      19.118616672,
      19.118616672,
      19.118616672
    ],
    "prompt_tps": [
      480.3171217014958,
      498.47215119640293,
      450.7123588451637
    ]
  },
  "stats": {
    "ttft_ms": {
      "n": 3,
      "mean": 1076.3602,
      "median": 1065.9624,
      "p50": 1065.9624,
      "p95": 1128.9778,
      "std": 45.0383,
      "min": 1027.1386,
      "max": 1135.9795
    },
    "throughput_tps": {
      "n": 3,
      "mean": 28.3217,
      "median": 28.3859,
      "p50": 28.3859,
      "p95": 28.4016,
      "std": 0.1035,
      "min": 28.1757,
      "max": 28.4034
    },
    "memory_gb": {
      "n": 3,
      "mean": 19.1186,
      "median": 19.1186,
      "p50": 19.1186,
      "p95": 19.1186,
      "std": 0.0,
      "min": 19.1186,
      "max": 19.1186
    },
    "prompt_tps": {
      "n": 3,
      "mean": 476.5005,
      "median": 480.3171,
      "p50": 480.3171,
      "p95": 496.6566,
      "std": 19.6837,
      "min": 450.7124,
      "max": 498.4722
    }
  },
  "warmup_policy": {
    "warmup_trials": 1,
    "warmup_discarded": true,
    "measured_trials_field": "num_trials",
    "description": "One full generate before timed trials; trials use seed+trial."
  }
}
