{
  "timestamp": "2026-05-25T06:03:35.426020+00:00",
  "hardware": "Mac M5 Max",
  "model_preset": "qwen-35b",
  "configuration": "w8+kv_cache+prefill",
  "weight_bits": 8,
  "optimizations": {
    "weight_bits": 8,
    "kv_cache": true,
    "prefill": true
  },
  "model_repo": "mlx-community/Qwen2.5-32B-Instruct-8bit",
  "kv_bits": 4,
  "prefill_step_size": 2048,
  "prompt_tokens": 512,
  "generation_tokens": 128,
  "num_trials": 3,
  "memory_gb": 35.3638,
  "ttft_ms": 986.3569,
  "throughput_tps": 15.1696,
  "prompt_tps": 519.0819,
  "mlx_version": "0.31.2",
  "mlx_lm_version": "0.29.1",
  "platform": "macOS-26.4.1-arm64-arm-64bit-Mach-O",
  "status": "ok",
  "error": null,
  "article_id": 5,
  "run_label": null,
  "benchmark_mode": "standard",
  "draft_model_repo": null,
  "draft_preset": "qwen-1.5b",
  "num_draft_tokens": null,
  "draft_accept_rate": null,
  "prefix_cache_cold_ttft_ms": null,
  "prefix_cache_warm_ttft_ms": null,
  "prefix_system_tokens": null,
  "workload": null,
  "schema_version": 1,
  "trials": {
    "ttft_ms": [
      1003.2207919284701,
      833.4822501055896,
      986.3569159060718
    ],
    "throughput_tps": [
      15.161137125744546,
      15.169573911352193,
      15.192031055950393
    ],
    "memory_gb": [
      35.363778632,
      35.363778632,
      35.363778632
    ],
    "prompt_tps": [
      510.35624871349927,
      614.2902262587323,
      519.0818777092211
    ]
  },
  "stats": {
    "ttft_ms": {
      "n": 3,
      "mean": 941.02,
      "median": 986.3569,
      "p50": 986.3569,
      "p95": 1001.5344,
      "std": 76.3517,
      "min": 833.4823,
      "max": 1003.2208
    },
    "throughput_tps": {
      "n": 3,
      "mean": 15.1742,
      "median": 15.1696,
      "p50": 15.1696,
      "p95": 15.1898,
      "std": 0.013,
      "min": 15.1611,
      "max": 15.192
    },
    "memory_gb": {
      "n": 3,
      "mean": 35.3638,
      "median": 35.3638,
      "p50": 35.3638,
      "p95": 35.3638,
      "std": 0.0,
      "min": 35.3638,
      "max": 35.3638
    },
    "prompt_tps": {
      "n": 3,
      "mean": 547.9095,
      "median": 519.0819,
      "p50": 519.0819,
      "p95": 604.7694,
      "std": 47.0733,
      "min": 510.3562,
      "max": 614.2902
    }
  },
  "warmup_policy": {
    "warmup_trials": 1,
    "warmup_discarded": true,
    "measured_trials_field": "num_trials",
    "description": "One full generate before timed trials; trials use seed+trial."
  }
}
