{
  "timestamp": "2026-05-23T15:33:47.297635+00:00",
  "hardware": "Mac M5 Max",
  "model_preset": "qwen-35b",
  "configuration": "w8+kv_cache+prefill",
  "weight_bits": 8,
  "optimizations": {
    "weight_bits": 8,
    "kv_cache": true,
    "prefill": true
  },
  "model_repo": "mlx-community/Qwen2.5-32B-Instruct-8bit",
  "kv_bits": 4,
  "prefill_step_size": 2048,
  "prompt_tokens": 512,
  "generation_tokens": 128,
  "num_trials": 3,
  "memory_gb": 35.3638,
  "ttft_ms": 875.4347,
  "throughput_tps": 15.1788,
  "prompt_tps": 584.8523,
  "mlx_version": "0.31.2",
  "mlx_lm_version": "0.29.1",
  "platform": "macOS-26.4.1-arm64-arm-64bit-Mach-O",
  "status": "ok",
  "error": null,
  "article_id": 5,
  "run_label": null,
  "benchmark_mode": "standard",
  "draft_model_repo": null,
  "draft_preset": "qwen-1.5b",
  "num_draft_tokens": null,
  "draft_accept_rate": null,
  "prefix_cache_cold_ttft_ms": null,
  "prefix_cache_warm_ttft_ms": null,
  "prefix_system_tokens": null,
  "workload": null,
  "schema_version": 1,
  "trials": {
    "ttft_ms": [
      921.1377499159425,
      875.4347499925642,
      864.963375031948
    ],
    "throughput_tps": [
      15.056068415970199,
      15.18058274184968,
      15.178750539250782
    ],
    "memory_gb": [
      35.363778632,
      35.363778632,
      35.363778632
    ],
    "prompt_tps": [
      555.8343473022596,
      584.8522691203985,
      591.9325774702182
    ]
  },
  "stats": {
    "ttft_ms": {
      "n": 3,
      "mean": 887.1786,
      "median": 875.4347,
      "p50": 875.4347,
      "p95": 916.5674,
      "std": 24.3903,
      "min": 864.9634,
      "max": 921.1377
    },
    "throughput_tps": {
      "n": 3,
      "mean": 15.1385,
      "median": 15.1788,
      "p50": 15.1788,
      "p95": 15.1804,
      "std": 0.0583,
      "min": 15.0561,
      "max": 15.1806
    },
    "memory_gb": {
      "n": 3,
      "mean": 35.3638,
      "median": 35.3638,
      "p50": 35.3638,
      "p95": 35.3638,
      "std": 0.0,
      "min": 35.3638,
      "max": 35.3638
    },
    "prompt_tps": {
      "n": 3,
      "mean": 577.5397,
      "median": 584.8523,
      "p50": 584.8523,
      "p95": 591.2245,
      "std": 15.6178,
      "min": 555.8343,
      "max": 591.9326
    }
  },
  "warmup_policy": {
    "warmup_trials": 1,
    "warmup_discarded": true,
    "measured_trials_field": "num_trials",
    "description": "One full generate before timed trials; trials use seed+trial."
  }
}
