{
  "timestamp": "2026-05-23T15:31:42.670427+00:00",
  "hardware": "Mac M5 Max",
  "model_preset": "qwen-35b",
  "configuration": "w8+kv_cache",
  "weight_bits": 8,
  "optimizations": {
    "weight_bits": 8,
    "kv_cache": true,
    "prefill": false
  },
  "model_repo": "mlx-community/Qwen2.5-32B-Instruct-8bit",
  "kv_bits": 4,
  "prefill_step_size": 512,
  "prompt_tokens": 512,
  "generation_tokens": 128,
  "num_trials": 3,
  "memory_gb": 35.3638,
  "ttft_ms": 859.5744,
  "throughput_tps": 15.1659,
  "prompt_tps": 595.6436,
  "mlx_version": "0.31.2",
  "mlx_lm_version": "0.29.1",
  "platform": "macOS-26.4.1-arm64-arm-64bit-Mach-O",
  "status": "ok",
  "error": null,
  "article_id": 5,
  "run_label": null,
  "benchmark_mode": "standard",
  "draft_model_repo": null,
  "draft_preset": "qwen-1.5b",
  "num_draft_tokens": null,
  "draft_accept_rate": null,
  "prefix_cache_cold_ttft_ms": null,
  "prefix_cache_warm_ttft_ms": null,
  "prefix_system_tokens": null,
  "workload": null,
  "schema_version": 1,
  "trials": {
    "ttft_ms": [
      903.3258750569075,
      854.236708022654,
      859.5743749756366
    ],
    "throughput_tps": [
      15.16588456288682,
      15.188243144256397,
      15.108240139078006
    ],
    "memory_gb": [
      35.363778632,
      35.363778632,
      35.363778632
    ],
    "prompt_tps": [
      566.7943475744511,
      599.3654863944596,
      595.6436288768053
    ]
  },
  "stats": {
    "ttft_ms": {
      "n": 3,
      "mean": 872.379,
      "median": 859.5744,
      "p50": 859.5744,
      "p95": 898.9507,
      "std": 21.991,
      "min": 854.2367,
      "max": 903.3259
    },
    "throughput_tps": {
      "n": 3,
      "mean": 15.1541,
      "median": 15.1659,
      "p50": 15.1659,
      "p95": 15.186,
      "std": 0.0337,
      "min": 15.1082,
      "max": 15.1882
    },
    "memory_gb": {
      "n": 3,
      "mean": 35.3638,
      "median": 35.3638,
      "p50": 35.3638,
      "p95": 35.3638,
      "std": 0.0,
      "min": 35.3638,
      "max": 35.3638
    },
    "prompt_tps": {
      "n": 3,
      "mean": 587.2678,
      "median": 595.6436,
      "p50": 595.6436,
      "p95": 598.9933,
      "std": 14.5565,
      "min": 566.7943,
      "max": 599.3655
    }
  },
  "warmup_policy": {
    "warmup_trials": 1,
    "warmup_discarded": true,
    "measured_trials_field": "num_trials",
    "description": "One full generate before timed trials; trials use seed+trial."
  }
}
