{
  "timestamp": "2026-05-25T06:01:38.493043+00:00",
  "hardware": "Mac M5 Max",
  "model_preset": "qwen-35b",
  "configuration": "w8+kv_cache",
  "weight_bits": 8,
  "optimizations": {
    "weight_bits": 8,
    "kv_cache": true,
    "prefill": false
  },
  "model_repo": "mlx-community/Qwen2.5-32B-Instruct-8bit",
  "kv_bits": 4,
  "prefill_step_size": 512,
  "prompt_tokens": 512,
  "generation_tokens": 128,
  "num_trials": 3,
  "memory_gb": 35.3638,
  "ttft_ms": 977.1641,
  "throughput_tps": 15.1975,
  "prompt_tps": 523.9652,
  "mlx_version": "0.31.2",
  "mlx_lm_version": "0.29.1",
  "platform": "macOS-26.4.1-arm64-arm-64bit-Mach-O",
  "status": "ok",
  "error": null,
  "article_id": 5,
  "run_label": null,
  "benchmark_mode": "standard",
  "draft_model_repo": null,
  "draft_preset": "qwen-1.5b",
  "num_draft_tokens": null,
  "draft_accept_rate": null,
  "prefix_cache_cold_ttft_ms": null,
  "prefix_cache_warm_ttft_ms": null,
  "prefix_system_tokens": null,
  "workload": null,
  "schema_version": 1,
  "trials": {
    "ttft_ms": [
      977.4112501181661,
      834.6110829152168,
      977.1640840917826
    ],
    "throughput_tps": [
      15.185171902473972,
      15.197508693259346,
      15.20198923227045
    ],
    "memory_gb": [
      35.363778632,
      35.363778632,
      35.363778632
    ],
    "prompt_tps": [
      523.8327264374138,
      613.4593830357883,
      523.9652258360215
    ]
  },
  "stats": {
    "ttft_ms": {
      "n": 3,
      "mean": 929.7288,
      "median": 977.1641,
      "p50": 977.1641,
      "p95": 977.3865,
      "std": 67.2585,
      "min": 834.6111,
      "max": 977.4113
    },
    "throughput_tps": {
      "n": 3,
      "mean": 15.1949,
      "median": 15.1975,
      "p50": 15.1975,
      "p95": 15.2015,
      "std": 0.0071,
      "min": 15.1852,
      "max": 15.202
    },
    "memory_gb": {
      "n": 3,
      "mean": 35.3638,
      "median": 35.3638,
      "p50": 35.3638,
      "p95": 35.3638,
      "std": 0.0,
      "min": 35.3638,
      "max": 35.3638
    },
    "prompt_tps": {
      "n": 3,
      "mean": 553.7524,
      "median": 523.9652,
      "p50": 523.9652,
      "p95": 604.51,
      "std": 42.2192,
      "min": 523.8327,
      "max": 613.4594
    }
  },
  "warmup_policy": {
    "warmup_trials": 1,
    "warmup_discarded": true,
    "measured_trials_field": "num_trials",
    "description": "One full generate before timed trials; trials use seed+trial."
  }
}
