{
  "timestamp": "2026-05-25T06:02:36.275399+00:00",
  "hardware": "Mac M5 Max",
  "model_preset": "qwen-35b",
  "configuration": "w8+prefill",
  "weight_bits": 8,
  "optimizations": {
    "weight_bits": 8,
    "kv_cache": false,
    "prefill": true
  },
  "model_repo": "mlx-community/Qwen2.5-32B-Instruct-8bit",
  "kv_bits": null,
  "prefill_step_size": 2048,
  "prompt_tokens": 512,
  "generation_tokens": 128,
  "num_trials": 3,
  "memory_gb": 35.3638,
  "ttft_ms": 992.9302,
  "throughput_tps": 15.6025,
  "prompt_tps": 515.6455,
  "mlx_version": "0.31.2",
  "mlx_lm_version": "0.29.1",
  "platform": "macOS-26.4.1-arm64-arm-64bit-Mach-O",
  "status": "ok",
  "error": null,
  "article_id": 5,
  "run_label": null,
  "benchmark_mode": "standard",
  "draft_model_repo": null,
  "draft_preset": "qwen-1.5b",
  "num_draft_tokens": null,
  "draft_accept_rate": null,
  "prefix_cache_cold_ttft_ms": null,
  "prefix_cache_warm_ttft_ms": null,
  "prefix_system_tokens": null,
  "workload": null,
  "schema_version": 1,
  "trials": {
    "ttft_ms": [
      1005.3742500022054,
      830.080125015229,
      992.9301661904901
    ],
    "throughput_tps": [
      15.602477319318895,
      15.585945160073704,
      15.6101166054866
    ],
    "memory_gb": [
      35.363778632,
      35.363778632,
      35.363778632
    ],
    "prompt_tps": [
      509.26309282227675,
      616.8079256091171,
      515.6455281889125
    ]
  },
  "stats": {
    "ttft_ms": {
      "n": 3,
      "mean": 942.7948,
      "median": 992.9302,
      "p50": 992.9302,
      "p95": 1004.1298,
      "std": 79.8631,
      "min": 830.0801,
      "max": 1005.3743
    },
    "throughput_tps": {
      "n": 3,
      "mean": 15.5995,
      "median": 15.6025,
      "p50": 15.6025,
      "p95": 15.6094,
      "std": 0.0101,
      "min": 15.5859,
      "max": 15.6101
    },
    "memory_gb": {
      "n": 3,
      "mean": 35.3638,
      "median": 35.3638,
      "p50": 35.3638,
      "p95": 35.3638,
      "std": 0.0,
      "min": 35.3638,
      "max": 35.3638
    },
    "prompt_tps": {
      "n": 3,
      "mean": 547.2388,
      "median": 515.6455,
      "p50": 515.6455,
      "p95": 606.6917,
      "std": 49.2617,
      "min": 509.2631,
      "max": 616.8079
    }
  },
  "warmup_policy": {
    "warmup_trials": 1,
    "warmup_discarded": true,
    "measured_trials_field": "num_trials",
    "description": "One full generate before timed trials; trials use seed+trial."
  }
}
