{
  "timestamp": "2026-05-25T06:00:31.520609+00:00",
  "hardware": "Mac M5 Max",
  "model_preset": "qwen-35b",
  "configuration": "w8",
  "weight_bits": 8,
  "optimizations": {
    "weight_bits": 8,
    "kv_cache": false,
    "prefill": false
  },
  "model_repo": "mlx-community/Qwen2.5-32B-Instruct-8bit",
  "kv_bits": null,
  "prefill_step_size": 512,
  "prompt_tokens": 512,
  "generation_tokens": 128,
  "num_trials": 3,
  "memory_gb": 35.3638,
  "ttft_ms": 831.8675,
  "throughput_tps": 15.5822,
  "prompt_tps": 615.4826,
  "mlx_version": "0.31.2",
  "mlx_lm_version": "0.29.1",
  "platform": "macOS-26.4.1-arm64-arm-64bit-Mach-O",
  "status": "ok",
  "error": null,
  "article_id": 5,
  "run_label": null,
  "benchmark_mode": "standard",
  "draft_model_repo": null,
  "draft_preset": "qwen-1.5b",
  "num_draft_tokens": null,
  "draft_accept_rate": null,
  "prefix_cache_cold_ttft_ms": null,
  "prefix_cache_warm_ttft_ms": null,
  "prefix_system_tokens": null,
  "workload": null,
  "schema_version": 1,
  "trials": {
    "ttft_ms": [
      846.5574160218239,
      831.8675409536808,
      828.3387920819222
    ],
    "throughput_tps": [
      15.572962125646454,
      15.58222694302846,
      15.603166456226264
    ],
    "memory_gb": [
      35.363778632,
      35.363778632,
      35.363778632
    ],
    "prompt_tps": [
      604.8024508556202,
      615.4826036522907,
      618.1045785784755
    ]
  },
  "stats": {
    "ttft_ms": {
      "n": 3,
      "mean": 835.5879,
      "median": 831.8675,
      "p50": 831.8675,
      "p95": 845.0884,
      "std": 7.8893,
      "min": 828.3388,
      "max": 846.5574
    },
    "throughput_tps": {
      "n": 3,
      "mean": 15.5861,
      "median": 15.5822,
      "p50": 15.5822,
      "p95": 15.6011,
      "std": 0.0126,
      "min": 15.573,
      "max": 15.6032
    },
    "memory_gb": {
      "n": 3,
      "mean": 35.3638,
      "median": 35.3638,
      "p50": 35.3638,
      "p95": 35.3638,
      "std": 0.0,
      "min": 35.3638,
      "max": 35.3638
    },
    "prompt_tps": {
      "n": 3,
      "mean": 612.7965,
      "median": 615.4826,
      "p50": 615.4826,
      "p95": 617.8424,
      "std": 5.7531,
      "min": 604.8025,
      "max": 618.1046
    }
  },
  "warmup_policy": {
    "warmup_trials": 1,
    "warmup_discarded": true,
    "measured_trials_field": "num_trials",
    "description": "One full generate before timed trials; trials use seed+trial."
  }
}
