{
  "timestamp": "2026-05-20T17:44:44.839654+00:00",
  "hardware": "Mac M3",
  "model_preset": "llama3-8b",
  "configuration": "w4+prefill",
  "weight_bits": 4,
  "optimizations": {
    "weight_bits": 4,
    "kv_cache": false,
    "prefill": true
  },
  "model_repo": "mlx-community/Meta-Llama-3.1-8B-Instruct-4bit",
  "kv_bits": null,
  "prefill_step_size": 2048,
  "prompt_tokens": 512,
  "generation_tokens": 128,
  "num_trials": 3,
  "memory_gb": 5.0572,
  "ttft_ms": 3184.957,
  "throughput_tps": 18.7385,
  "prompt_tps": 160.7557,
  "mlx_version": "0.31.2",
  "mlx_lm_version": "0.31.3",
  "platform": "macOS-26.3.1-arm64-arm-64bit-Mach-O",
  "status": "ok",
  "error": null,
  "article_id": 3,
  "run_label": "w4_prefill",
  "benchmark_mode": "standard",
  "draft_model_repo": null,
  "draft_preset": "qwen-0.5b",
  "num_draft_tokens": null,
  "draft_accept_rate": null,
  "prefix_cache_cold_ttft_ms": null,
  "prefix_cache_warm_ttft_ms": null,
  "prefix_system_tokens": null,
  "workload": null,
  "schema_version": 1,
  "trials": {
    "ttft_ms": [
      3184.956999961287,
      3182.0034170523286,
      3390.4217910021544
    ],
    "throughput_tps": [
      19.94235620469684,
      18.73853191352401,
      17.53518018422459
    ],
    "memory_gb": [
      5.057169516,
      5.057169516,
      5.057169516
    ],
    "prompt_tps": [
      160.75570251222337,
      160.90491834678633,
      151.0136589373032
    ]
  },
  "stats": {
    "ttft_ms": {
      "n": 3,
      "mean": 3252.4607,
      "median": 3184.957,
      "p50": 3184.957,
      "p95": 3369.8753,
      "std": 97.5606,
      "min": 3182.0034,
      "max": 3390.4218
    },
    "throughput_tps": {
      "n": 3,
      "mean": 18.7387,
      "median": 18.7385,
      "p50": 18.7385,
      "p95": 19.822,
      "std": 0.9827,
      "min": 17.5352,
      "max": 19.9424
    },
    "memory_gb": {
      "n": 3,
      "mean": 5.0572,
      "median": 5.0572,
      "p50": 5.0572,
      "p95": 5.0572,
      "std": 0.0,
      "min": 5.0572,
      "max": 5.0572
    },
    "prompt_tps": {
      "n": 3,
      "mean": 157.5581,
      "median": 160.7557,
      "p50": 160.7557,
      "p95": 160.89,
      "std": 4.628,
      "min": 151.0137,
      "max": 160.9049
    }
  },
  "warmup_policy": {
    "warmup_trials": 1,
    "warmup_discarded": true,
    "measured_trials_field": "num_trials",
    "description": "One full generate before timed trials; trials use seed+trial."
  }
}
