{
  "timestamp": "2026-05-20T17:46:02.149994+00:00",
  "hardware": "Mac M3",
  "model_preset": "llama3-8b",
  "configuration": "w4+prefill",
  "weight_bits": 4,
  "optimizations": {
    "weight_bits": 4,
    "kv_cache": false,
    "prefill": true
  },
  "model_repo": "mlx-community/Meta-Llama-3.1-8B-Instruct-4bit",
  "kv_bits": null,
  "prefill_step_size": 2048,
  "prompt_tokens": 256,
  "generation_tokens": 64,
  "num_trials": 3,
  "memory_gb": 4.9171,
  "ttft_ms": 2357.4123,
  "throughput_tps": 13.6905,
  "prompt_tps": 108.5936,
  "mlx_version": "0.31.2",
  "mlx_lm_version": "0.31.3",
  "platform": "macOS-26.3.1-arm64-arm-64bit-Mach-O",
  "status": "ok",
  "error": null,
  "article_id": 3,
  "run_label": "w4_prefill_p256",
  "benchmark_mode": "standard",
  "draft_model_repo": null,
  "draft_preset": "qwen-0.5b",
  "num_draft_tokens": null,
  "draft_accept_rate": null,
  "prefix_cache_cold_ttft_ms": null,
  "prefix_cache_warm_ttft_ms": null,
  "prefix_system_tokens": null,
  "workload": null,
  "schema_version": 1,
  "trials": {
    "ttft_ms": [
      1325.8610828779638,
      2357.412332901731,
      2691.0225828178227
    ],
    "throughput_tps": [
      13.69045332577009,
      13.666311833633527,
      13.69555667175458
    ],
    "memory_gb": [
      4.91708534,
      4.91708534,
      4.91708534
    ],
    "prompt_tps": [
      193.08206817890513,
      108.59364584934127,
      95.13112288040978
    ]
  },
  "stats": {
    "ttft_ms": {
      "n": 3,
      "mean": 2124.7653,
      "median": 2357.4123,
      "p50": 2357.4123,
      "p95": 2657.6616,
      "std": 581.0966,
      "min": 1325.8611,
      "max": 2691.0226
    },
    "throughput_tps": {
      "n": 3,
      "mean": 13.6841,
      "median": 13.6905,
      "p50": 13.6905,
      "p95": 13.695,
      "std": 0.0128,
      "min": 13.6663,
      "max": 13.6956
    },
    "memory_gb": {
      "n": 3,
      "mean": 4.9171,
      "median": 4.9171,
      "p50": 4.9171,
      "p95": 4.9171,
      "std": 0.0,
      "min": 4.9171,
      "max": 4.9171
    },
    "prompt_tps": {
      "n": 3,
      "mean": 132.2689,
      "median": 108.5936,
      "p50": 108.5936,
      "p95": 184.6332,
      "std": 43.3512,
      "min": 95.1311,
      "max": 193.0821
    }
  },
  "warmup_policy": {
    "warmup_trials": 1,
    "warmup_discarded": true,
    "measured_trials_field": "num_trials",
    "description": "One full generate before timed trials; trials use seed+trial."
  }
}
