{
  "timestamp": "2026-05-20T17:47:06.196299+00:00",
  "hardware": "Mac M3",
  "model_preset": "llama-3.2-1b",
  "configuration": "fp16",
  "weight_bits": 16,
  "optimizations": {
    "weight_bits": 16,
    "kv_cache": false,
    "prefill": false
  },
  "model_repo": "mlx-community/Llama-3.2-1B-Instruct-bf16",
  "kv_bits": null,
  "prefill_step_size": 512,
  "prompt_tokens": 512,
  "generation_tokens": 128,
  "num_trials": 3,
  "memory_gb": 2.7105,
  "ttft_ms": 361.3385,
  "throughput_tps": 35.9751,
  "prompt_tps": 1416.9541,
  "mlx_version": "0.31.2",
  "mlx_lm_version": "0.31.3",
  "platform": "macOS-26.3.1-arm64-arm-64bit-Mach-O",
  "status": "ok",
  "error": null,
  "article_id": 4,
  "run_label": null,
  "benchmark_mode": "standard",
  "draft_model_repo": null,
  "draft_preset": "qwen-0.5b",
  "num_draft_tokens": null,
  "draft_accept_rate": null,
  "prefix_cache_cold_ttft_ms": null,
  "prefix_cache_warm_ttft_ms": null,
  "prefix_system_tokens": null,
  "workload": null,
  "schema_version": 1,
  "trials": {
    "ttft_ms": [
      361.33845802396536,
      359.8920002114028,
      361.5509578958154
    ],
    "throughput_tps": [
      36.13411926296689,
      35.69202467616079,
      35.97509216316732
    ],
    "memory_gb": [
      2.710511712,
      2.710511712,
      2.710511712
    ],
    "prompt_tps": [
      1416.954073474355,
      1422.6490160916276,
      1416.1212653944567
    ]
  },
  "stats": {
    "ttft_ms": {
      "n": 3,
      "mean": 360.9271,
      "median": 361.3385,
      "p50": 361.3385,
      "p95": 361.5297,
      "std": 0.7371,
      "min": 359.892,
      "max": 361.551
    },
    "throughput_tps": {
      "n": 3,
      "mean": 35.9337,
      "median": 35.9751,
      "p50": 35.9751,
      "p95": 36.1182,
      "std": 0.1828,
      "min": 35.692,
      "max": 36.1341
    },
    "memory_gb": {
      "n": 3,
      "mean": 2.7105,
      "median": 2.7105,
      "p50": 2.7105,
      "p95": 2.7105,
      "std": 0.0,
      "min": 2.7105,
      "max": 2.7105
    },
    "prompt_tps": {
      "n": 3,
      "mean": 1418.5748,
      "median": 1416.9541,
      "p50": 1416.9541,
      "p95": 1422.0795,
      "std": 2.9009,
      "min": 1416.1213,
      "max": 1422.649
    }
  },
  "warmup_policy": {
    "warmup_trials": 1,
    "warmup_discarded": true,
    "measured_trials_field": "num_trials",
    "description": "One full generate before timed trials; trials use seed+trial."
  }
}
