{
  "timestamp": "2026-05-20T17:47:37.580176+00:00",
  "hardware": "Mac M3",
  "model_preset": "llama-3.2-1b",
  "configuration": "w4",
  "weight_bits": 4,
  "optimizations": {
    "weight_bits": 4,
    "kv_cache": false,
    "prefill": false
  },
  "model_repo": "mlx-community/Llama-3.2-1B-Instruct-4bit",
  "kv_bits": null,
  "prefill_step_size": 512,
  "prompt_tokens": 512,
  "generation_tokens": 128,
  "num_trials": 3,
  "memory_gb": 1.2442,
  "ttft_ms": 346.541,
  "throughput_tps": 111.9813,
  "prompt_tps": 1477.4585,
  "mlx_version": "0.31.2",
  "mlx_lm_version": "0.31.3",
  "platform": "macOS-26.3.1-arm64-arm-64bit-Mach-O",
  "status": "ok",
  "error": null,
  "article_id": 4,
  "run_label": null,
  "benchmark_mode": "standard",
  "draft_model_repo": null,
  "draft_preset": "qwen-0.5b",
  "num_draft_tokens": null,
  "draft_accept_rate": null,
  "prefix_cache_cold_ttft_ms": null,
  "prefix_cache_warm_ttft_ms": null,
  "prefix_system_tokens": null,
  "workload": null,
  "schema_version": 1,
  "trials": {
    "ttft_ms": [
      346.9008340034634,
      346.1526669561863,
      346.5410410426557
    ],
    "throughput_tps": [
      111.98127051406944,
      112.09095427782643,
      111.52060080207802
    ],
    "memory_gb": [
      1.244209356,
      1.244209356,
      1.244209356
    ],
    "prompt_tps": [
      1475.9261143629544,
      1479.1161498253184,
      1477.4584807026592
    ]
  },
  "stats": {
    "ttft_ms": {
      "n": 3,
      "mean": 346.5315,
      "median": 346.541,
      "p50": 346.541,
      "p95": 346.8649,
      "std": 0.3055,
      "min": 346.1527,
      "max": 346.9008
    },
    "throughput_tps": {
      "n": 3,
      "mean": 111.8643,
      "median": 111.9813,
      "p50": 111.9813,
      "p95": 112.08,
      "std": 0.2471,
      "min": 111.5206,
      "max": 112.091
    },
    "memory_gb": {
      "n": 3,
      "mean": 1.2442,
      "median": 1.2442,
      "p50": 1.2442,
      "p95": 1.2442,
      "std": 0.0,
      "min": 1.2442,
      "max": 1.2442
    },
    "prompt_tps": {
      "n": 3,
      "mean": 1477.5002,
      "median": 1477.4585,
      "p50": 1477.4585,
      "p95": 1478.9504,
      "std": 1.3027,
      "min": 1475.9261,
      "max": 1479.1161
    }
  },
  "warmup_policy": {
    "warmup_trials": 1,
    "warmup_discarded": true,
    "measured_trials_field": "num_trials",
    "description": "One full generate before timed trials; trials use seed+trial."
  }
}
