{
  "timestamp": "2026-05-20T17:47:23.737301+00:00",
  "hardware": "Mac M3",
  "model_preset": "llama-3.2-1b",
  "configuration": "w8",
  "weight_bits": 8,
  "optimizations": {
    "weight_bits": 8,
    "kv_cache": false,
    "prefill": false
  },
  "model_repo": "mlx-community/Llama-3.2-1B-Instruct-8bit",
  "kv_bits": null,
  "prefill_step_size": 512,
  "prompt_tokens": 512,
  "generation_tokens": 128,
  "num_trials": 3,
  "memory_gb": 1.748,
  "ttft_ms": 355.0331,
  "throughput_tps": 63.4093,
  "prompt_tps": 1442.119,
  "mlx_version": "0.31.2",
  "mlx_lm_version": "0.31.3",
  "platform": "macOS-26.3.1-arm64-arm-64bit-Mach-O",
  "status": "ok",
  "error": null,
  "article_id": 4,
  "run_label": null,
  "benchmark_mode": "standard",
  "draft_model_repo": null,
  "draft_preset": "qwen-0.5b",
  "num_draft_tokens": null,
  "draft_accept_rate": null,
  "prefix_cache_cold_ttft_ms": null,
  "prefix_cache_warm_ttft_ms": null,
  "prefix_system_tokens": null,
  "workload": null,
  "schema_version": 1,
  "trials": {
    "ttft_ms": [
      353.9106249809265,
      355.0331250298768,
      376.6187080182135
    ],
    "throughput_tps": [
      63.49151102811844,
      63.17913585557424,
      63.40932887862674
    ],
    "memory_gb": [
      1.74795182,
      1.74795182,
      1.74795182
    ],
    "prompt_tps": [
      1446.6929327922649,
      1442.118957088621,
      1359.4651277260484
    ]
  },
  "stats": {
    "ttft_ms": {
      "n": 3,
      "mean": 361.8542,
      "median": 355.0331,
      "p50": 355.0331,
      "p95": 374.4601,
      "std": 10.4502,
      "min": 353.9106,
      "max": 376.6187
    },
    "throughput_tps": {
      "n": 3,
      "mean": 63.36,
      "median": 63.4093,
      "p50": 63.4093,
      "p95": 63.4833,
      "std": 0.1322,
      "min": 63.1791,
      "max": 63.4915
    },
    "memory_gb": {
      "n": 3,
      "mean": 1.748,
      "median": 1.748,
      "p50": 1.748,
      "p95": 1.748,
      "std": 0.0,
      "min": 1.748,
      "max": 1.748
    },
    "prompt_tps": {
      "n": 3,
      "mean": 1416.0923,
      "median": 1442.119,
      "p50": 1442.119,
      "p95": 1446.2355,
      "std": 40.085,
      "min": 1359.4651,
      "max": 1446.6929
    }
  },
  "warmup_policy": {
    "warmup_trials": 1,
    "warmup_discarded": true,
    "measured_trials_field": "num_trials",
    "description": "One full generate before timed trials; trials use seed+trial."
  }
}
