{
  "timestamp": "2026-05-25T05:39:45.693256+00:00",
  "hardware": "Mac M5 Max",
  "model_preset": "gemma-9b",
  "configuration": "fp16+prefill",
  "weight_bits": 16,
  "optimizations": {
    "weight_bits": 16,
    "kv_cache": false,
    "prefill": true
  },
  "model_repo": "mlx-community/gemma-2-9b-it-8bit",
  "kv_bits": null,
  "prefill_step_size": 2048,
  "prompt_tokens": 512,
  "generation_tokens": 128,
  "num_trials": 3,
  "memory_gb": 10.5073,
  "ttft_ms": 262.3848,
  "throughput_tps": 49.7096,
  "prompt_tps": 1951.3323,
  "mlx_version": "0.31.2",
  "mlx_lm_version": "0.29.1",
  "platform": "macOS-26.4.1-arm64-arm-64bit-Mach-O",
  "status": "ok",
  "error": null,
  "article_id": 5,
  "run_label": null,
  "benchmark_mode": "standard",
  "draft_model_repo": null,
  "draft_preset": "qwen-0.5b",
  "num_draft_tokens": null,
  "draft_accept_rate": null,
  "prefix_cache_cold_ttft_ms": null,
  "prefix_cache_warm_ttft_ms": null,
  "prefix_system_tokens": null,
  "workload": null,
  "schema_version": 1,
  "trials": {
    "ttft_ms": [
      260.92212507501245,
      262.3848340008408,
      262.41000019945204
    ],
    "throughput_tps": [
      49.713907143782706,
      49.55517534661098,
      49.70958244157874
    ],
    "memory_gb": [
      10.507297996,
      10.507297996,
      10.507297996
    ],
    "prompt_tps": [
      1962.2713093142454,
      1951.3322938411882,
      1951.1451530461495
    ]
  },
  "stats": {
    "ttft_ms": {
      "n": 3,
      "mean": 261.9057,
      "median": 262.3848,
      "p50": 262.3848,
      "p95": 262.4075,
      "std": 0.6955,
      "min": 260.9221,
      "max": 262.41
    },
    "throughput_tps": {
      "n": 3,
      "mean": 49.6596,
      "median": 49.7096,
      "p50": 49.7096,
      "p95": 49.7135,
      "std": 0.0738,
      "min": 49.5552,
      "max": 49.7139
    },
    "memory_gb": {
      "n": 3,
      "mean": 10.5073,
      "median": 10.5073,
      "p50": 10.5073,
      "p95": 10.5073,
      "std": 0.0,
      "min": 10.5073,
      "max": 10.5073
    },
    "prompt_tps": {
      "n": 3,
      "mean": 1954.9163,
      "median": 1951.3323,
      "p50": 1951.3323,
      "p95": 1961.1774,
      "std": 5.2014,
      "min": 1951.1452,
      "max": 1962.2713
    }
  },
  "warmup_policy": {
    "warmup_trials": 1,
    "warmup_discarded": true,
    "measured_trials_field": "num_trials",
    "description": "One full generate before timed trials; trials use seed+trial."
  }
}
