{
  "timestamp": "2026-05-23T15:09:46.546356+00:00",
  "hardware": "Mac M5 Max",
  "model_preset": "gemma-9b",
  "configuration": "fp16+prefill",
  "weight_bits": 16,
  "optimizations": {
    "weight_bits": 16,
    "kv_cache": false,
    "prefill": true
  },
  "model_repo": "mlx-community/gemma-2-9b-it-8bit",
  "kv_bits": null,
  "prefill_step_size": 2048,
  "prompt_tokens": 512,
  "generation_tokens": 128,
  "num_trials": 3,
  "memory_gb": 10.5073,
  "ttft_ms": 262.5052,
  "throughput_tps": 49.4655,
  "prompt_tps": 1950.4372,
  "mlx_version": "0.31.2",
  "mlx_lm_version": "0.29.1",
  "platform": "macOS-26.4.1-arm64-arm-64bit-Mach-O",
  "status": "ok",
  "error": null,
  "article_id": 5,
  "run_label": null,
  "benchmark_mode": "standard",
  "draft_model_repo": null,
  "draft_preset": "qwen-0.5b",
  "num_draft_tokens": null,
  "draft_accept_rate": null,
  "prefix_cache_cold_ttft_ms": null,
  "prefix_cache_warm_ttft_ms": null,
  "prefix_system_tokens": null,
  "workload": null,
  "schema_version": 1,
  "trials": {
    "ttft_ms": [
      262.505249818787,
      261.6058341227472,
      262.7067498397082
    ],
    "throughput_tps": [
      49.49236332663567,
      49.300392592957884,
      49.4654694128896
    ],
    "memory_gb": [
      10.507297996,
      10.507297996,
      10.507297996
    ],
    "prompt_tps": [
      1950.4371830789846,
      1957.1428967435268,
      1948.9411684792997
    ]
  },
  "stats": {
    "ttft_ms": {
      "n": 3,
      "mean": 262.2726,
      "median": 262.5052,
      "p50": 262.5052,
      "p95": 262.6866,
      "std": 0.4786,
      "min": 261.6058,
      "max": 262.7067
    },
    "throughput_tps": {
      "n": 3,
      "mean": 49.4194,
      "median": 49.4655,
      "p50": 49.4655,
      "p95": 49.4897,
      "std": 0.0849,
      "min": 49.3004,
      "max": 49.4924
    },
    "memory_gb": {
      "n": 3,
      "mean": 10.5073,
      "median": 10.5073,
      "p50": 10.5073,
      "p95": 10.5073,
      "std": 0.0,
      "min": 10.5073,
      "max": 10.5073
    },
    "prompt_tps": {
      "n": 3,
      "mean": 1952.1737,
      "median": 1950.4372,
      "p50": 1950.4372,
      "p95": 1956.4723,
      "std": 3.5664,
      "min": 1948.9412,
      "max": 1957.1429
    }
  },
  "warmup_policy": {
    "warmup_trials": 1,
    "warmup_discarded": true,
    "measured_trials_field": "num_trials",
    "description": "One full generate before timed trials; trials use seed+trial."
  }
}
