{
  "timestamp": "2026-05-25T05:39:19.228624+00:00",
  "hardware": "Mac M5 Max",
  "model_preset": "gemma-9b",
  "configuration": "fp16",
  "weight_bits": 16,
  "optimizations": {
    "weight_bits": 16,
    "kv_cache": false,
    "prefill": false
  },
  "model_repo": "mlx-community/gemma-2-9b-it-8bit",
  "kv_bits": null,
  "prefill_step_size": 512,
  "prompt_tokens": 512,
  "generation_tokens": 128,
  "num_trials": 3,
  "memory_gb": 10.5073,
  "ttft_ms": 261.6064,
  "throughput_tps": 49.75,
  "prompt_tps": 1957.1389,
  "mlx_version": "0.31.2",
  "mlx_lm_version": "0.29.1",
  "platform": "macOS-26.4.1-arm64-arm-64bit-Mach-O",
  "status": "ok",
  "error": null,
  "article_id": 5,
  "run_label": null,
  "benchmark_mode": "standard",
  "draft_model_repo": null,
  "draft_preset": "qwen-0.5b",
  "num_draft_tokens": null,
  "draft_accept_rate": null,
  "prefix_cache_cold_ttft_ms": null,
  "prefix_cache_warm_ttft_ms": null,
  "prefix_system_tokens": null,
  "workload": null,
  "schema_version": 1,
  "trials": {
    "ttft_ms": [
      262.2216669842601,
      260.73058298788965,
      261.6063749883324
    ],
    "throughput_tps": [
      49.7499731915184,
      49.80105032657046,
      49.41961076197739
    ],
    "memory_gb": [
      10.507297996,
      10.507297996,
      10.507297996
    ],
    "prompt_tps": [
      1952.5465072675818,
      1963.7128645694058,
      1957.138850392446
    ]
  },
  "stats": {
    "ttft_ms": {
      "n": 3,
      "mean": 261.5195,
      "median": 261.6064,
      "p50": 261.6064,
      "p95": 262.1601,
      "std": 0.6118,
      "min": 260.7306,
      "max": 262.2217
    },
    "throughput_tps": {
      "n": 3,
      "mean": 49.6569,
      "median": 49.75,
      "p50": 49.75,
      "p95": 49.7959,
      "std": 0.1691,
      "min": 49.4196,
      "max": 49.8011
    },
    "memory_gb": {
      "n": 3,
      "mean": 10.5073,
      "median": 10.5073,
      "p50": 10.5073,
      "p95": 10.5073,
      "std": 0.0,
      "min": 10.5073,
      "max": 10.5073
    },
    "prompt_tps": {
      "n": 3,
      "mean": 1957.7994,
      "median": 1957.1389,
      "p50": 1957.1389,
      "p95": 1963.0555,
      "std": 4.5825,
      "min": 1952.5465,
      "max": 1963.7129
    }
  },
  "warmup_policy": {
    "warmup_trials": 1,
    "warmup_discarded": true,
    "measured_trials_field": "num_trials",
    "description": "One full generate before timed trials; trials use seed+trial."
  }
}
