{
  "timestamp": "2026-05-23T15:09:20.036127+00:00",
  "hardware": "Mac M5 Max",
  "model_preset": "gemma-9b",
  "configuration": "fp16",
  "weight_bits": 16,
  "optimizations": {
    "weight_bits": 16,
    "kv_cache": false,
    "prefill": false
  },
  "model_repo": "mlx-community/gemma-2-9b-it-8bit",
  "kv_bits": null,
  "prefill_step_size": 512,
  "prompt_tokens": 512,
  "generation_tokens": 128,
  "num_trials": 3,
  "memory_gb": 10.5073,
  "ttft_ms": 263.2715,
  "throughput_tps": 49.6478,
  "prompt_tps": 1944.7601,
  "mlx_version": "0.31.2",
  "mlx_lm_version": "0.29.1",
  "platform": "macOS-26.4.1-arm64-arm-64bit-Mach-O",
  "status": "ok",
  "error": null,
  "article_id": 5,
  "run_label": null,
  "benchmark_mode": "standard",
  "draft_model_repo": null,
  "draft_preset": "qwen-0.5b",
  "num_draft_tokens": null,
  "draft_accept_rate": null,
  "prefix_cache_cold_ttft_ms": null,
  "prefix_cache_warm_ttft_ms": null,
  "prefix_system_tokens": null,
  "workload": null,
  "schema_version": 1,
  "trials": {
    "ttft_ms": [
      263.2715420331806,
      260.63300017267466,
      263.6088328436017
    ],
    "throughput_tps": [
      49.64783651450689,
      49.856702545553404,
      49.46426353484155
    ],
    "memory_gb": [
      10.507297996,
      10.507297996,
      10.507297996
    ],
    "prompt_tps": [
      1944.760136420182,
      1964.4480923781316,
      1942.2717914151533
    ]
  },
  "stats": {
    "ttft_ms": {
      "n": 3,
      "mean": 262.5045,
      "median": 263.2715,
      "p50": 263.2715,
      "p95": 263.5751,
      "std": 1.3305,
      "min": 260.633,
      "max": 263.6088
    },
    "throughput_tps": {
      "n": 3,
      "mean": 49.6563,
      "median": 49.6478,
      "p50": 49.6478,
      "p95": 49.8358,
      "std": 0.1603,
      "min": 49.4643,
      "max": 49.8567
    },
    "memory_gb": {
      "n": 3,
      "mean": 10.5073,
      "median": 10.5073,
      "p50": 10.5073,
      "p95": 10.5073,
      "std": 0.0,
      "min": 10.5073,
      "max": 10.5073
    },
    "prompt_tps": {
      "n": 3,
      "mean": 1950.4933,
      "median": 1944.7601,
      "p50": 1944.7601,
      "p95": 1962.4793,
      "std": 9.9197,
      "min": 1942.2718,
      "max": 1964.4481
    }
  },
  "warmup_policy": {
    "warmup_trials": 1,
    "warmup_discarded": true,
    "measured_trials_field": "num_trials",
    "description": "One full generate before timed trials; trials use seed+trial."
  }
}
