{
  "timestamp": "2026-05-23T15:11:23.710874+00:00",
  "hardware": "Mac M5 Max",
  "model_preset": "gemma-9b",
  "configuration": "w4+prefill",
  "weight_bits": 4,
  "optimizations": {
    "weight_bits": 4,
    "kv_cache": false,
    "prefill": true
  },
  "model_repo": "mlx-community/gemma-2-9b-it-4bit",
  "kv_bits": null,
  "prefill_step_size": 2048,
  "prompt_tokens": 512,
  "generation_tokens": 128,
  "num_trials": 3,
  "memory_gb": 5.9003,
  "ttft_ms": 232.017,
  "throughput_tps": 84.5162,
  "prompt_tps": 2206.7349,
  "mlx_version": "0.31.2",
  "mlx_lm_version": "0.29.1",
  "platform": "macOS-26.4.1-arm64-arm-64bit-Mach-O",
  "status": "ok",
  "error": null,
  "article_id": 5,
  "run_label": null,
  "benchmark_mode": "standard",
  "draft_model_repo": null,
  "draft_preset": "qwen-0.5b",
  "num_draft_tokens": null,
  "draft_accept_rate": null,
  "prefix_cache_cold_ttft_ms": null,
  "prefix_cache_warm_ttft_ms": null,
  "prefix_system_tokens": null,
  "workload": null,
  "schema_version": 1,
  "trials": {
    "ttft_ms": [
      232.0169999729842,
      239.44704211317,
      232.01174987480042
    ],
    "throughput_tps": [
      84.51621183407573,
      84.73930610337548,
      84.47368685942297
    ],
    "memory_gb": [
      5.900332238,
      5.900332238,
      5.900332238
    ],
    "prompt_tps": [
      2206.7348515824992,
      2138.2598652357256,
      2206.784786875184
    ]
  },
  "stats": {
    "ttft_ms": {
      "n": 3,
      "mean": 234.4919,
      "median": 232.017,
      "p50": 232.017,
      "p95": 238.704,
      "std": 3.5038,
      "min": 232.0117,
      "max": 239.447
    },
    "throughput_tps": {
      "n": 3,
      "mean": 84.5764,
      "median": 84.5162,
      "p50": 84.5162,
      "p95": 84.717,
      "std": 0.1165,
      "min": 84.4737,
      "max": 84.7393
    },
    "memory_gb": {
      "n": 3,
      "mean": 5.9003,
      "median": 5.9003,
      "p50": 5.9003,
      "p95": 5.9003,
      "std": 0.0,
      "min": 5.9003,
      "max": 5.9003
    },
    "prompt_tps": {
      "n": 3,
      "mean": 2183.9265,
      "median": 2206.7349,
      "p50": 2206.7349,
      "p95": 2206.7798,
      "std": 32.2912,
      "min": 2138.2599,
      "max": 2206.7848
    }
  },
  "warmup_policy": {
    "warmup_trials": 1,
    "warmup_discarded": true,
    "measured_trials_field": "num_trials",
    "description": "One full generate before timed trials; trials use seed+trial."
  }
}
