{
  "timestamp": "2026-05-25T05:41:22.287631+00:00",
  "hardware": "Mac M5 Max",
  "model_preset": "gemma-9b",
  "configuration": "w4+prefill",
  "weight_bits": 4,
  "optimizations": {
    "weight_bits": 4,
    "kv_cache": false,
    "prefill": true
  },
  "model_repo": "mlx-community/gemma-2-9b-it-4bit",
  "kv_bits": null,
  "prefill_step_size": 2048,
  "prompt_tokens": 512,
  "generation_tokens": 128,
  "num_trials": 3,
  "memory_gb": 5.9003,
  "ttft_ms": 232.4465,
  "throughput_tps": 84.7819,
  "prompt_tps": 2202.6574,
  "mlx_version": "0.31.2",
  "mlx_lm_version": "0.29.1",
  "platform": "macOS-26.4.1-arm64-arm-64bit-Mach-O",
  "status": "ok",
  "error": null,
  "article_id": 5,
  "run_label": null,
  "benchmark_mode": "standard",
  "draft_model_repo": null,
  "draft_preset": "qwen-0.5b",
  "num_draft_tokens": null,
  "draft_accept_rate": null,
  "prefix_cache_cold_ttft_ms": null,
  "prefix_cache_warm_ttft_ms": null,
  "prefix_system_tokens": null,
  "workload": null,
  "schema_version": 1,
  "trials": {
    "ttft_ms": [
      230.65891698934138,
      232.44649986736476,
      233.1180840265006
    ],
    "throughput_tps": [
      84.8334193870221,
      84.51142913901259,
      84.78190477021766
    ],
    "memory_gb": [
      5.900332238,
      5.900332238,
      5.900332238
    ],
    "prompt_tps": [
      2219.7277550889535,
      2202.657386934843,
      2196.3118054015767
    ]
  },
  "stats": {
    "ttft_ms": {
      "n": 3,
      "mean": 232.0745,
      "median": 232.4465,
      "p50": 232.4465,
      "p95": 233.0509,
      "std": 1.0378,
      "min": 230.6589,
      "max": 233.1181
    },
    "throughput_tps": {
      "n": 3,
      "mean": 84.7089,
      "median": 84.7819,
      "p50": 84.7819,
      "p95": 84.8283,
      "std": 0.1412,
      "min": 84.5114,
      "max": 84.8334
    },
    "memory_gb": {
      "n": 3,
      "mean": 5.9003,
      "median": 5.9003,
      "p50": 5.9003,
      "p95": 5.9003,
      "std": 0.0,
      "min": 5.9003,
      "max": 5.9003
    },
    "prompt_tps": {
      "n": 3,
      "mean": 2206.2323,
      "median": 2202.6574,
      "p50": 2202.6574,
      "p95": 2218.0207,
      "std": 9.8881,
      "min": 2196.3118,
      "max": 2219.7278
    }
  },
  "warmup_policy": {
    "warmup_trials": 1,
    "warmup_discarded": true,
    "measured_trials_field": "num_trials",
    "description": "One full generate before timed trials; trials use seed+trial."
  }
}
