{
  "timestamp": "2026-05-25T05:41:00.627279+00:00",
  "hardware": "Mac M5 Max",
  "model_preset": "gemma-9b",
  "configuration": "w4",
  "weight_bits": 4,
  "optimizations": {
    "weight_bits": 4,
    "kv_cache": false,
    "prefill": false
  },
  "model_repo": "mlx-community/gemma-2-9b-it-4bit",
  "kv_bits": null,
  "prefill_step_size": 512,
  "prompt_tokens": 512,
  "generation_tokens": 128,
  "num_trials": 3,
  "memory_gb": 5.9003,
  "ttft_ms": 230.4452,
  "throughput_tps": 85.0008,
  "prompt_tps": 2221.7863,
  "mlx_version": "0.31.2",
  "mlx_lm_version": "0.29.1",
  "platform": "macOS-26.4.1-arm64-arm-64bit-Mach-O",
  "status": "ok",
  "error": null,
  "article_id": 5,
  "run_label": null,
  "benchmark_mode": "standard",
  "draft_model_repo": null,
  "draft_preset": "qwen-0.5b",
  "num_draft_tokens": null,
  "draft_accept_rate": null,
  "prefix_cache_cold_ttft_ms": null,
  "prefix_cache_warm_ttft_ms": null,
  "prefix_system_tokens": null,
  "workload": null,
  "schema_version": 1,
  "trials": {
    "ttft_ms": [
      230.21120810881257,
      230.44520802795887,
      239.09100005403158
    ],
    "throughput_tps": [
      85.09076084722595,
      85.00078193522216,
      84.67453720675796
    ],
    "memory_gb": [
      5.900332238,
      5.900332238,
      5.900332238
    ],
    "prompt_tps": [
      2224.044624960206,
      2221.7862735417843,
      2141.44405219893
    ]
  },
  "stats": {
    "ttft_ms": {
      "n": 3,
      "mean": 233.2491,
      "median": 230.4452,
      "p50": 230.4452,
      "p95": 238.2264,
      "std": 4.1319,
      "min": 230.2112,
      "max": 239.091
    },
    "throughput_tps": {
      "n": 3,
      "mean": 84.922,
      "median": 85.0008,
      "p50": 85.0008,
      "p95": 85.0818,
      "std": 0.1788,
      "min": 84.6745,
      "max": 85.0908
    },
    "memory_gb": {
      "n": 3,
      "mean": 5.9003,
      "median": 5.9003,
      "p50": 5.9003,
      "p95": 5.9003,
      "std": 0.0,
      "min": 5.9003,
      "max": 5.9003
    },
    "prompt_tps": {
      "n": 3,
      "mean": 2195.7583,
      "median": 2221.7863,
      "p50": 2221.7863,
      "p95": 2223.8188,
      "std": 38.417,
      "min": 2141.4441,
      "max": 2224.0446
    }
  },
  "warmup_policy": {
    "warmup_trials": 1,
    "warmup_discarded": true,
    "measured_trials_field": "num_trials",
    "description": "One full generate before timed trials; trials use seed+trial."
  }
}
