{
  "timestamp": "2026-05-25T05:40:38.500126+00:00",
  "hardware": "Mac M5 Max",
  "model_preset": "gemma-9b",
  "configuration": "w8+prefill",
  "weight_bits": 8,
  "optimizations": {
    "weight_bits": 8,
    "kv_cache": false,
    "prefill": true
  },
  "model_repo": "mlx-community/gemma-2-9b-it-8bit",
  "kv_bits": null,
  "prefill_step_size": 2048,
  "prompt_tokens": 512,
  "generation_tokens": 128,
  "num_trials": 3,
  "memory_gb": 10.5073,
  "ttft_ms": 262.3958,
  "throughput_tps": 49.6662,
  "prompt_tps": 1951.2508,
  "mlx_version": "0.31.2",
  "mlx_lm_version": "0.29.1",
  "platform": "macOS-26.4.1-arm64-arm-64bit-Mach-O",
  "status": "ok",
  "error": null,
  "article_id": 5,
  "run_label": null,
  "benchmark_mode": "standard",
  "draft_model_repo": null,
  "draft_preset": "qwen-0.5b",
  "num_draft_tokens": null,
  "draft_accept_rate": null,
  "prefix_cache_cold_ttft_ms": null,
  "prefix_cache_warm_ttft_ms": null,
  "prefix_system_tokens": null,
  "workload": null,
  "schema_version": 1,
  "trials": {
    "ttft_ms": [
      262.3957919422537,
      261.540292063728,
      262.40399992093444
    ],
    "throughput_tps": [
      49.701064749038075,
      49.560496645400534,
      49.66618567137589
    ],
    "memory_gb": [
      10.507297996,
      10.507297996,
      10.507297996
    ],
    "prompt_tps": [
      1951.250804024622,
      1957.6333572161186,
      1951.1897690365693
    ]
  },
  "stats": {
    "ttft_ms": {
      "n": 3,
      "mean": 262.1134,
      "median": 262.3958,
      "p50": 262.3958,
      "p95": 262.4032,
      "std": 0.4052,
      "min": 261.5403,
      "max": 262.404
    },
    "throughput_tps": {
      "n": 3,
      "mean": 49.6426,
      "median": 49.6662,
      "p50": 49.6662,
      "p95": 49.6976,
      "std": 0.0598,
      "min": 49.5605,
      "max": 49.7011
    },
    "memory_gb": {
      "n": 3,
      "mean": 10.5073,
      "median": 10.5073,
      "p50": 10.5073,
      "p95": 10.5073,
      "std": 0.0,
      "min": 10.5073,
      "max": 10.5073
    },
    "prompt_tps": {
      "n": 3,
      "mean": 1953.358,
      "median": 1951.2508,
      "p50": 1951.2508,
      "p95": 1956.9951,
      "std": 3.0233,
      "min": 1951.1898,
      "max": 1957.6334
    }
  },
  "warmup_policy": {
    "warmup_trials": 1,
    "warmup_discarded": true,
    "measured_trials_field": "num_trials",
    "description": "One full generate before timed trials; trials use seed+trial."
  }
}
