{
  "timestamp": "2026-05-25T05:40:12.030596+00:00",
  "hardware": "Mac M5 Max",
  "model_preset": "gemma-9b",
  "configuration": "w8",
  "weight_bits": 8,
  "optimizations": {
    "weight_bits": 8,
    "kv_cache": false,
    "prefill": false
  },
  "model_repo": "mlx-community/gemma-2-9b-it-8bit",
  "kv_bits": null,
  "prefill_step_size": 512,
  "prompt_tokens": 512,
  "generation_tokens": 128,
  "num_trials": 3,
  "memory_gb": 10.5073,
  "ttft_ms": 261.8741,
  "throughput_tps": 49.9534,
  "prompt_tps": 1955.1378,
  "mlx_version": "0.31.2",
  "mlx_lm_version": "0.29.1",
  "platform": "macOS-26.4.1-arm64-arm-64bit-Mach-O",
  "status": "ok",
  "error": null,
  "article_id": 5,
  "run_label": null,
  "benchmark_mode": "standard",
  "draft_model_repo": null,
  "draft_preset": "qwen-0.5b",
  "num_draft_tokens": null,
  "draft_accept_rate": null,
  "prefix_cache_cold_ttft_ms": null,
  "prefix_cache_warm_ttft_ms": null,
  "prefix_system_tokens": null,
  "workload": null,
  "schema_version": 1,
  "trials": {
    "ttft_ms": [
      262.1350409463048,
      261.8741251062602,
      261.26679102890193
    ],
    "throughput_tps": [
      49.972509419117564,
      49.763268108627656,
      49.953352484249955
    ],
    "memory_gb": [
      10.507297996,
      10.507297996,
      10.507297996
    ],
    "prompt_tps": [
      1953.1917524329647,
      1955.137796803127,
      1959.6826599495432
    ]
  },
  "stats": {
    "ttft_ms": {
      "n": 3,
      "mean": 261.7587,
      "median": 261.8741,
      "p50": 261.8741,
      "p95": 262.1089,
      "std": 0.3637,
      "min": 261.2668,
      "max": 262.135
    },
    "throughput_tps": {
      "n": 3,
      "mean": 49.8964,
      "median": 49.9534,
      "p50": 49.9534,
      "p95": 49.9706,
      "std": 0.0944,
      "min": 49.7633,
      "max": 49.9725
    },
    "memory_gb": {
      "n": 3,
      "mean": 10.5073,
      "median": 10.5073,
      "p50": 10.5073,
      "p95": 10.5073,
      "std": 0.0,
      "min": 10.5073,
      "max": 10.5073
    },
    "prompt_tps": {
      "n": 3,
      "mean": 1956.0041,
      "median": 1955.1378,
      "p50": 1955.1378,
      "p95": 1959.2282,
      "std": 2.7198,
      "min": 1953.1918,
      "max": 1959.6827
    }
  },
  "warmup_policy": {
    "warmup_trials": 1,
    "warmup_discarded": true,
    "measured_trials_field": "num_trials",
    "description": "One full generate before timed trials; trials use seed+trial."
  }
}
