{
  "timestamp": "2026-05-23T15:10:12.984452+00:00",
  "hardware": "Mac M5 Max",
  "model_preset": "gemma-9b",
  "configuration": "w8",
  "weight_bits": 8,
  "optimizations": {
    "weight_bits": 8,
    "kv_cache": false,
    "prefill": false
  },
  "model_repo": "mlx-community/gemma-2-9b-it-8bit",
  "kv_bits": null,
  "prefill_step_size": 512,
  "prompt_tokens": 512,
  "generation_tokens": 128,
  "num_trials": 3,
  "memory_gb": 10.5073,
  "ttft_ms": 261.596,
  "throughput_tps": 49.7165,
  "prompt_tps": 1957.2162,
  "mlx_version": "0.31.2",
  "mlx_lm_version": "0.29.1",
  "platform": "macOS-26.4.1-arm64-arm-64bit-Mach-O",
  "status": "ok",
  "error": null,
  "article_id": 5,
  "run_label": null,
  "benchmark_mode": "standard",
  "draft_model_repo": null,
  "draft_preset": "qwen-0.5b",
  "num_draft_tokens": null,
  "draft_accept_rate": null,
  "prefix_cache_cold_ttft_ms": null,
  "prefix_cache_warm_ttft_ms": null,
  "prefix_system_tokens": null,
  "workload": null,
  "schema_version": 1,
  "trials": {
    "ttft_ms": [
      261.59604196436703,
      263.0247080232948,
      261.10712508670986
    ],
    "throughput_tps": [
      49.694976871345865,
      49.716467240056346,
      49.886626464019606
    ],
    "memory_gb": [
      10.507297996,
      10.507297996,
      10.507297996
    ],
    "prompt_tps": [
      1957.2161572297084,
      1946.5851852771743,
      1960.8809979044895
    ]
  },
  "stats": {
    "ttft_ms": {
      "n": 3,
      "mean": 261.9093,
      "median": 261.596,
      "p50": 261.596,
      "p95": 262.8818,
      "std": 0.8136,
      "min": 261.1071,
      "max": 263.0247
    },
    "throughput_tps": {
      "n": 3,
      "mean": 49.766,
      "median": 49.7165,
      "p50": 49.7165,
      "p95": 49.8696,
      "std": 0.0857,
      "min": 49.695,
      "max": 49.8866
    },
    "memory_gb": {
      "n": 3,
      "mean": 10.5073,
      "median": 10.5073,
      "p50": 10.5073,
      "p95": 10.5073,
      "std": 0.0,
      "min": 10.5073,
      "max": 10.5073
    },
    "prompt_tps": {
      "n": 3,
      "mean": 1954.8941,
      "median": 1957.2162,
      "p50": 1957.2162,
      "p95": 1960.5145,
      "std": 6.0628,
      "min": 1946.5852,
      "max": 1960.881
    }
  },
  "warmup_policy": {
    "warmup_trials": 1,
    "warmup_discarded": true,
    "measured_trials_field": "num_trials",
    "description": "One full generate before timed trials; trials use seed+trial."
  }
}
