{
  "timestamp": "2026-05-20T16:35:46.620373+00:00",
  "hardware": "Mac M3",
  "model_preset": "phi-3.5-mini",
  "configuration": "w4",
  "weight_bits": 4,
  "optimizations": {
    "weight_bits": 4,
    "kv_cache": false,
    "prefill": false
  },
  "model_repo": "mlx-community/Phi-3.5-mini-instruct-4bit",
  "kv_bits": null,
  "prefill_step_size": 512,
  "prompt_tokens": 512,
  "generation_tokens": 128,
  "num_trials": 3,
  "memory_gb": 2.9269,
  "ttft_ms": 1383.2775,
  "throughput_tps": 36.9652,
  "prompt_tps": 370.1354,
  "mlx_version": "0.31.2",
  "mlx_lm_version": "0.31.3",
  "platform": "macOS-26.3.1-arm64-arm-64bit-Mach-O",
  "status": "ok",
  "error": null,
  "article_id": 1,
  "run_label": null,
  "benchmark_mode": "standard",
  "draft_model_repo": null,
  "draft_preset": "qwen-0.5b",
  "num_draft_tokens": null,
  "draft_accept_rate": null,
  "prefix_cache_cold_ttft_ms": null,
  "prefix_cache_warm_ttft_ms": null,
  "prefix_system_tokens": null,
  "workload": null,
  "schema_version": 1,
  "trials": {
    "ttft_ms": [
      1381.8816251587123,
      1398.5417501535267,
      1383.2775000482798
    ],
    "throughput_tps": [
      36.96516078428443,
      37.04945341785615,
      36.93734308435123
    ],
    "memory_gb": [
      2.926868594,
      2.926868594,
      2.926868594
    ],
    "prompt_tps": [
      370.50930461659163,
      366.0956134801085,
      370.1354211155245
    ]
  },
  "stats": {
    "ttft_ms": {
      "n": 3,
      "mean": 1387.9003,
      "median": 1383.2775,
      "p50": 1383.2775,
      "p95": 1397.0153,
      "std": 7.5462,
      "min": 1381.8816,
      "max": 1398.5418
    },
    "throughput_tps": {
      "n": 3,
      "mean": 36.984,
      "median": 36.9652,
      "p50": 36.9652,
      "p95": 37.041,
      "std": 0.0477,
      "min": 36.9373,
      "max": 37.0495
    },
    "memory_gb": {
      "n": 3,
      "mean": 2.9269,
      "median": 2.9269,
      "p50": 2.9269,
      "p95": 2.9269,
      "std": 0.0,
      "min": 2.9269,
      "max": 2.9269
    },
    "prompt_tps": {
      "n": 3,
      "mean": 368.9134,
      "median": 370.1354,
      "p50": 370.1354,
      "p95": 370.4719,
      "std": 1.9983,
      "min": 366.0956,
      "max": 370.5093
    }
  },
  "warmup_policy": {
    "warmup_trials": 1,
    "warmup_discarded": true,
    "measured_trials_field": "num_trials",
    "description": "One full generate before timed trials; trials use seed+trial."
  }
}
