{
  "timestamp": "2026-05-20T16:34:27.151178+00:00",
  "hardware": "Mac M3",
  "model_preset": "phi-3.5-mini",
  "configuration": "w8",
  "weight_bits": 8,
  "optimizations": {
    "weight_bits": 8,
    "kv_cache": false,
    "prefill": false
  },
  "model_repo": "mlx-community/Phi-3.5-mini-instruct-8bit",
  "kv_bits": null,
  "prefill_step_size": 512,
  "prompt_tokens": 512,
  "generation_tokens": 128,
  "num_trials": 3,
  "memory_gb": 4.7059,
  "ttft_ms": 1437.1755,
  "throughput_tps": 21.3154,
  "prompt_tps": 356.2543,
  "mlx_version": "0.31.2",
  "mlx_lm_version": "0.31.3",
  "platform": "macOS-26.3.1-arm64-arm-64bit-Mach-O",
  "status": "ok",
  "error": null,
  "article_id": 1,
  "run_label": null,
  "benchmark_mode": "standard",
  "draft_model_repo": null,
  "draft_preset": "qwen-0.5b",
  "num_draft_tokens": null,
  "draft_accept_rate": null,
  "prefix_cache_cold_ttft_ms": null,
  "prefix_cache_warm_ttft_ms": null,
  "prefix_system_tokens": null,
  "workload": null,
  "schema_version": 1,
  "trials": {
    "ttft_ms": [
      1437.175540952012,
      1433.7970418855548,
      1446.106875082478
    ],
    "throughput_tps": [
      21.325403982962687,
      21.315350871615674,
      21.145696117394202
    ],
    "memory_gb": [
      4.705885286,
      4.705885286,
      4.705885286
    ],
    "prompt_tps": [
      356.2543234355642,
      357.0937762060662,
      354.0540528657665
    ]
  },
  "stats": {
    "ttft_ms": {
      "n": 3,
      "mean": 1439.0265,
      "median": 1437.1755,
      "p50": 1437.1755,
      "p95": 1445.2137,
      "std": 5.1931,
      "min": 1433.797,
      "max": 1446.1069
    },
    "throughput_tps": {
      "n": 3,
      "mean": 21.2622,
      "median": 21.3154,
      "p50": 21.3154,
      "p95": 21.3244,
      "std": 0.0824,
      "min": 21.1457,
      "max": 21.3254
    },
    "memory_gb": {
      "n": 3,
      "mean": 4.7059,
      "median": 4.7059,
      "p50": 4.7059,
      "p95": 4.7059,
      "std": 0.0,
      "min": 4.7059,
      "max": 4.7059
    },
    "prompt_tps": {
      "n": 3,
      "mean": 355.8007,
      "median": 356.2543,
      "p50": 356.2543,
      "p95": 357.0098,
      "std": 1.2817,
      "min": 354.0541,
      "max": 357.0938
    }
  },
  "warmup_policy": {
    "warmup_trials": 1,
    "warmup_discarded": true,
    "measured_trials_field": "num_trials",
    "description": "One full generate before timed trials; trials use seed+trial."
  }
}
