{
  "timestamp": "2026-05-25T04:13:28.657157+00:00",
  "hardware": "Mac M5 Max",
  "model_preset": "phi-3-mini",
  "configuration": "fp16",
  "weight_bits": 16,
  "optimizations": {
    "weight_bits": 16,
    "kv_cache": false,
    "prefill": false
  },
  "model_repo": "mlx-community/Phi-3-mini-4k-instruct-8bit",
  "kv_bits": null,
  "prefill_step_size": 512,
  "prompt_tokens": 512,
  "generation_tokens": 128,
  "num_trials": 3,
  "memory_gb": 4.8373,
  "ttft_ms": 109.802,
  "throughput_tps": 111.0588,
  "prompt_tps": 4662.937,
  "mlx_version": "0.31.2",
  "mlx_lm_version": "0.29.1",
  "platform": "macOS-26.4.1-arm64-arm-64bit-Mach-O",
  "status": "ok",
  "error": null,
  "article_id": 1,
  "run_label": null,
  "benchmark_mode": "standard",
  "draft_model_repo": null,
  "draft_preset": "qwen-0.5b",
  "num_draft_tokens": null,
  "draft_accept_rate": null,
  "prefix_cache_cold_ttft_ms": null,
  "prefix_cache_warm_ttft_ms": null,
  "prefix_system_tokens": null,
  "workload": null,
  "schema_version": 1,
  "trials": {
    "ttft_ms": [
      109.80204213410614,
      110.76012486591935,
      109.13916607387364
    ],
    "throughput_tps": [
      110.33596180558656,
      111.29233957230066,
      111.05878314053156
    ],
    "memory_gb": [
      4.837303388,
      4.837303388,
      4.837303388
    ],
    "prompt_tps": [
      4662.936954985514,
      4622.602228191793,
      4691.258128667024
    ]
  },
  "stats": {
    "ttft_ms": {
      "n": 3,
      "mean": 109.9004,
      "median": 109.802,
      "p50": 109.802,
      "p95": 110.6643,
      "std": 0.6654,
      "min": 109.1392,
      "max": 110.7601
    },
    "throughput_tps": {
      "n": 3,
      "mean": 110.8957,
      "median": 111.0588,
      "p50": 111.0588,
      "p95": 111.269,
      "std": 0.4071,
      "min": 110.336,
      "max": 111.2923
    },
    "memory_gb": {
      "n": 3,
      "mean": 4.8373,
      "median": 4.8373,
      "p50": 4.8373,
      "p95": 4.8373,
      "std": 0.0,
      "min": 4.8373,
      "max": 4.8373
    },
    "prompt_tps": {
      "n": 3,
      "mean": 4658.9324,
      "median": 4662.937,
      "p50": 4662.937,
      "p95": 4688.426,
      "std": 28.1713,
      "min": 4622.6022,
      "max": 4691.2581
    }
  },
  "warmup_policy": {
    "warmup_trials": 1,
    "warmup_discarded": true,
    "measured_trials_field": "num_trials",
    "description": "One full generate before timed trials; trials use seed+trial."
  }
}
