{
  "timestamp": "2026-05-25T04:13:40.683484+00:00",
  "hardware": "Mac M5 Max",
  "model_preset": "phi-3-mini",
  "configuration": "w8",
  "weight_bits": 8,
  "optimizations": {
    "weight_bits": 8,
    "kv_cache": false,
    "prefill": false
  },
  "model_repo": "mlx-community/Phi-3-mini-4k-instruct-8bit",
  "kv_bits": null,
  "prefill_step_size": 512,
  "prompt_tokens": 512,
  "generation_tokens": 128,
  "num_trials": 3,
  "memory_gb": 4.8373,
  "ttft_ms": 108.6159,
  "throughput_tps": 111.453,
  "prompt_tps": 4713.8597,
  "mlx_version": "0.31.2",
  "mlx_lm_version": "0.29.1",
  "platform": "macOS-26.4.1-arm64-arm-64bit-Mach-O",
  "status": "ok",
  "error": null,
  "article_id": 1,
  "run_label": null,
  "benchmark_mode": "standard",
  "draft_model_repo": null,
  "draft_preset": "qwen-0.5b",
  "num_draft_tokens": null,
  "draft_accept_rate": null,
  "prefix_cache_cold_ttft_ms": null,
  "prefix_cache_warm_ttft_ms": null,
  "prefix_system_tokens": null,
  "workload": null,
  "schema_version": 1,
  "trials": {
    "ttft_ms": [
      108.40524989180267,
      108.94195898436008,
      108.61587501130997
    ],
    "throughput_tps": [
      111.51229799434527,
      111.45300033842591,
      111.20541531758352
    ],
    "memory_gb": [
      4.837303388,
      4.837303388,
      4.837303388
    ],
    "prompt_tps": [
      4723.018493209674,
      4699.75025943405,
      4713.8597368633855
    ]
  },
  "stats": {
    "ttft_ms": {
      "n": 3,
      "mean": 108.6544,
      "median": 108.6159,
      "p50": 108.6159,
      "p95": 108.9094,
      "std": 0.2208,
      "min": 108.4052,
      "max": 108.942
    },
    "throughput_tps": {
      "n": 3,
      "mean": 111.3902,
      "median": 111.453,
      "p50": 111.453,
      "p95": 111.5064,
      "std": 0.1329,
      "min": 111.2054,
      "max": 111.5123
    },
    "memory_gb": {
      "n": 3,
      "mean": 4.8373,
      "median": 4.8373,
      "p50": 4.8373,
      "p95": 4.8373,
      "std": 0.0,
      "min": 4.8373,
      "max": 4.8373
    },
    "prompt_tps": {
      "n": 3,
      "mean": 4712.2095,
      "median": 4713.8597,
      "p50": 4713.8597,
      "p95": 4722.1026,
      "std": 9.5706,
      "min": 4699.7503,
      "max": 4723.0185
    }
  },
  "warmup_policy": {
    "warmup_trials": 1,
    "warmup_discarded": true,
    "measured_trials_field": "num_trials",
    "description": "One full generate before timed trials; trials use seed+trial."
  }
}
