{
  "timestamp": "2026-05-25T04:36:59.009666+00:00",
  "hardware": "Mac M5 Max",
  "model_preset": "qwen-0.5b",
  "configuration": "fp16",
  "weight_bits": 16,
  "optimizations": {
    "weight_bits": 16,
    "kv_cache": false,
    "prefill": false
  },
  "model_repo": "mlx-community/Qwen2.5-0.5B-Instruct-bf16",
  "kv_bits": null,
  "prefill_step_size": 512,
  "prompt_tokens": 512,
  "generation_tokens": 128,
  "num_trials": 3,
  "memory_gb": 1.4238,
  "ttft_ms": 30.2588,
  "throughput_tps": 382.3425,
  "prompt_tps": 16920.6785,
  "mlx_version": "0.31.2",
  "mlx_lm_version": "0.29.1",
  "platform": "macOS-26.4.1-arm64-arm-64bit-Mach-O",
  "status": "ok",
  "error": null,
  "article_id": 4,
  "run_label": null,
  "benchmark_mode": "standard",
  "draft_model_repo": null,
  "draft_preset": "qwen-0.5b",
  "num_draft_tokens": null,
  "draft_accept_rate": null,
  "prefix_cache_cold_ttft_ms": null,
  "prefix_cache_warm_ttft_ms": null,
  "prefix_system_tokens": null,
  "workload": null,
  "schema_version": 1,
  "trials": {
    "ttft_ms": [
      30.258833896368742,
      19.644375192001462,
      30.877582961693406
    ],
    "throughput_tps": [
      387.6185640822114,
      382.3424974893908,
      374.72773728498777
    ],
    "memory_gb": [
      1.42375118,
      1.254930344,
      1.379186672
    ],
    "prompt_tps": [
      16920.678495196185,
      26063.44029758042,
      16581.608755943915
    ]
  },
  "stats": {
    "ttft_ms": {
      "n": 3,
      "mean": 26.9269,
      "median": 30.2588,
      "p50": 30.2588,
      "p95": 30.8157,
      "std": 5.1557,
      "min": 19.6444,
      "max": 30.8776
    },
    "throughput_tps": {
      "n": 3,
      "mean": 381.5629,
      "median": 382.3425,
      "p50": 382.3425,
      "p95": 387.091,
      "std": 5.2914,
      "min": 374.7277,
      "max": 387.6186
    },
    "memory_gb": {
      "n": 3,
      "mean": 1.3526,
      "median": 1.3792,
      "p50": 1.3792,
      "p95": 1.4193,
      "std": 0.0714,
      "min": 1.2549,
      "max": 1.4238
    },
    "prompt_tps": {
      "n": 3,
      "mean": 19855.2425,
      "median": 16920.6785,
      "p50": 16920.6785,
      "p95": 25149.1641,
      "std": 4392.0407,
      "min": 16581.6088,
      "max": 26063.4403
    }
  },
  "warmup_policy": {
    "warmup_trials": 1,
    "warmup_discarded": true,
    "measured_trials_field": "num_trials",
    "description": "One full generate before timed trials; trials use seed+trial."
  }
}
