{
  "timestamp": "2026-05-23T03:36:13.788070+00:00",
  "hardware": "Mac M5 Max",
  "model_preset": "qwen-0.5b",
  "configuration": "fp16",
  "weight_bits": 16,
  "optimizations": {
    "weight_bits": 16,
    "kv_cache": false,
    "prefill": false
  },
  "model_repo": "mlx-community/Qwen2.5-0.5B-Instruct-bf16",
  "kv_bits": null,
  "prefill_step_size": 512,
  "prompt_tokens": 512,
  "generation_tokens": 128,
  "num_trials": 3,
  "memory_gb": 1.2404,
  "ttft_ms": 18.319,
  "throughput_tps": 389.1229,
  "prompt_tps": 27949.1238,
  "mlx_version": "0.31.2",
  "mlx_lm_version": "0.29.1",
  "platform": "macOS-26.4.1-arm64-arm-64bit-Mach-O",
  "status": "ok",
  "error": null,
  "article_id": 4,
  "run_label": null,
  "benchmark_mode": "standard",
  "draft_model_repo": null,
  "draft_preset": "qwen-0.5b",
  "num_draft_tokens": null,
  "draft_accept_rate": null,
  "prefix_cache_cold_ttft_ms": null,
  "prefix_cache_warm_ttft_ms": null,
  "prefix_system_tokens": null,
  "workload": null,
  "schema_version": 1,
  "trials": {
    "ttft_ms": [
      19.020540872588754,
      18.319000024348497,
      18.242625053972006
    ],
    "throughput_tps": [
      389.5701232004133,
      389.1228513110237,
      388.6053126631451
    ],
    "memory_gb": [
      1.23631812,
      1.229633448,
      1.240381352
    ],
    "prompt_tps": [
      26918.2671213027,
      27949.123823324462,
      28066.136232324807
    ]
  },
  "stats": {
    "ttft_ms": {
      "n": 3,
      "mean": 18.5274,
      "median": 18.319,
      "p50": 18.319,
      "p95": 18.9504,
      "std": 0.3501,
      "min": 18.2426,
      "max": 19.0205
    },
    "throughput_tps": {
      "n": 3,
      "mean": 389.0994,
      "median": 389.1229,
      "p50": 389.1229,
      "p95": 389.5254,
      "std": 0.3942,
      "min": 388.6053,
      "max": 389.5701
    },
    "memory_gb": {
      "n": 3,
      "mean": 1.2354,
      "median": 1.2363,
      "p50": 1.2363,
      "p95": 1.24,
      "std": 0.0044,
      "min": 1.2296,
      "max": 1.2404
    },
    "prompt_tps": {
      "n": 3,
      "mean": 27644.5091,
      "median": 27949.1238,
      "p50": 27949.1238,
      "p95": 28054.435,
      "std": 515.7477,
      "min": 26918.2671,
      "max": 28066.1362
    }
  },
  "warmup_policy": {
    "warmup_trials": 1,
    "warmup_discarded": true,
    "measured_trials_field": "num_trials",
    "description": "One full generate before timed trials; trials use seed+trial."
  }
}
