{
  "timestamp": "2026-05-23T03:36:46.054537+00:00",
  "hardware": "Mac M5 Max",
  "model_preset": "qwen-0.5b",
  "configuration": "w4",
  "weight_bits": 4,
  "optimizations": {
    "weight_bits": 4,
    "kv_cache": false,
    "prefill": false
  },
  "model_repo": "mlx-community/Qwen2.5-0.5B-Instruct-4bit",
  "kv_bits": null,
  "prefill_step_size": 512,
  "prompt_tokens": 512,
  "generation_tokens": 128,
  "num_trials": 3,
  "memory_gb": 0.6501,
  "ttft_ms": 20.4081,
  "throughput_tps": 564.4835,
  "prompt_tps": 25088.0987,
  "mlx_version": "0.31.2",
  "mlx_lm_version": "0.29.1",
  "platform": "macOS-26.4.1-arm64-arm-64bit-Mach-O",
  "status": "ok",
  "error": null,
  "article_id": 4,
  "run_label": null,
  "benchmark_mode": "standard",
  "draft_model_repo": null,
  "draft_preset": "qwen-0.5b",
  "num_draft_tokens": null,
  "draft_accept_rate": null,
  "prefix_cache_cold_ttft_ms": null,
  "prefix_cache_warm_ttft_ms": null,
  "prefix_system_tokens": null,
  "workload": null,
  "schema_version": 1,
  "trials": {
    "ttft_ms": [
      38.01345801912248,
      20.40808298625052,
      19.115875009447336
    ],
    "throughput_tps": [
      557.4632681430124,
      564.4835139083734,
      591.6356357331833
    ],
    "memory_gb": [
      0.650131452,
      0.532559796,
      0.532559796
    ],
    "prompt_tps": [
      13468.914081492952,
      25088.09868839461,
      26784.021121029633
    ]
  },
  "stats": {
    "ttft_ms": {
      "n": 3,
      "mean": 25.8458,
      "median": 20.4081,
      "p50": 20.4081,
      "p95": 36.2529,
      "std": 8.62,
      "min": 19.1159,
      "max": 38.0135
    },
    "throughput_tps": {
      "n": 3,
      "mean": 571.1941,
      "median": 564.4835,
      "p50": 564.4835,
      "p95": 588.9204,
      "std": 14.7357,
      "min": 557.4633,
      "max": 591.6356
    },
    "memory_gb": {
      "n": 3,
      "mean": 0.5718,
      "median": 0.5326,
      "p50": 0.5326,
      "p95": 0.6384,
      "std": 0.0554,
      "min": 0.5326,
      "max": 0.6501
    },
    "prompt_tps": {
      "n": 3,
      "mean": 21780.3446,
      "median": 25088.0987,
      "p50": 25088.0987,
      "p95": 26614.4289,
      "std": 5917.7105,
      "min": 13468.9141,
      "max": 26784.0211
    }
  },
  "warmup_policy": {
    "warmup_trials": 1,
    "warmup_discarded": true,
    "measured_trials_field": "num_trials",
    "description": "One full generate before timed trials; trials use seed+trial."
  }
}
