{
  "timestamp": "2026-05-25T04:37:17.060238+00:00",
  "hardware": "Mac M5 Max",
  "model_preset": "qwen-0.5b",
  "configuration": "w4",
  "weight_bits": 4,
  "optimizations": {
    "weight_bits": 4,
    "kv_cache": false,
    "prefill": false
  },
  "model_repo": "mlx-community/Qwen2.5-0.5B-Instruct-4bit",
  "kv_bits": null,
  "prefill_step_size": 512,
  "prompt_tokens": 512,
  "generation_tokens": 128,
  "num_trials": 3,
  "memory_gb": 0.6923,
  "ttft_ms": 26.5309,
  "throughput_tps": 501.9825,
  "prompt_tps": 19298.2398,
  "mlx_version": "0.31.2",
  "mlx_lm_version": "0.29.1",
  "platform": "macOS-26.4.1-arm64-arm-64bit-Mach-O",
  "status": "ok",
  "error": null,
  "article_id": 4,
  "run_label": null,
  "benchmark_mode": "standard",
  "draft_model_repo": null,
  "draft_preset": "qwen-0.5b",
  "num_draft_tokens": null,
  "draft_accept_rate": null,
  "prefix_cache_cold_ttft_ms": null,
  "prefix_cache_warm_ttft_ms": null,
  "prefix_system_tokens": null,
  "workload": null,
  "schema_version": 1,
  "trials": {
    "ttft_ms": [
      39.71633315086365,
      23.158832918852568,
      26.53091703541577
    ],
    "throughput_tps": [
      528.5264949231599,
      501.98252088958424,
      438.8837897072277
    ],
    "memory_gb": [
      0.69233666,
      0.569784268,
      0.569784268
    ],
    "prompt_tps": [
      12891.421724537186,
      22108.195252931066,
      19298.23983530377
    ]
  },
  "stats": {
    "ttft_ms": {
      "n": 3,
      "mean": 29.802,
      "median": 26.5309,
      "p50": 26.5309,
      "p95": 38.3978,
      "std": 7.1444,
      "min": 23.1588,
      "max": 39.7163
    },
    "throughput_tps": {
      "n": 3,
      "mean": 489.7976,
      "median": 501.9825,
      "p50": 501.9825,
      "p95": 525.8721,
      "std": 37.5971,
      "min": 438.8838,
      "max": 528.5265
    },
    "memory_gb": {
      "n": 3,
      "mean": 0.6106,
      "median": 0.5698,
      "p50": 0.5698,
      "p95": 0.6801,
      "std": 0.0578,
      "min": 0.5698,
      "max": 0.6923
    },
    "prompt_tps": {
      "n": 3,
      "mean": 18099.2856,
      "median": 19298.2398,
      "p50": 19298.2398,
      "p95": 21827.1997,
      "std": 3857.0582,
      "min": 12891.4217,
      "max": 22108.1953
    }
  },
  "warmup_policy": {
    "warmup_trials": 1,
    "warmup_discarded": true,
    "measured_trials_field": "num_trials",
    "description": "One full generate before timed trials; trials use seed+trial."
  }
}
