{
  "timestamp": "2026-05-25T04:37:07.831282+00:00",
  "hardware": "Mac M5 Max",
  "model_preset": "qwen-0.5b",
  "configuration": "w8",
  "weight_bits": 8,
  "optimizations": {
    "weight_bits": 8,
    "kv_cache": false,
    "prefill": false
  },
  "model_repo": "mlx-community/Qwen2.5-0.5B-Instruct-8bit",
  "kv_bits": null,
  "prefill_step_size": 512,
  "prompt_tokens": 512,
  "generation_tokens": 128,
  "num_trials": 3,
  "memory_gb": 0.9072,
  "ttft_ms": 39.9512,
  "throughput_tps": 383.5136,
  "prompt_tps": 12815.6325,
  "mlx_version": "0.31.2",
  "mlx_lm_version": "0.29.1",
  "platform": "macOS-26.4.1-arm64-arm-64bit-Mach-O",
  "status": "ok",
  "error": null,
  "article_id": 4,
  "run_label": null,
  "benchmark_mode": "standard",
  "draft_model_repo": null,
  "draft_preset": "qwen-0.5b",
  "num_draft_tokens": null,
  "draft_accept_rate": null,
  "prefix_cache_cold_ttft_ms": null,
  "prefix_cache_warm_ttft_ms": null,
  "prefix_system_tokens": null,
  "workload": null,
  "schema_version": 1,
  "trials": {
    "ttft_ms": [
      42.24266693927348,
      24.71612486988306,
      39.9512080475688
    ],
    "throughput_tps": [
      419.9295963055496,
      383.5135611782919,
      330.09658855961857
    ],
    "memory_gb": [
      0.907196424,
      0.757381032,
      0.907196424
    ],
    "prompt_tps": [
      12120.446863263454,
      20715.221447350716,
      12815.63249327469
    ]
  },
  "stats": {
    "ttft_ms": {
      "n": 3,
      "mean": 35.6367,
      "median": 39.9512,
      "p50": 39.9512,
      "p95": 42.0135,
      "std": 7.7784,
      "min": 24.7161,
      "max": 42.2427
    },
    "throughput_tps": {
      "n": 3,
      "mean": 377.8466,
      "median": 383.5136,
      "p50": 383.5136,
      "p95": 416.288,
      "std": 36.8924,
      "min": 330.0966,
      "max": 419.9296
    },
    "memory_gb": {
      "n": 3,
      "mean": 0.8573,
      "median": 0.9072,
      "p50": 0.9072,
      "p95": 0.9072,
      "std": 0.0706,
      "min": 0.7574,
      "max": 0.9072
    },
    "prompt_tps": {
      "n": 3,
      "mean": 15217.1003,
      "median": 12815.6325,
      "p50": 12815.6325,
      "p95": 19925.2626,
      "std": 3898.1041,
      "min": 12120.4469,
      "max": 20715.2214
    }
  },
  "warmup_policy": {
    "warmup_trials": 1,
    "warmup_discarded": true,
    "measured_trials_field": "num_trials",
    "description": "One full generate before timed trials; trials use seed+trial."
  }
}
