{
  "timestamp": "2026-05-25T05:55:18.768621+00:00",
  "hardware": "Mac M5 Max",
  "model_preset": "mistral-small-22b",
  "configuration": "w4+kv_cache",
  "weight_bits": 4,
  "optimizations": {
    "weight_bits": 4,
    "kv_cache": true,
    "prefill": false
  },
  "model_repo": "mlx-community/Mistral-Small-Instruct-2409-4bit",
  "kv_bits": 4,
  "prefill_step_size": 512,
  "prompt_tokens": 512,
  "generation_tokens": 128,
  "num_trials": 3,
  "memory_gb": 13.1082,
  "ttft_ms": 502.9988,
  "throughput_tps": 38.5972,
  "prompt_tps": 1017.8951,
  "mlx_version": "0.31.2",
  "mlx_lm_version": "0.29.1",
  "platform": "macOS-26.4.1-arm64-arm-64bit-Mach-O",
  "status": "ok",
  "error": null,
  "article_id": 5,
  "run_label": null,
  "benchmark_mode": "standard",
  "draft_model_repo": null,
  "draft_preset": "qwen-1.5b",
  "num_draft_tokens": null,
  "draft_accept_rate": null,
  "prefix_cache_cold_ttft_ms": null,
  "prefix_cache_warm_ttft_ms": null,
  "prefix_system_tokens": null,
  "workload": null,
  "schema_version": 1,
  "trials": {
    "ttft_ms": [
      503.243749961257,
      501.29987485706806,
      502.99879210069776
    ],
    "throughput_tps": [
      38.59716347694362,
      38.86290480298782,
      38.56741391487869
    ],
    "memory_gb": [
      13.108197472,
      13.108197472,
      13.108197472
    ],
    "prompt_tps": [
      1017.3996200438002,
      1021.3447592540947,
      1017.895088498543
    ]
  },
  "stats": {
    "ttft_ms": {
      "n": 3,
      "mean": 502.5141,
      "median": 502.9988,
      "p50": 502.9988,
      "p95": 503.2193,
      "std": 0.8644,
      "min": 501.2999,
      "max": 503.2437
    },
    "throughput_tps": {
      "n": 3,
      "mean": 38.6758,
      "median": 38.5972,
      "p50": 38.5972,
      "p95": 38.8363,
      "std": 0.1328,
      "min": 38.5674,
      "max": 38.8629
    },
    "memory_gb": {
      "n": 3,
      "mean": 13.1082,
      "median": 13.1082,
      "p50": 13.1082,
      "p95": 13.1082,
      "std": 0.0,
      "min": 13.1082,
      "max": 13.1082
    },
    "prompt_tps": {
      "n": 3,
      "mean": 1018.8798,
      "median": 1017.8951,
      "p50": 1017.8951,
      "p95": 1020.9998,
      "std": 1.7547,
      "min": 1017.3996,
      "max": 1021.3448
    }
  },
  "warmup_policy": {
    "warmup_trials": 1,
    "warmup_discarded": true,
    "measured_trials_field": "num_trials",
    "description": "One full generate before timed trials; trials use seed+trial."
  }
}
