{
  "timestamp": "2026-05-23T15:25:25.121892+00:00",
  "hardware": "Mac M5 Max",
  "model_preset": "mistral-small-22b",
  "configuration": "w4+kv_cache",
  "weight_bits": 4,
  "optimizations": {
    "weight_bits": 4,
    "kv_cache": true,
    "prefill": false
  },
  "model_repo": "mlx-community/Mistral-Small-Instruct-2409-4bit",
  "kv_bits": 4,
  "prefill_step_size": 512,
  "prompt_tokens": 512,
  "generation_tokens": 128,
  "num_trials": 3,
  "memory_gb": 13.1082,
  "ttft_ms": 509.0604,
  "throughput_tps": 38.4891,
  "prompt_tps": 1005.7745,
  "mlx_version": "0.31.2",
  "mlx_lm_version": "0.29.1",
  "platform": "macOS-26.4.1-arm64-arm-64bit-Mach-O",
  "status": "ok",
  "error": null,
  "article_id": 5,
  "run_label": null,
  "benchmark_mode": "standard",
  "draft_model_repo": null,
  "draft_preset": "qwen-1.5b",
  "num_draft_tokens": null,
  "draft_accept_rate": null,
  "prefix_cache_cold_ttft_ms": null,
  "prefix_cache_warm_ttft_ms": null,
  "prefix_system_tokens": null,
  "workload": null,
  "schema_version": 1,
  "trials": {
    "ttft_ms": [
      500.7042500656098,
      509.060415904969,
      557.8264999203384
    ],
    "throughput_tps": [
      38.83637816322787,
      38.48905548792572,
      38.44587121207644
    ],
    "memory_gb": [
      13.108197472,
      13.108197472,
      13.108197472
    ],
    "prompt_tps": [
      1022.5597244938705,
      1005.7745289226726,
      917.8481124025432
    ]
  },
  "stats": {
    "ttft_ms": {
      "n": 3,
      "mean": 522.5304,
      "median": 509.0604,
      "p50": 509.0604,
      "p95": 552.9499,
      "std": 25.1902,
      "min": 500.7043,
      "max": 557.8265
    },
    "throughput_tps": {
      "n": 3,
      "mean": 38.5904,
      "median": 38.4891,
      "p50": 38.4891,
      "p95": 38.8016,
      "std": 0.1748,
      "min": 38.4459,
      "max": 38.8364
    },
    "memory_gb": {
      "n": 3,
      "mean": 13.1082,
      "median": 13.1082,
      "p50": 13.1082,
      "p95": 13.1082,
      "std": 0.0,
      "min": 13.1082,
      "max": 13.1082
    },
    "prompt_tps": {
      "n": 3,
      "mean": 982.0608,
      "median": 1005.7745,
      "p50": 1005.7745,
      "p95": 1020.8812,
      "std": 45.9194,
      "min": 917.8481,
      "max": 1022.5597
    }
  },
  "warmup_policy": {
    "warmup_trials": 1,
    "warmup_discarded": true,
    "measured_trials_field": "num_trials",
    "description": "One full generate before timed trials; trials use seed+trial."
  }
}
