{
  "timestamp": "2026-05-25T05:56:04.410883+00:00",
  "hardware": "Mac M5 Max",
  "model_preset": "mistral-small-22b",
  "configuration": "w4+kv_cache+prefill",
  "weight_bits": 4,
  "optimizations": {
    "weight_bits": 4,
    "kv_cache": true,
    "prefill": true
  },
  "model_repo": "mlx-community/Mistral-Small-Instruct-2409-4bit",
  "kv_bits": 4,
  "prefill_step_size": 2048,
  "prompt_tokens": 512,
  "generation_tokens": 128,
  "num_trials": 3,
  "memory_gb": 13.1082,
  "ttft_ms": 501.3686,
  "throughput_tps": 38.6503,
  "prompt_tps": 1021.2047,
  "mlx_version": "0.31.2",
  "mlx_lm_version": "0.29.1",
  "platform": "macOS-26.4.1-arm64-arm-64bit-Mach-O",
  "status": "ok",
  "error": null,
  "article_id": 5,
  "run_label": null,
  "benchmark_mode": "standard",
  "draft_model_repo": null,
  "draft_preset": "qwen-1.5b",
  "num_draft_tokens": null,
  "draft_accept_rate": null,
  "prefix_cache_cold_ttft_ms": null,
  "prefix_cache_warm_ttft_ms": null,
  "prefix_system_tokens": null,
  "workload": null,
  "schema_version": 1,
  "trials": {
    "ttft_ms": [
      501.36862485669553,
      500.54016686044633,
      539.1034998465329
    ],
    "throughput_tps": [
      38.78264263785101,
      38.650325103790806,
      38.60660906091218
    ],
    "memory_gb": [
      13.108197472,
      13.108197472,
      13.108197472
    ],
    "prompt_tps": [
      1021.2047077065167,
      1022.8949321119093,
      949.7248675732053
    ]
  },
  "stats": {
    "ttft_ms": {
      "n": 3,
      "mean": 513.6708,
      "median": 501.3686,
      "p50": 501.3686,
      "p95": 535.33,
      "std": 17.9868,
      "min": 500.5402,
      "max": 539.1035
    },
    "throughput_tps": {
      "n": 3,
      "mean": 38.6799,
      "median": 38.6503,
      "p50": 38.6503,
      "p95": 38.7694,
      "std": 0.0748,
      "min": 38.6066,
      "max": 38.7826
    },
    "memory_gb": {
      "n": 3,
      "mean": 13.1082,
      "median": 13.1082,
      "p50": 13.1082,
      "p95": 13.1082,
      "std": 0.0,
      "min": 13.1082,
      "max": 13.1082
    },
    "prompt_tps": {
      "n": 3,
      "mean": 997.9415,
      "median": 1021.2047,
      "p50": 1021.2047,
      "p95": 1022.7259,
      "std": 34.1013,
      "min": 949.7249,
      "max": 1022.8949
    }
  },
  "warmup_policy": {
    "warmup_trials": 1,
    "warmup_discarded": true,
    "measured_trials_field": "num_trials",
    "description": "One full generate before timed trials; trials use seed+trial."
  }
}
