{
  "timestamp": "2026-05-23T15:26:10.298126+00:00",
  "hardware": "Mac M5 Max",
  "model_preset": "mistral-small-22b",
  "configuration": "w4+kv_cache+prefill",
  "weight_bits": 4,
  "optimizations": {
    "weight_bits": 4,
    "kv_cache": true,
    "prefill": true
  },
  "model_repo": "mlx-community/Mistral-Small-Instruct-2409-4bit",
  "kv_bits": 4,
  "prefill_step_size": 2048,
  "prompt_tokens": 512,
  "generation_tokens": 128,
  "num_trials": 3,
  "memory_gb": 13.1082,
  "ttft_ms": 511.7507,
  "throughput_tps": 38.6361,
  "prompt_tps": 1000.4872,
  "mlx_version": "0.31.2",
  "mlx_lm_version": "0.29.1",
  "platform": "macOS-26.4.1-arm64-arm-64bit-Mach-O",
  "status": "ok",
  "error": null,
  "article_id": 5,
  "run_label": null,
  "benchmark_mode": "standard",
  "draft_model_repo": null,
  "draft_preset": "qwen-1.5b",
  "num_draft_tokens": null,
  "draft_accept_rate": null,
  "prefix_cache_cold_ttft_ms": null,
  "prefix_cache_warm_ttft_ms": null,
  "prefix_system_tokens": null,
  "workload": null,
  "schema_version": 1,
  "trials": {
    "ttft_ms": [
      501.8835421651602,
      511.75066619180143,
      810.8128749299794
    ],
    "throughput_tps": [
      38.7106281152243,
      38.636099402630315,
      35.796944204826616
    ],
    "memory_gb": [
      13.108197472,
      13.108197472,
      13.108197472
    ],
    "prompt_tps": [
      1020.1569826163192,
      1000.4872173592934,
      631.4650591164028
    ]
  },
  "stats": {
    "ttft_ms": {
      "n": 3,
      "mean": 608.149,
      "median": 511.7507,
      "p50": 511.7507,
      "p95": 780.9067,
      "std": 143.3616,
      "min": 501.8835,
      "max": 810.8129
    },
    "throughput_tps": {
      "n": 3,
      "mean": 37.7146,
      "median": 38.6361,
      "p50": 38.6361,
      "p95": 38.7032,
      "std": 1.3563,
      "min": 35.7969,
      "max": 38.7106
    },
    "memory_gb": {
      "n": 3,
      "mean": 13.1082,
      "median": 13.1082,
      "p50": 13.1082,
      "p95": 13.1082,
      "std": 0.0,
      "min": 13.1082,
      "max": 13.1082
    },
    "prompt_tps": {
      "n": 3,
      "mean": 884.0364,
      "median": 1000.4872,
      "p50": 1000.4872,
      "p95": 1018.19,
      "std": 178.7754,
      "min": 631.4651,
      "max": 1020.157
    }
  },
  "warmup_policy": {
    "warmup_trials": 1,
    "warmup_discarded": true,
    "measured_trials_field": "num_trials",
    "description": "One full generate before timed trials; trials use seed+trial."
  }
}
