{
  "timestamp": "2026-05-23T15:25:47.483823+00:00",
  "hardware": "Mac M5 Max",
  "model_preset": "mistral-small-22b",
  "configuration": "w4+prefill",
  "weight_bits": 4,
  "optimizations": {
    "weight_bits": 4,
    "kv_cache": false,
    "prefill": true
  },
  "model_repo": "mlx-community/Mistral-Small-Instruct-2409-4bit",
  "kv_bits": null,
  "prefill_step_size": 2048,
  "prompt_tokens": 512,
  "generation_tokens": 128,
  "num_trials": 3,
  "memory_gb": 13.1082,
  "ttft_ms": 506.9133,
  "throughput_tps": 39.2386,
  "prompt_tps": 1010.0348,
  "mlx_version": "0.31.2",
  "mlx_lm_version": "0.29.1",
  "platform": "macOS-26.4.1-arm64-arm-64bit-Mach-O",
  "status": "ok",
  "error": null,
  "article_id": 5,
  "run_label": null,
  "benchmark_mode": "standard",
  "draft_model_repo": null,
  "draft_preset": "qwen-1.5b",
  "num_draft_tokens": null,
  "draft_accept_rate": null,
  "prefix_cache_cold_ttft_ms": null,
  "prefix_cache_warm_ttft_ms": null,
  "prefix_system_tokens": null,
  "workload": null,
  "schema_version": 1,
  "trials": {
    "ttft_ms": [
      499.6801251545548,
      506.9132500793785,
      705.5536671541631
    ],
    "throughput_tps": [
      39.544722844072965,
      39.23855189134078,
      37.94599748103059
    ],
    "memory_gb": [
      13.108197472,
      13.108197472,
      13.108197472
    ],
    "prompt_tps": [
      1024.655523054143,
      1010.0347543091939,
      725.6712335790727
    ]
  },
  "stats": {
    "ttft_ms": {
      "n": 3,
      "mean": 570.7157,
      "median": 506.9133,
      "p50": 506.9133,
      "p95": 685.6896,
      "std": 95.3906,
      "min": 499.6801,
      "max": 705.5537
    },
    "throughput_tps": {
      "n": 3,
      "mean": 38.9098,
      "median": 39.2386,
      "p50": 39.2386,
      "p95": 39.5141,
      "std": 0.6928,
      "min": 37.946,
      "max": 39.5447
    },
    "memory_gb": {
      "n": 3,
      "mean": 13.1082,
      "median": 13.1082,
      "p50": 13.1082,
      "p95": 13.1082,
      "std": 0.0,
      "min": 13.1082,
      "max": 13.1082
    },
    "prompt_tps": {
      "n": 3,
      "mean": 920.1205,
      "median": 1010.0348,
      "p50": 1010.0348,
      "p95": 1023.1934,
      "std": 137.6259,
      "min": 725.6712,
      "max": 1024.6555
    }
  },
  "warmup_policy": {
    "warmup_trials": 1,
    "warmup_discarded": true,
    "measured_trials_field": "num_trials",
    "description": "One full generate before timed trials; trials use seed+trial."
  }
}
