{
  "timestamp": "2026-05-25T05:55:42.156212+00:00",
  "hardware": "Mac M5 Max",
  "model_preset": "mistral-small-22b",
  "configuration": "w4+prefill",
  "weight_bits": 4,
  "optimizations": {
    "weight_bits": 4,
    "kv_cache": false,
    "prefill": true
  },
  "model_repo": "mlx-community/Mistral-Small-Instruct-2409-4bit",
  "kv_bits": null,
  "prefill_step_size": 2048,
  "prompt_tokens": 512,
  "generation_tokens": 128,
  "num_trials": 3,
  "memory_gb": 13.1082,
  "ttft_ms": 883.1655,
  "throughput_tps": 38.6631,
  "prompt_tps": 579.7328,
  "mlx_version": "0.31.2",
  "mlx_lm_version": "0.29.1",
  "platform": "macOS-26.4.1-arm64-arm-64bit-Mach-O",
  "status": "ok",
  "error": null,
  "article_id": 5,
  "run_label": null,
  "benchmark_mode": "standard",
  "draft_model_repo": null,
  "draft_preset": "qwen-1.5b",
  "num_draft_tokens": null,
  "draft_accept_rate": null,
  "prefix_cache_cold_ttft_ms": null,
  "prefix_cache_warm_ttft_ms": null,
  "prefix_system_tokens": null,
  "workload": null,
  "schema_version": 1,
  "trials": {
    "ttft_ms": [
      943.621083861217,
      883.1654589157552,
      869.2878340370952
    ],
    "throughput_tps": [
      38.66308489419077,
      38.77039833211472,
      38.639457895759534
    ],
    "memory_gb": [
      13.108197472,
      13.108197472,
      13.108197472
    ],
    "prompt_tps": [
      542.5906741135326,
      579.732817708442,
      588.9878817493624
    ]
  },
  "stats": {
    "ttft_ms": {
      "n": 3,
      "mean": 898.6915,
      "median": 883.1655,
      "p50": 883.1655,
      "p95": 937.5755,
      "std": 32.2713,
      "min": 869.2878,
      "max": 943.6211
    },
    "throughput_tps": {
      "n": 3,
      "mean": 38.691,
      "median": 38.6631,
      "p50": 38.6631,
      "p95": 38.7597,
      "std": 0.057,
      "min": 38.6395,
      "max": 38.7704
    },
    "memory_gb": {
      "n": 3,
      "mean": 13.1082,
      "median": 13.1082,
      "p50": 13.1082,
      "p95": 13.1082,
      "std": 0.0,
      "min": 13.1082,
      "max": 13.1082
    },
    "prompt_tps": {
      "n": 3,
      "mean": 570.4371,
      "median": 579.7328,
      "p50": 579.7328,
      "p95": 588.0624,
      "std": 20.0496,
      "min": 542.5907,
      "max": 588.9879
    }
  },
  "warmup_policy": {
    "warmup_trials": 1,
    "warmup_discarded": true,
    "measured_trials_field": "num_trials",
    "description": "One full generate before timed trials; trials use seed+trial."
  }
}
