{
  "timestamp": "2026-05-25T05:54:56.576386+00:00",
  "hardware": "Mac M5 Max",
  "model_preset": "mistral-small-22b",
  "configuration": "w4",
  "weight_bits": 4,
  "optimizations": {
    "weight_bits": 4,
    "kv_cache": false,
    "prefill": false
  },
  "model_repo": "mlx-community/Mistral-Small-Instruct-2409-4bit",
  "kv_bits": null,
  "prefill_step_size": 512,
  "prompt_tokens": 512,
  "generation_tokens": 128,
  "num_trials": 3,
  "memory_gb": 13.1082,
  "ttft_ms": 499.3663,
  "throughput_tps": 39.3158,
  "prompt_tps": 1025.2994,
  "mlx_version": "0.31.2",
  "mlx_lm_version": "0.29.1",
  "platform": "macOS-26.4.1-arm64-arm-64bit-Mach-O",
  "status": "ok",
  "error": null,
  "article_id": 5,
  "run_label": null,
  "benchmark_mode": "standard",
  "draft_model_repo": null,
  "draft_preset": "qwen-1.5b",
  "num_draft_tokens": null,
  "draft_accept_rate": null,
  "prefix_cache_cold_ttft_ms": null,
  "prefix_cache_warm_ttft_ms": null,
  "prefix_system_tokens": null,
  "workload": null,
  "schema_version": 1,
  "trials": {
    "ttft_ms": [
      498.99325007572776,
      499.5016250759364,
      499.36633300967515
    ],
    "throughput_tps": [
      39.31581170999638,
      39.24769628034574,
      39.522515520535656
    ],
    "memory_gb": [
      13.108197472,
      13.108197472,
      13.108197472
    ],
    "prompt_tps": [
      1026.0659837027822,
      1025.021690214048,
      1025.299396765861
    ]
  },
  "stats": {
    "ttft_ms": {
      "n": 3,
      "mean": 499.2871,
      "median": 499.3663,
      "p50": 499.3663,
      "p95": 499.4881,
      "std": 0.215,
      "min": 498.9933,
      "max": 499.5016
    },
    "throughput_tps": {
      "n": 3,
      "mean": 39.362,
      "median": 39.3158,
      "p50": 39.3158,
      "p95": 39.5018,
      "std": 0.1169,
      "min": 39.2477,
      "max": 39.5225
    },
    "memory_gb": {
      "n": 3,
      "mean": 13.1082,
      "median": 13.1082,
      "p50": 13.1082,
      "p95": 13.1082,
      "std": 0.0,
      "min": 13.1082,
      "max": 13.1082
    },
    "prompt_tps": {
      "n": 3,
      "mean": 1025.4624,
      "median": 1025.2994,
      "p50": 1025.2994,
      "p95": 1025.9893,
      "std": 0.4416,
      "min": 1025.0217,
      "max": 1026.066
    }
  },
  "warmup_policy": {
    "warmup_trials": 1,
    "warmup_discarded": true,
    "measured_trials_field": "num_trials",
    "description": "One full generate before timed trials; trials use seed+trial."
  }
}
