{
  "timestamp": "2026-05-25T05:53:20.282932+00:00",
  "hardware": "Mac M5 Max",
  "model_preset": "mistral-small-22b",
  "configuration": "w8+kv_cache",
  "weight_bits": 8,
  "optimizations": {
    "weight_bits": 8,
    "kv_cache": true,
    "prefill": false
  },
  "model_repo": "mlx-community/Mistral-Small-Instruct-2409-8bit",
  "kv_bits": 4,
  "prefill_step_size": 512,
  "prompt_tokens": 512,
  "generation_tokens": 128,
  "num_trials": 3,
  "memory_gb": 24.2273,
  "ttft_ms": 576.2903,
  "throughput_tps": 21.6959,
  "prompt_tps": 888.4411,
  "mlx_version": "0.31.2",
  "mlx_lm_version": "0.29.1",
  "platform": "macOS-26.4.1-arm64-arm-64bit-Mach-O",
  "status": "ok",
  "error": null,
  "article_id": 5,
  "run_label": null,
  "benchmark_mode": "standard",
  "draft_model_repo": null,
  "draft_preset": "qwen-1.5b",
  "num_draft_tokens": null,
  "draft_accept_rate": null,
  "prefix_cache_cold_ttft_ms": null,
  "prefix_cache_warm_ttft_ms": null,
  "prefix_system_tokens": null,
  "workload": null,
  "schema_version": 1,
  "trials": {
    "ttft_ms": [
      576.2903331778944,
      575.9019579272717,
      577.9844589997083
    ],
    "throughput_tps": [
      21.695934934042278,
      21.64937863063656,
      21.71822523069317
    ],
    "memory_gb": [
      24.227330144,
      24.227330144,
      24.227330144
    ],
    "prompt_tps": [
      888.4410695848882,
      889.0402141412035,
      885.8369667691331
    ]
  },
  "stats": {
    "ttft_ms": {
      "n": 3,
      "mean": 576.7256,
      "median": 576.2903,
      "p50": 576.2903,
      "p95": 577.815,
      "std": 0.9042,
      "min": 575.902,
      "max": 577.9845
    },
    "throughput_tps": {
      "n": 3,
      "mean": 21.6878,
      "median": 21.6959,
      "p50": 21.6959,
      "p95": 21.716,
      "std": 0.0287,
      "min": 21.6494,
      "max": 21.7182
    },
    "memory_gb": {
      "n": 3,
      "mean": 24.2273,
      "median": 24.2273,
      "p50": 24.2273,
      "p95": 24.2273,
      "std": 0.0,
      "min": 24.2273,
      "max": 24.2273
    },
    "prompt_tps": {
      "n": 3,
      "mean": 887.7728,
      "median": 888.4411,
      "p50": 888.4411,
      "p95": 888.9803,
      "std": 1.3905,
      "min": 885.837,
      "max": 889.0402
    }
  },
  "warmup_policy": {
    "warmup_trials": 1,
    "warmup_discarded": true,
    "measured_trials_field": "num_trials",
    "description": "One full generate before timed trials; trials use seed+trial."
  }
}
