{
  "timestamp": "2026-05-25T05:54:33.618927+00:00",
  "hardware": "Mac M5 Max",
  "model_preset": "mistral-small-22b",
  "configuration": "w8+kv_cache+prefill",
  "weight_bits": 8,
  "optimizations": {
    "weight_bits": 8,
    "kv_cache": true,
    "prefill": true
  },
  "model_repo": "mlx-community/Mistral-Small-Instruct-2409-8bit",
  "kv_bits": 4,
  "prefill_step_size": 2048,
  "prompt_tokens": 512,
  "generation_tokens": 128,
  "num_trials": 3,
  "memory_gb": 24.2273,
  "ttft_ms": 578.5065,
  "throughput_tps": 21.666,
  "prompt_tps": 885.0375,
  "mlx_version": "0.31.2",
  "mlx_lm_version": "0.29.1",
  "platform": "macOS-26.4.1-arm64-arm-64bit-Mach-O",
  "status": "ok",
  "error": null,
  "article_id": 5,
  "run_label": null,
  "benchmark_mode": "standard",
  "draft_model_repo": null,
  "draft_preset": "qwen-1.5b",
  "num_draft_tokens": null,
  "draft_accept_rate": null,
  "prefix_cache_cold_ttft_ms": null,
  "prefix_cache_warm_ttft_ms": null,
  "prefix_system_tokens": null,
  "workload": null,
  "schema_version": 1,
  "trials": {
    "ttft_ms": [
      576.1169581674039,
      578.506541904062,
      579.6436669770628
    ],
    "throughput_tps": [
      21.67590903076687,
      21.666005824797974,
      21.59176319613399
    ],
    "memory_gb": [
      24.227330144,
      24.227330144,
      24.227330144
    ],
    "prompt_tps": [
      888.7084345314944,
      885.0375283827105,
      883.3012921027229
    ]
  },
  "stats": {
    "ttft_ms": {
      "n": 3,
      "mean": 578.0891,
      "median": 578.5065,
      "p50": 578.5065,
      "p95": 579.53,
      "std": 1.4697,
      "min": 576.117,
      "max": 579.6437
    },
    "throughput_tps": {
      "n": 3,
      "mean": 21.6446,
      "median": 21.666,
      "p50": 21.666,
      "p95": 21.6749,
      "std": 0.0376,
      "min": 21.5918,
      "max": 21.6759
    },
    "memory_gb": {
      "n": 3,
      "mean": 24.2273,
      "median": 24.2273,
      "p50": 24.2273,
      "p95": 24.2273,
      "std": 0.0,
      "min": 24.2273,
      "max": 24.2273
    },
    "prompt_tps": {
      "n": 3,
      "mean": 885.6824,
      "median": 885.0375,
      "p50": 885.0375,
      "p95": 888.3413,
      "std": 2.2541,
      "min": 883.3013,
      "max": 888.7084
    }
  },
  "warmup_policy": {
    "warmup_trials": 1,
    "warmup_discarded": true,
    "measured_trials_field": "num_trials",
    "description": "One full generate before timed trials; trials use seed+trial."
  }
}
