{
  "timestamp": "2026-05-23T15:23:24.092154+00:00",
  "hardware": "Mac M5 Max",
  "model_preset": "mistral-small-22b",
  "configuration": "w8+kv_cache",
  "weight_bits": 8,
  "optimizations": {
    "weight_bits": 8,
    "kv_cache": true,
    "prefill": false
  },
  "model_repo": "mlx-community/Mistral-Small-Instruct-2409-8bit",
  "kv_bits": 4,
  "prefill_step_size": 512,
  "prompt_tokens": 512,
  "generation_tokens": 128,
  "num_trials": 3,
  "memory_gb": 24.2273,
  "ttft_ms": 579.802,
  "throughput_tps": 21.6199,
  "prompt_tps": 883.0601,
  "mlx_version": "0.31.2",
  "mlx_lm_version": "0.29.1",
  "platform": "macOS-26.4.1-arm64-arm-64bit-Mach-O",
  "status": "ok",
  "error": null,
  "article_id": 5,
  "run_label": null,
  "benchmark_mode": "standard",
  "draft_model_repo": null,
  "draft_preset": "qwen-1.5b",
  "num_draft_tokens": null,
  "draft_accept_rate": null,
  "prefix_cache_cold_ttft_ms": null,
  "prefix_cache_warm_ttft_ms": null,
  "prefix_system_tokens": null,
  "workload": null,
  "schema_version": 1,
  "trials": {
    "ttft_ms": [
      578.9336250163615,
      579.8019580543041,
      580.2900830749422
    ],
    "throughput_tps": [
      21.619857248049794,
      21.540607078640022,
      21.659093466929463
    ],
    "memory_gb": [
      24.227330144,
      24.227330144,
      24.227330144
    ],
    "prompt_tps": [
      884.3846304237902,
      883.0601430153263,
      882.3173356451745
    ]
  },
  "stats": {
    "ttft_ms": {
      "n": 3,
      "mean": 579.6752,
      "median": 579.802,
      "p50": 579.802,
      "p95": 580.2413,
      "std": 0.561,
      "min": 578.9336,
      "max": 580.2901
    },
    "throughput_tps": {
      "n": 3,
      "mean": 21.6065,
      "median": 21.6199,
      "p50": 21.6199,
      "p95": 21.6552,
      "std": 0.0493,
      "min": 21.5406,
      "max": 21.6591
    },
    "memory_gb": {
      "n": 3,
      "mean": 24.2273,
      "median": 24.2273,
      "p50": 24.2273,
      "p95": 24.2273,
      "std": 0.0,
      "min": 24.2273,
      "max": 24.2273
    },
    "prompt_tps": {
      "n": 3,
      "mean": 883.254,
      "median": 883.0601,
      "p50": 883.0601,
      "p95": 884.2522,
      "std": 0.855,
      "min": 882.3173,
      "max": 884.3846
    }
  },
  "warmup_policy": {
    "warmup_trials": 1,
    "warmup_discarded": true,
    "measured_trials_field": "num_trials",
    "description": "One full generate before timed trials; trials use seed+trial."
  }
}
