{
  "timestamp": "2026-05-25T05:53:56.660341+00:00",
  "hardware": "Mac M5 Max",
  "model_preset": "mistral-small-22b",
  "configuration": "w8+prefill",
  "weight_bits": 8,
  "optimizations": {
    "weight_bits": 8,
    "kv_cache": false,
    "prefill": true
  },
  "model_repo": "mlx-community/Mistral-Small-Instruct-2409-8bit",
  "kv_bits": null,
  "prefill_step_size": 2048,
  "prompt_tokens": 512,
  "generation_tokens": 128,
  "num_trials": 3,
  "memory_gb": 24.2273,
  "ttft_ms": 573.7497,
  "throughput_tps": 21.8197,
  "prompt_tps": 892.3751,
  "mlx_version": "0.31.2",
  "mlx_lm_version": "0.29.1",
  "platform": "macOS-26.4.1-arm64-arm-64bit-Mach-O",
  "status": "ok",
  "error": null,
  "article_id": 5,
  "run_label": null,
  "benchmark_mode": "standard",
  "draft_model_repo": null,
  "draft_preset": "qwen-1.5b",
  "num_draft_tokens": null,
  "draft_accept_rate": null,
  "prefix_cache_cold_ttft_ms": null,
  "prefix_cache_warm_ttft_ms": null,
  "prefix_system_tokens": null,
  "workload": null,
  "schema_version": 1,
  "trials": {
    "ttft_ms": [
      574.8706657905132,
      573.710790835321,
      573.7497499212623
    ],
    "throughput_tps": [
      21.793743263582336,
      21.84616554472323,
      21.819728881588055
    ],
    "memory_gb": [
      24.227330144,
      24.227330144,
      24.227330144
    ],
    "prompt_tps": [
      890.635112327294,
      892.4357153096768,
      892.3751166257825
    ]
  },
  "stats": {
    "ttft_ms": {
      "n": 3,
      "mean": 574.1104,
      "median": 573.7497,
      "p50": 573.7497,
      "p95": 574.7586,
      "std": 0.5378,
      "min": 573.7108,
      "max": 574.8707
    },
    "throughput_tps": {
      "n": 3,
      "mean": 21.8199,
      "median": 21.8197,
      "p50": 21.8197,
      "p95": 21.8435,
      "std": 0.0214,
      "min": 21.7937,
      "max": 21.8462
    },
    "memory_gb": {
      "n": 3,
      "mean": 24.2273,
      "median": 24.2273,
      "p50": 24.2273,
      "p95": 24.2273,
      "std": 0.0,
      "min": 24.2273,
      "max": 24.2273
    },
    "prompt_tps": {
      "n": 3,
      "mean": 891.8153,
      "median": 892.3751,
      "p50": 892.3751,
      "p95": 892.4297,
      "std": 0.8349,
      "min": 890.6351,
      "max": 892.4357
    }
  },
  "warmup_policy": {
    "warmup_trials": 1,
    "warmup_discarded": true,
    "measured_trials_field": "num_trials",
    "description": "One full generate before timed trials; trials use seed+trial."
  }
}
