{
  "timestamp": "2026-05-23T15:24:01.827957+00:00",
  "hardware": "Mac M5 Max",
  "model_preset": "mistral-small-22b",
  "configuration": "w8+prefill",
  "weight_bits": 8,
  "optimizations": {
    "weight_bits": 8,
    "kv_cache": false,
    "prefill": true
  },
  "model_repo": "mlx-community/Mistral-Small-Instruct-2409-8bit",
  "kv_bits": null,
  "prefill_step_size": 2048,
  "prompt_tokens": 512,
  "generation_tokens": 128,
  "num_trials": 3,
  "memory_gb": 24.2273,
  "ttft_ms": 929.7758,
  "throughput_tps": 22.0113,
  "prompt_tps": 550.6704,
  "mlx_version": "0.31.2",
  "mlx_lm_version": "0.29.1",
  "platform": "macOS-26.4.1-arm64-arm-64bit-Mach-O",
  "status": "ok",
  "error": null,
  "article_id": 5,
  "run_label": null,
  "benchmark_mode": "standard",
  "draft_model_repo": null,
  "draft_preset": "qwen-1.5b",
  "num_draft_tokens": null,
  "draft_accept_rate": null,
  "prefix_cache_cold_ttft_ms": null,
  "prefix_cache_warm_ttft_ms": null,
  "prefix_system_tokens": null,
  "workload": null,
  "schema_version": 1,
  "trials": {
    "ttft_ms": [
      885.3297499008476,
      929.7758329194039,
      981.5859168302268
    ],
    "throughput_tps": [
      21.95134023684544,
      22.01132510237947,
      22.219689559588325
    ],
    "memory_gb": [
      24.227330144,
      24.227330144,
      24.227330144
    ],
    "prompt_tps": [
      578.3155937743438,
      550.6703679233851,
      521.6048755603271
    ]
  },
  "stats": {
    "ttft_ms": {
      "n": 3,
      "mean": 932.2305,
      "median": 929.7758,
      "p50": 929.7758,
      "p95": 976.4049,
      "std": 39.3347,
      "min": 885.3297,
      "max": 981.5859
    },
    "throughput_tps": {
      "n": 3,
      "mean": 22.0608,
      "median": 22.0113,
      "p50": 22.0113,
      "p95": 22.1989,
      "std": 0.115,
      "min": 21.9513,
      "max": 22.2197
    },
    "memory_gb": {
      "n": 3,
      "mean": 24.2273,
      "median": 24.2273,
      "p50": 24.2273,
      "p95": 24.2273,
      "std": 0.0,
      "min": 24.2273,
      "max": 24.2273
    },
    "prompt_tps": {
      "n": 3,
      "mean": 550.1969,
      "median": 550.6704,
      "p50": 550.6704,
      "p95": 575.5511,
      "std": 23.1545,
      "min": 521.6049,
      "max": 578.3156
    }
  },
  "warmup_policy": {
    "warmup_trials": 1,
    "warmup_discarded": true,
    "measured_trials_field": "num_trials",
    "description": "One full generate before timed trials; trials use seed+trial."
  }
}
