{
  "timestamp": "2026-05-25T05:52:43.839432+00:00",
  "hardware": "Mac M5 Max",
  "model_preset": "mistral-small-22b",
  "configuration": "w8",
  "weight_bits": 8,
  "optimizations": {
    "weight_bits": 8,
    "kv_cache": false,
    "prefill": false
  },
  "model_repo": "mlx-community/Mistral-Small-Instruct-2409-8bit",
  "kv_bits": null,
  "prefill_step_size": 512,
  "prompt_tokens": 512,
  "generation_tokens": 128,
  "num_trials": 3,
  "memory_gb": 24.2273,
  "ttft_ms": 574.3105,
  "throughput_tps": 21.8101,
  "prompt_tps": 891.5037,
  "mlx_version": "0.31.2",
  "mlx_lm_version": "0.29.1",
  "platform": "macOS-26.4.1-arm64-arm-64bit-Mach-O",
  "status": "ok",
  "error": null,
  "article_id": 5,
  "run_label": null,
  "benchmark_mode": "standard",
  "draft_model_repo": null,
  "draft_preset": "qwen-1.5b",
  "num_draft_tokens": null,
  "draft_accept_rate": null,
  "prefix_cache_cold_ttft_ms": null,
  "prefix_cache_warm_ttft_ms": null,
  "prefix_system_tokens": null,
  "workload": null,
  "schema_version": 1,
  "trials": {
    "ttft_ms": [
      574.3105420842767,
      574.1708748973906,
      575.5218751728535
    ],
    "throughput_tps": [
      21.786612428689164,
      21.81008668504398,
      21.832825162542044
    ],
    "memory_gb": [
      24.227330144,
      24.227330144,
      24.227330144
    ],
    "prompt_tps": [
      891.5037466348076,
      891.7206051099316,
      889.6273488235782
    ]
  },
  "stats": {
    "ttft_ms": {
      "n": 3,
      "mean": 574.6678,
      "median": 574.3105,
      "p50": 574.3105,
      "p95": 575.4007,
      "std": 0.6066,
      "min": 574.1709,
      "max": 575.5219
    },
    "throughput_tps": {
      "n": 3,
      "mean": 21.8098,
      "median": 21.8101,
      "p50": 21.8101,
      "p95": 21.8306,
      "std": 0.0189,
      "min": 21.7866,
      "max": 21.8328
    },
    "memory_gb": {
      "n": 3,
      "mean": 24.2273,
      "median": 24.2273,
      "p50": 24.2273,
      "p95": 24.2273,
      "std": 0.0,
      "min": 24.2273,
      "max": 24.2273
    },
    "prompt_tps": {
      "n": 3,
      "mean": 890.9506,
      "median": 891.5037,
      "p50": 891.5037,
      "p95": 891.6989,
      "std": 0.9398,
      "min": 889.6273,
      "max": 891.7206
    }
  },
  "warmup_policy": {
    "warmup_trials": 1,
    "warmup_discarded": true,
    "measured_trials_field": "num_trials",
    "description": "One full generate before timed trials; trials use seed+trial."
  }
}
