{
  "timestamp": "2026-05-23T15:22:47.651460+00:00",
  "hardware": "Mac M5 Max",
  "model_preset": "mistral-small-22b",
  "configuration": "w8",
  "weight_bits": 8,
  "optimizations": {
    "weight_bits": 8,
    "kv_cache": false,
    "prefill": false
  },
  "model_repo": "mlx-community/Mistral-Small-Instruct-2409-8bit",
  "kv_bits": null,
  "prefill_step_size": 512,
  "prompt_tokens": 512,
  "generation_tokens": 128,
  "num_trials": 3,
  "memory_gb": 24.2273,
  "ttft_ms": 574.7221,
  "throughput_tps": 21.8327,
  "prompt_tps": 890.8654,
  "mlx_version": "0.31.2",
  "mlx_lm_version": "0.29.1",
  "platform": "macOS-26.4.1-arm64-arm-64bit-Mach-O",
  "status": "ok",
  "error": null,
  "article_id": 5,
  "run_label": null,
  "benchmark_mode": "standard",
  "draft_model_repo": null,
  "draft_preset": "qwen-1.5b",
  "num_draft_tokens": null,
  "draft_accept_rate": null,
  "prefix_cache_cold_ttft_ms": null,
  "prefix_cache_warm_ttft_ms": null,
  "prefix_system_tokens": null,
  "workload": null,
  "schema_version": 1,
  "trials": {
    "ttft_ms": [
      573.0720828287303,
      576.6139999032021,
      574.7220839839429
    ],
    "throughput_tps": [
      21.771424897687627,
      21.832703201446293,
      21.84265521291203
    ],
    "memory_gb": [
      24.227330144,
      24.227330144,
      24.227330144
    ],
    "prompt_tps": [
      893.4303647679476,
      887.9423671398041,
      890.8653665278412
    ]
  },
  "stats": {
    "ttft_ms": {
      "n": 3,
      "mean": 574.8027,
      "median": 574.7221,
      "p50": 574.7221,
      "p95": 576.4248,
      "std": 1.4471,
      "min": 573.0721,
      "max": 576.614
    },
    "throughput_tps": {
      "n": 3,
      "mean": 21.8156,
      "median": 21.8327,
      "p50": 21.8327,
      "p95": 21.8417,
      "std": 0.0315,
      "min": 21.7714,
      "max": 21.8427
    },
    "memory_gb": {
      "n": 3,
      "mean": 24.2273,
      "median": 24.2273,
      "p50": 24.2273,
      "p95": 24.2273,
      "std": 0.0,
      "min": 24.2273,
      "max": 24.2273
    },
    "prompt_tps": {
      "n": 3,
      "mean": 890.746,
      "median": 890.8654,
      "p50": 890.8654,
      "p95": 893.1739,
      "std": 2.2421,
      "min": 887.9424,
      "max": 893.4304
    }
  },
  "warmup_policy": {
    "warmup_trials": 1,
    "warmup_discarded": true,
    "measured_trials_field": "num_trials",
    "description": "One full generate before timed trials; trials use seed+trial."
  }
}
