{
  "timestamp": "2026-05-25T04:37:31.579160+00:00",
  "hardware": "Mac M5 Max",
  "model_preset": "llama-3.2-1b",
  "configuration": "fp16",
  "weight_bits": 16,
  "optimizations": {
    "weight_bits": 16,
    "kv_cache": false,
    "prefill": false
  },
  "model_repo": "mlx-community/Llama-3.2-1B-Instruct-bf16",
  "kv_bits": null,
  "prefill_step_size": 512,
  "prompt_tokens": 512,
  "generation_tokens": 128,
  "num_trials": 3,
  "memory_gb": 2.844,
  "ttft_ms": 81.2106,
  "throughput_tps": 67.3535,
  "prompt_tps": 6304.597,
  "mlx_version": "0.31.2",
  "mlx_lm_version": "0.29.1",
  "platform": "macOS-26.4.1-arm64-arm-64bit-Mach-O",
  "status": "ok",
  "error": null,
  "article_id": 4,
  "run_label": null,
  "benchmark_mode": "standard",
  "draft_model_repo": null,
  "draft_preset": "llama-3.2-1b",
  "num_draft_tokens": null,
  "draft_accept_rate": null,
  "prefix_cache_cold_ttft_ms": null,
  "prefix_cache_warm_ttft_ms": null,
  "prefix_system_tokens": null,
  "workload": null,
  "schema_version": 1,
  "trials": {
    "ttft_ms": [
      52.6078341063112,
      81.21058298274875,
      449.499208945781
    ],
    "throughput_tps": [
      182.24681132085288,
      52.66608510933244,
      67.35352943662775
    ],
    "memory_gb": [
      2.844008568,
      2.844008568,
      2.844008568
    ],
    "prompt_tps": [
      9732.390787374707,
      6304.597026581649,
      1139.0453860882276
    ]
  },
  "stats": {
    "ttft_ms": {
      "n": 3,
      "mean": 194.4392,
      "median": 81.2106,
      "p50": 81.2106,
      "p95": 412.6703,
      "std": 180.7323,
      "min": 52.6078,
      "max": 449.4992
    },
    "throughput_tps": {
      "n": 3,
      "mean": 100.7555,
      "median": 67.3535,
      "p50": 67.3535,
      "p95": 170.7575,
      "std": 57.9342,
      "min": 52.6661,
      "max": 182.2468
    },
    "memory_gb": {
      "n": 3,
      "mean": 2.844,
      "median": 2.844,
      "p50": 2.844,
      "p95": 2.844,
      "std": 0.0,
      "min": 2.844,
      "max": 2.844
    },
    "prompt_tps": {
      "n": 3,
      "mean": 5725.3444,
      "median": 6304.597,
      "p50": 6304.597,
      "p95": 9389.6114,
      "std": 3532.0482,
      "min": 1139.0454,
      "max": 9732.3908
    }
  },
  "warmup_policy": {
    "warmup_trials": 1,
    "warmup_discarded": true,
    "measured_trials_field": "num_trials",
    "description": "One full generate before timed trials; trials use seed+trial."
  }
}
