{
  "timestamp": "2026-05-23T03:37:35.704455+00:00",
  "hardware": "Mac M5 Max",
  "model_preset": "llama-3.2-1b",
  "configuration": "fp16",
  "weight_bits": 16,
  "optimizations": {
    "weight_bits": 16,
    "kv_cache": false,
    "prefill": false
  },
  "model_repo": "mlx-community/Llama-3.2-1B-Instruct-bf16",
  "kv_bits": null,
  "prefill_step_size": 512,
  "prompt_tokens": 512,
  "generation_tokens": 128,
  "num_trials": 3,
  "memory_gb": 2.844,
  "ttft_ms": 32.237,
  "throughput_tps": 192.1004,
  "prompt_tps": 15882.3712,
  "mlx_version": "0.31.2",
  "mlx_lm_version": "0.29.1",
  "platform": "macOS-26.4.1-arm64-arm-64bit-Mach-O",
  "status": "ok",
  "error": null,
  "article_id": 4,
  "run_label": null,
  "benchmark_mode": "standard",
  "draft_model_repo": null,
  "draft_preset": "qwen-0.5b",
  "num_draft_tokens": null,
  "draft_accept_rate": null,
  "prefix_cache_cold_ttft_ms": null,
  "prefix_cache_warm_ttft_ms": null,
  "prefix_system_tokens": null,
  "workload": null,
  "schema_version": 1,
  "trials": {
    "ttft_ms": [
      31.160249840468172,
      32.99845801666379,
      32.23700006492436
    ],
    "throughput_tps": [
      192.6608750533564,
      191.3453476498426,
      192.10042039842233
    ],
    "memory_gb": [
      2.844008568,
      2.844008568,
      2.844008568
    ],
    "prompt_tps": [
      16431.190462890954,
      15515.876521910408,
      15882.371156399393
    ]
  },
  "stats": {
    "ttft_ms": {
      "n": 3,
      "mean": 32.1319,
      "median": 32.237,
      "p50": 32.237,
      "p95": 32.9223,
      "std": 0.7541,
      "min": 31.1602,
      "max": 32.9985
    },
    "throughput_tps": {
      "n": 3,
      "mean": 192.0355,
      "median": 192.1004,
      "p50": 192.1004,
      "p95": 192.6048,
      "std": 0.539,
      "min": 191.3453,
      "max": 192.6609
    },
    "memory_gb": {
      "n": 3,
      "mean": 2.844,
      "median": 2.844,
      "p50": 2.844,
      "p95": 2.844,
      "std": 0.0,
      "min": 2.844,
      "max": 2.844
    },
    "prompt_tps": {
      "n": 3,
      "mean": 15943.146,
      "median": 15882.3712,
      "p50": 15882.3712,
      "p95": 16376.3085,
      "std": 376.1384,
      "min": 15515.8765,
      "max": 16431.1905
    }
  },
  "warmup_policy": {
    "warmup_trials": 1,
    "warmup_discarded": true,
    "measured_trials_field": "num_trials",
    "description": "One full generate before timed trials; trials use seed+trial."
  }
}
