{
  "timestamp": "2026-05-23T03:38:27.068151+00:00",
  "hardware": "Mac M5 Max",
  "model_preset": "llama-3.2-1b",
  "configuration": "w4",
  "weight_bits": 4,
  "optimizations": {
    "weight_bits": 4,
    "kv_cache": false,
    "prefill": false
  },
  "model_repo": "mlx-community/Llama-3.2-1B-Instruct-4bit",
  "kv_bits": null,
  "prefill_step_size": 512,
  "prompt_tokens": 512,
  "generation_tokens": 128,
  "num_trials": 3,
  "memory_gb": 1.096,
  "ttft_ms": 31.1435,
  "throughput_tps": 537.8999,
  "prompt_tps": 16440.0276,
  "mlx_version": "0.31.2",
  "mlx_lm_version": "0.29.1",
  "platform": "macOS-26.4.1-arm64-arm-64bit-Mach-O",
  "status": "ok",
  "error": null,
  "article_id": 4,
  "run_label": null,
  "benchmark_mode": "standard",
  "draft_model_repo": null,
  "draft_preset": "qwen-0.5b",
  "num_draft_tokens": null,
  "draft_accept_rate": null,
  "prefix_cache_cold_ttft_ms": null,
  "prefix_cache_warm_ttft_ms": null,
  "prefix_system_tokens": null,
  "workload": null,
  "schema_version": 1,
  "trials": {
    "ttft_ms": [
      31.3403750769794,
      31.14350000396371,
      30.74883297085762
    ],
    "throughput_tps": [
      532.5440390087449,
      543.7482832984982,
      537.899879274431
    ],
    "memory_gb": [
      1.095966864,
      1.095966864,
      1.095966864
    ],
    "prompt_tps": [
      16336.754066995258,
      16440.02761201652,
      16651.038447060768
    ]
  },
  "stats": {
    "ttft_ms": {
      "n": 3,
      "mean": 31.0776,
      "median": 31.1435,
      "p50": 31.1435,
      "p95": 31.3207,
      "std": 0.246,
      "min": 30.7488,
      "max": 31.3404
    },
    "throughput_tps": {
      "n": 3,
      "mean": 538.0641,
      "median": 537.8999,
      "p50": 537.8999,
      "p95": 543.1634,
      "std": 4.5756,
      "min": 532.544,
      "max": 543.7483
    },
    "memory_gb": {
      "n": 3,
      "mean": 1.096,
      "median": 1.096,
      "p50": 1.096,
      "p95": 1.096,
      "std": 0.0,
      "min": 1.096,
      "max": 1.096
    },
    "prompt_tps": {
      "n": 3,
      "mean": 16475.94,
      "median": 16440.0276,
      "p50": 16440.0276,
      "p95": 16629.9374,
      "std": 130.7949,
      "min": 16336.7541,
      "max": 16651.0384
    }
  },
  "warmup_policy": {
    "warmup_trials": 1,
    "warmup_discarded": true,
    "measured_trials_field": "num_trials",
    "description": "One full generate before timed trials; trials use seed+trial."
  }
}
