{
  "timestamp": "2026-05-25T04:37:53.385655+00:00",
  "hardware": "Mac M5 Max",
  "model_preset": "llama-3.2-1b",
  "configuration": "w4",
  "weight_bits": 4,
  "optimizations": {
    "weight_bits": 4,
    "kv_cache": false,
    "prefill": false
  },
  "model_repo": "mlx-community/Llama-3.2-1B-Instruct-4bit",
  "kv_bits": null,
  "prefill_step_size": 512,
  "prompt_tokens": 512,
  "generation_tokens": 128,
  "num_trials": 3,
  "memory_gb": 1.162,
  "ttft_ms": 42.2512,
  "throughput_tps": 430.147,
  "prompt_tps": 12118.0088,
  "mlx_version": "0.31.2",
  "mlx_lm_version": "0.29.1",
  "platform": "macOS-26.4.1-arm64-arm-64bit-Mach-O",
  "status": "ok",
  "error": null,
  "article_id": 4,
  "run_label": null,
  "benchmark_mode": "standard",
  "draft_model_repo": null,
  "draft_preset": "llama-3.2-1b",
  "num_draft_tokens": null,
  "draft_accept_rate": null,
  "prefix_cache_cold_ttft_ms": null,
  "prefix_cache_warm_ttft_ms": null,
  "prefix_system_tokens": null,
  "workload": null,
  "schema_version": 1,
  "trials": {
    "ttft_ms": [
      37.13804204016924,
      42.251165956258774,
      56.23079184442759
    ],
    "throughput_tps": [
      495.18755868175106,
      430.14697437986194,
      305.76750924668573
    ],
    "memory_gb": [
      1.16196164,
      1.16196164,
      1.16196164
    ],
    "prompt_tps": [
      13786.402617731184,
      12118.008779451355,
      9105.331495536082
    ]
  },
  "stats": {
    "ttft_ms": {
      "n": 3,
      "mean": 45.2067,
      "median": 42.2512,
      "p50": 42.2512,
      "p95": 54.8328,
      "std": 8.0699,
      "min": 37.138,
      "max": 56.2308
    },
    "throughput_tps": {
      "n": 3,
      "mean": 410.3673,
      "median": 430.147,
      "p50": 430.147,
      "p95": 488.6835,
      "std": 78.585,
      "min": 305.7675,
      "max": 495.1876
    },
    "memory_gb": {
      "n": 3,
      "mean": 1.162,
      "median": 1.162,
      "p50": 1.162,
      "p95": 1.162,
      "std": 0.0,
      "min": 1.162,
      "max": 1.162
    },
    "prompt_tps": {
      "n": 3,
      "mean": 11669.9143,
      "median": 12118.0088,
      "p50": 12118.0088,
      "p95": 13619.5632,
      "std": 1937.1282,
      "min": 9105.3315,
      "max": 13786.4026
    }
  },
  "warmup_policy": {
    "warmup_trials": 1,
    "warmup_discarded": true,
    "measured_trials_field": "num_trials",
    "description": "One full generate before timed trials; trials use seed+trial."
  }
}
