{
  "timestamp": "2026-05-25T04:37:44.411470+00:00",
  "hardware": "Mac M5 Max",
  "model_preset": "llama-3.2-1b",
  "configuration": "w8",
  "weight_bits": 8,
  "optimizations": {
    "weight_bits": 8,
    "kv_cache": false,
    "prefill": false
  },
  "model_repo": "mlx-community/Llama-3.2-1B-Instruct-8bit",
  "kv_bits": null,
  "prefill_step_size": 512,
  "prompt_tokens": 512,
  "generation_tokens": 128,
  "num_trials": 3,
  "memory_gb": 1.8632,
  "ttft_ms": 94.1042,
  "throughput_tps": 89.5529,
  "prompt_tps": 5440.7769,
  "mlx_version": "0.31.2",
  "mlx_lm_version": "0.29.1",
  "platform": "macOS-26.4.1-arm64-arm-64bit-Mach-O",
  "status": "ok",
  "error": null,
  "article_id": 4,
  "run_label": null,
  "benchmark_mode": "standard",
  "draft_model_repo": null,
  "draft_preset": "llama-3.2-1b",
  "num_draft_tokens": null,
  "draft_accept_rate": null,
  "prefix_cache_cold_ttft_ms": null,
  "prefix_cache_warm_ttft_ms": null,
  "prefix_system_tokens": null,
  "workload": null,
  "schema_version": 1,
  "trials": {
    "ttft_ms": [
      48.7662919331342,
      94.10420805215836,
      396.34537510573864
    ],
    "throughput_tps": [
      265.1925003043881,
      61.32857213328517,
      89.55293584577508
    ],
    "memory_gb": [
      1.761501364,
      1.812832436,
      1.863196876
    ],
    "prompt_tps": [
      10499.055386495815,
      5440.776885516299,
      1291.802635172434
    ]
  },
  "stats": {
    "ttft_ms": {
      "n": 3,
      "mean": 179.7386,
      "median": 94.1042,
      "p50": 94.1042,
      "p95": 366.1213,
      "std": 154.2784,
      "min": 48.7663,
      "max": 396.3454
    },
    "throughput_tps": {
      "n": 3,
      "mean": 138.6913,
      "median": 89.5529,
      "p50": 89.5529,
      "p95": 247.6285,
      "std": 90.1889,
      "min": 61.3286,
      "max": 265.1925
    },
    "memory_gb": {
      "n": 3,
      "mean": 1.8125,
      "median": 1.8128,
      "p50": 1.8128,
      "p95": 1.8582,
      "std": 0.0415,
      "min": 1.7615,
      "max": 1.8632
    },
    "prompt_tps": {
      "n": 3,
      "mean": 5743.8783,
      "median": 5440.7769,
      "p50": 5440.7769,
      "p95": 9993.2275,
      "std": 3764.9505,
      "min": 1291.8026,
      "max": 10499.0554
    }
  },
  "warmup_policy": {
    "warmup_trials": 1,
    "warmup_discarded": true,
    "measured_trials_field": "num_trials",
    "description": "One full generate before timed trials; trials use seed+trial."
  }
}
