{
  "timestamp": "2026-05-23T03:38:06.670230+00:00",
  "hardware": "Mac M5 Max",
  "model_preset": "llama-3.2-1b",
  "configuration": "w8",
  "weight_bits": 8,
  "optimizations": {
    "weight_bits": 8,
    "kv_cache": false,
    "prefill": false
  },
  "model_repo": "mlx-community/Llama-3.2-1B-Instruct-8bit",
  "kv_bits": null,
  "prefill_step_size": 512,
  "prompt_tokens": 512,
  "generation_tokens": 128,
  "num_trials": 3,
  "memory_gb": 1.7521,
  "ttft_ms": 33.2369,
  "throughput_tps": 327.6245,
  "prompt_tps": 15404.558,
  "mlx_version": "0.31.2",
  "mlx_lm_version": "0.29.1",
  "platform": "macOS-26.4.1-arm64-arm-64bit-Mach-O",
  "status": "ok",
  "error": null,
  "article_id": 4,
  "run_label": null,
  "benchmark_mode": "standard",
  "draft_model_repo": null,
  "draft_preset": "qwen-0.5b",
  "num_draft_tokens": null,
  "draft_accept_rate": null,
  "prefix_cache_cold_ttft_ms": null,
  "prefix_cache_warm_ttft_ms": null,
  "prefix_system_tokens": null,
  "workload": null,
  "schema_version": 1,
  "trials": {
    "ttft_ms": [
      32.57558401674032,
      33.23691594414413,
      33.99687516503036
    ],
    "throughput_tps": [
      327.62453966177304,
      324.48684185980176,
      327.971763654486
    ],
    "memory_gb": [
      1.720131752,
      1.721704616,
      1.752080552
    ],
    "prompt_tps": [
      15717.29304183426,
      15404.558017971192,
      15060.207666575487
    ]
  },
  "stats": {
    "ttft_ms": {
      "n": 3,
      "mean": 33.2698,
      "median": 33.2369,
      "p50": 33.2369,
      "p95": 33.9209,
      "std": 0.5807,
      "min": 32.5756,
      "max": 33.9969
    },
    "throughput_tps": {
      "n": 3,
      "mean": 326.6944,
      "median": 327.6245,
      "p50": 327.6245,
      "p95": 327.937,
      "std": 1.5674,
      "min": 324.4868,
      "max": 327.9718
    },
    "memory_gb": {
      "n": 3,
      "mean": 1.7313,
      "median": 1.7217,
      "p50": 1.7217,
      "p95": 1.749,
      "std": 0.0147,
      "min": 1.7201,
      "max": 1.7521
    },
    "prompt_tps": {
      "n": 3,
      "mean": 15394.0196,
      "median": 15404.558,
      "p50": 15404.558,
      "p95": 15686.0195,
      "std": 268.3575,
      "min": 15060.2077,
      "max": 15717.293
    }
  },
  "warmup_policy": {
    "warmup_trials": 1,
    "warmup_discarded": true,
    "measured_trials_field": "num_trials",
    "description": "One full generate before timed trials; trials use seed+trial."
  }
}
