{
  "timestamp": "2026-05-25T05:29:18.453731+00:00",
  "hardware": "Mac M5 Max",
  "model_preset": "deepseek-r1-qwen-7b",
  "configuration": "fp16+kv_cache+prefill",
  "weight_bits": 16,
  "optimizations": {
    "weight_bits": 16,
    "kv_cache": true,
    "prefill": true
  },
  "model_repo": "mlx-community/DeepSeek-R1-Distill-Qwen-7B-bf16",
  "kv_bits": 4,
  "prefill_step_size": 2048,
  "prompt_tokens": 512,
  "generation_tokens": 128,
  "num_trials": 3,
  "memory_gb": 15.7099,
  "ttft_ms": 176.1167,
  "throughput_tps": 36.2298,
  "prompt_tps": 2907.1638,
  "mlx_version": "0.31.2",
  "mlx_lm_version": "0.29.1",
  "platform": "macOS-26.4.1-arm64-arm-64bit-Mach-O",
  "status": "ok",
  "error": null,
  "article_id": 5,
  "run_label": null,
  "benchmark_mode": "standard",
  "draft_model_repo": null,
  "draft_preset": "qwen-0.5b",
  "num_draft_tokens": null,
  "draft_accept_rate": null,
  "prefix_cache_cold_ttft_ms": null,
  "prefix_cache_warm_ttft_ms": null,
  "prefix_system_tokens": null,
  "workload": null,
  "schema_version": 1,
  "trials": {
    "ttft_ms": [
      185.12775003910065,
      175.4046669229865,
      176.11666698940098
    ],
    "throughput_tps": [
      36.141973716080145,
      36.35122238081574,
      36.22982701444235
    ],
    "memory_gb": [
      15.70987732,
      15.70987732,
      15.70987732
    ],
    "prompt_tps": [
      2765.657768172848,
      2918.964523474165,
      2907.1638065397474
    ]
  },
  "stats": {
    "ttft_ms": {
      "n": 3,
      "mean": 178.883,
      "median": 176.1167,
      "p50": 176.1167,
      "p95": 184.2266,
      "std": 4.4252,
      "min": 175.4047,
      "max": 185.1278
    },
    "throughput_tps": {
      "n": 3,
      "mean": 36.241,
      "median": 36.2298,
      "p50": 36.2298,
      "p95": 36.3391,
      "std": 0.0858,
      "min": 36.142,
      "max": 36.3512
    },
    "memory_gb": {
      "n": 3,
      "mean": 15.7099,
      "median": 15.7099,
      "p50": 15.7099,
      "p95": 15.7099,
      "std": 0.0,
      "min": 15.7099,
      "max": 15.7099
    },
    "prompt_tps": {
      "n": 3,
      "mean": 2863.9287,
      "median": 2907.1638,
      "p50": 2907.1638,
      "p95": 2917.7845,
      "std": 69.6548,
      "min": 2765.6578,
      "max": 2918.9645
    }
  },
  "warmup_policy": {
    "warmup_trials": 1,
    "warmup_discarded": true,
    "measured_trials_field": "num_trials",
    "description": "One full generate before timed trials; trials use seed+trial."
  }
}
