{
  "timestamp": "2026-05-25T05:28:55.082317+00:00",
  "hardware": "Mac M5 Max",
  "model_preset": "deepseek-r1-qwen-7b",
  "configuration": "fp16+prefill",
  "weight_bits": 16,
  "optimizations": {
    "weight_bits": 16,
    "kv_cache": false,
    "prefill": true
  },
  "model_repo": "mlx-community/DeepSeek-R1-Distill-Qwen-7B-bf16",
  "kv_bits": null,
  "prefill_step_size": 2048,
  "prompt_tokens": 512,
  "generation_tokens": 128,
  "num_trials": 3,
  "memory_gb": 15.7099,
  "ttft_ms": 175.7705,
  "throughput_tps": 37.0079,
  "prompt_tps": 2912.8893,
  "mlx_version": "0.31.2",
  "mlx_lm_version": "0.29.1",
  "platform": "macOS-26.4.1-arm64-arm-64bit-Mach-O",
  "status": "ok",
  "error": null,
  "article_id": 5,
  "run_label": null,
  "benchmark_mode": "standard",
  "draft_model_repo": null,
  "draft_preset": "qwen-0.5b",
  "num_draft_tokens": null,
  "draft_accept_rate": null,
  "prefix_cache_cold_ttft_ms": null,
  "prefix_cache_warm_ttft_ms": null,
  "prefix_system_tokens": null,
  "workload": null,
  "schema_version": 1,
  "trials": {
    "ttft_ms": [
      184.20995795167983,
      175.77049997635186,
      173.11862506903708
    ],
    "throughput_tps": [
      37.336611315000084,
      37.00791445433189,
      36.972710116165615
    ],
    "memory_gb": [
      15.70987732,
      15.70987732,
      15.70987732
    ],
    "prompt_tps": [
      2779.4371471183053,
      2912.8892508633953,
      2957.509625528866
    ]
  },
  "stats": {
    "ttft_ms": {
      "n": 3,
      "mean": 177.6997,
      "median": 175.7705,
      "p50": 175.7705,
      "p95": 183.366,
      "std": 4.729,
      "min": 173.1186,
      "max": 184.21
    },
    "throughput_tps": {
      "n": 3,
      "mean": 37.1057,
      "median": 37.0079,
      "p50": 37.0079,
      "p95": 37.3037,
      "std": 0.1639,
      "min": 36.9727,
      "max": 37.3366
    },
    "memory_gb": {
      "n": 3,
      "mean": 15.7099,
      "median": 15.7099,
      "p50": 15.7099,
      "p95": 15.7099,
      "std": 0.0,
      "min": 15.7099,
      "max": 15.7099
    },
    "prompt_tps": {
      "n": 3,
      "mean": 2883.2787,
      "median": 2912.8893,
      "p50": 2912.8893,
      "p95": 2953.0476,
      "std": 75.6529,
      "min": 2779.4371,
      "max": 2957.5096
    }
  },
  "warmup_policy": {
    "warmup_trials": 1,
    "warmup_discarded": true,
    "measured_trials_field": "num_trials",
    "description": "One full generate before timed trials; trials use seed+trial."
  }
}
