{
  "timestamp": "2026-05-25T05:28:33.043911+00:00",
  "hardware": "Mac M5 Max",
  "model_preset": "deepseek-r1-qwen-7b",
  "configuration": "fp16+kv_cache",
  "weight_bits": 16,
  "optimizations": {
    "weight_bits": 16,
    "kv_cache": true,
    "prefill": false
  },
  "model_repo": "mlx-community/DeepSeek-R1-Distill-Qwen-7B-bf16",
  "kv_bits": 4,
  "prefill_step_size": 512,
  "prompt_tokens": 512,
  "generation_tokens": 128,
  "num_trials": 3,
  "memory_gb": 15.7099,
  "ttft_ms": 178.6084,
  "throughput_tps": 36.4905,
  "prompt_tps": 2866.6062,
  "mlx_version": "0.31.2",
  "mlx_lm_version": "0.29.1",
  "platform": "macOS-26.4.1-arm64-arm-64bit-Mach-O",
  "status": "ok",
  "error": null,
  "article_id": 5,
  "run_label": null,
  "benchmark_mode": "standard",
  "draft_model_repo": null,
  "draft_preset": "qwen-0.5b",
  "num_draft_tokens": null,
  "draft_accept_rate": null,
  "prefix_cache_cold_ttft_ms": null,
  "prefix_cache_warm_ttft_ms": null,
  "prefix_system_tokens": null,
  "workload": null,
  "schema_version": 1,
  "trials": {
    "ttft_ms": [
      178.60841704532504,
      174.96512504294515,
      183.89774998649955
    ],
    "throughput_tps": [
      36.49048789475617,
      36.38557366152938,
      36.55284623219902
    ],
    "memory_gb": [
      15.70987732,
      15.70987732,
      15.70987732
    ],
    "prompt_tps": [
      2866.6062242188227,
      2926.2974542745574,
      2784.155869430634
    ]
  },
  "stats": {
    "ttft_ms": {
      "n": 3,
      "mean": 179.1571,
      "median": 178.6084,
      "p50": 178.6084,
      "p95": 183.3688,
      "std": 3.6673,
      "min": 174.9651,
      "max": 183.8977
    },
    "throughput_tps": {
      "n": 3,
      "mean": 36.4763,
      "median": 36.4905,
      "p50": 36.4905,
      "p95": 36.5466,
      "std": 0.069,
      "min": 36.3856,
      "max": 36.5528
    },
    "memory_gb": {
      "n": 3,
      "mean": 15.7099,
      "median": 15.7099,
      "p50": 15.7099,
      "p95": 15.7099,
      "std": 0.0,
      "min": 15.7099,
      "max": 15.7099
    },
    "prompt_tps": {
      "n": 3,
      "mean": 2859.0198,
      "median": 2866.6062,
      "p50": 2866.6062,
      "p95": 2920.3283,
      "std": 58.2765,
      "min": 2784.1559,
      "max": 2926.2975
    }
  },
  "warmup_policy": {
    "warmup_trials": 1,
    "warmup_discarded": true,
    "measured_trials_field": "num_trials",
    "description": "One full generate before timed trials; trials use seed+trial."
  }
}
