{
  "timestamp": "2026-05-23T14:58:29.558494+00:00",
  "hardware": "Mac M5 Max",
  "model_preset": "deepseek-r1-qwen-7b",
  "configuration": "fp16+kv_cache",
  "weight_bits": 16,
  "optimizations": {
    "weight_bits": 16,
    "kv_cache": true,
    "prefill": false
  },
  "model_repo": "mlx-community/DeepSeek-R1-Distill-Qwen-7B-bf16",
  "kv_bits": 4,
  "prefill_step_size": 512,
  "prompt_tokens": 512,
  "generation_tokens": 128,
  "num_trials": 3,
  "memory_gb": 15.7099,
  "ttft_ms": 176.32,
  "throughput_tps": 36.5048,
  "prompt_tps": 2903.8119,
  "mlx_version": "0.31.2",
  "mlx_lm_version": "0.29.1",
  "platform": "macOS-26.4.1-arm64-arm-64bit-Mach-O",
  "status": "ok",
  "error": null,
  "article_id": 5,
  "run_label": null,
  "benchmark_mode": "standard",
  "draft_model_repo": null,
  "draft_preset": "qwen-0.5b",
  "num_draft_tokens": null,
  "draft_accept_rate": null,
  "prefix_cache_cold_ttft_ms": null,
  "prefix_cache_warm_ttft_ms": null,
  "prefix_system_tokens": null,
  "workload": null,
  "schema_version": 1,
  "trials": {
    "ttft_ms": [
      186.42391706816852,
      176.3199579436332,
      175.94324983656406
    ],
    "throughput_tps": [
      36.310782862199254,
      36.50477476484691,
      36.63497673299016
    ],
    "memory_gb": [
      15.70987732,
      15.70987732,
      15.70987732
    ],
    "prompt_tps": [
      2746.4287203705735,
      2903.811944894398,
      2910.029230877589
    ]
  },
  "stats": {
    "ttft_ms": {
      "n": 3,
      "mean": 179.5624,
      "median": 176.32,
      "p50": 176.32,
      "p95": 185.4135,
      "std": 4.8543,
      "min": 175.9432,
      "max": 186.4239
    },
    "throughput_tps": {
      "n": 3,
      "mean": 36.4835,
      "median": 36.5048,
      "p50": 36.5048,
      "p95": 36.622,
      "std": 0.1332,
      "min": 36.3108,
      "max": 36.635
    },
    "memory_gb": {
      "n": 3,
      "mean": 15.7099,
      "median": 15.7099,
      "p50": 15.7099,
      "p95": 15.7099,
      "std": 0.0,
      "min": 15.7099,
      "max": 15.7099
    },
    "prompt_tps": {
      "n": 3,
      "mean": 2853.4233,
      "median": 2903.8119,
      "p50": 2903.8119,
      "p95": 2909.4075,
      "std": 75.6992,
      "min": 2746.4287,
      "max": 2910.0292
    }
  },
  "warmup_policy": {
    "warmup_trials": 1,
    "warmup_discarded": true,
    "measured_trials_field": "num_trials",
    "description": "One full generate before timed trials; trials use seed+trial."
  }
}
