{
  "timestamp": "2026-05-23T14:59:14.704339+00:00",
  "hardware": "Mac M5 Max",
  "model_preset": "deepseek-r1-qwen-7b",
  "configuration": "fp16+kv_cache+prefill",
  "weight_bits": 16,
  "optimizations": {
    "weight_bits": 16,
    "kv_cache": true,
    "prefill": true
  },
  "model_repo": "mlx-community/DeepSeek-R1-Distill-Qwen-7B-bf16",
  "kv_bits": 4,
  "prefill_step_size": 2048,
  "prompt_tokens": 512,
  "generation_tokens": 128,
  "num_trials": 3,
  "memory_gb": 15.7099,
  "ttft_ms": 177.1321,
  "throughput_tps": 36.5257,
  "prompt_tps": 2890.4977,
  "mlx_version": "0.31.2",
  "mlx_lm_version": "0.29.1",
  "platform": "macOS-26.4.1-arm64-arm-64bit-Mach-O",
  "status": "ok",
  "error": null,
  "article_id": 5,
  "run_label": null,
  "benchmark_mode": "standard",
  "draft_model_repo": null,
  "draft_preset": "qwen-0.5b",
  "num_draft_tokens": null,
  "draft_accept_rate": null,
  "prefix_cache_cold_ttft_ms": null,
  "prefix_cache_warm_ttft_ms": null,
  "prefix_system_tokens": null,
  "workload": null,
  "schema_version": 1,
  "trials": {
    "ttft_ms": [
      185.3315830230713,
      177.13212501257658,
      176.55195808038116
    ],
    "throughput_tps": [
      36.54940494434411,
      36.5257157719116,
      36.347579407549354
    ],
    "memory_gb": [
      15.70987732,
      15.70987732,
      15.70987732
    ],
    "prompt_tps": [
      2762.6160185350755,
      2890.4977003106997,
      2899.996157317581
    ]
  },
  "stats": {
    "ttft_ms": {
      "n": 3,
      "mean": 179.6719,
      "median": 177.1321,
      "p50": 177.1321,
      "p95": 184.5116,
      "std": 4.009,
      "min": 176.552,
      "max": 185.3316
    },
    "throughput_tps": {
      "n": 3,
      "mean": 36.4742,
      "median": 36.5257,
      "p50": 36.5257,
      "p95": 36.547,
      "std": 0.0901,
      "min": 36.3476,
      "max": 36.5494
    },
    "memory_gb": {
      "n": 3,
      "mean": 15.7099,
      "median": 15.7099,
      "p50": 15.7099,
      "p95": 15.7099,
      "std": 0.0,
      "min": 15.7099,
      "max": 15.7099
    },
    "prompt_tps": {
      "n": 3,
      "mean": 2851.0366,
      "median": 2890.4977,
      "p50": 2890.4977,
      "p95": 2899.0463,
      "std": 62.6429,
      "min": 2762.616,
      "max": 2899.9962
    }
  },
  "warmup_policy": {
    "warmup_trials": 1,
    "warmup_discarded": true,
    "measured_trials_field": "num_trials",
    "description": "One full generate before timed trials; trials use seed+trial."
  }
}
