{
  "timestamp": "2026-05-25T05:28:10.361183+00:00",
  "hardware": "Mac M5 Max",
  "model_preset": "deepseek-r1-qwen-7b",
  "configuration": "fp16",
  "weight_bits": 16,
  "optimizations": {
    "weight_bits": 16,
    "kv_cache": false,
    "prefill": false
  },
  "model_repo": "mlx-community/DeepSeek-R1-Distill-Qwen-7B-bf16",
  "kv_bits": null,
  "prefill_step_size": 512,
  "prompt_tokens": 512,
  "generation_tokens": 128,
  "num_trials": 3,
  "memory_gb": 15.7099,
  "ttft_ms": 182.6112,
  "throughput_tps": 36.9215,
  "prompt_tps": 2803.7709,
  "mlx_version": "0.31.2",
  "mlx_lm_version": "0.29.1",
  "platform": "macOS-26.4.1-arm64-arm-64bit-Mach-O",
  "status": "ok",
  "error": null,
  "article_id": 5,
  "run_label": null,
  "benchmark_mode": "standard",
  "draft_model_repo": null,
  "draft_preset": "qwen-0.5b",
  "num_draft_tokens": null,
  "draft_accept_rate": null,
  "prefix_cache_cold_ttft_ms": null,
  "prefix_cache_warm_ttft_ms": null,
  "prefix_system_tokens": null,
  "workload": null,
  "schema_version": 1,
  "trials": {
    "ttft_ms": [
      182.65312514267862,
      175.83395796827972,
      182.61120887473226
    ],
    "throughput_tps": [
      37.036181957036405,
      36.92153172057658,
      36.76043452874388
    ],
    "memory_gb": [
      15.70987732,
      15.70987732,
      15.70987732
    ],
    "prompt_tps": [
      2803.127510684822,
      2911.8379971425334,
      2803.770935831338
    ]
  },
  "stats": {
    "ttft_ms": {
      "n": 3,
      "mean": 180.3661,
      "median": 182.6112,
      "p50": 182.6112,
      "p95": 182.6489,
      "std": 3.2048,
      "min": 175.834,
      "max": 182.6531
    },
    "throughput_tps": {
      "n": 3,
      "mean": 36.906,
      "median": 36.9215,
      "p50": 36.9215,
      "p95": 37.0247,
      "std": 0.1131,
      "min": 36.7604,
      "max": 37.0362
    },
    "memory_gb": {
      "n": 3,
      "mean": 15.7099,
      "median": 15.7099,
      "p50": 15.7099,
      "p95": 15.7099,
      "std": 0.0,
      "min": 15.7099,
      "max": 15.7099
    },
    "prompt_tps": {
      "n": 3,
      "mean": 2839.5788,
      "median": 2803.7709,
      "p50": 2803.7709,
      "p95": 2901.0313,
      "std": 51.0956,
      "min": 2803.1275,
      "max": 2911.838
    }
  },
  "warmup_policy": {
    "warmup_trials": 1,
    "warmup_discarded": true,
    "measured_trials_field": "num_trials",
    "description": "One full generate before timed trials; trials use seed+trial."
  }
}
