{
  "timestamp": "2026-05-23T15:00:41.942854+00:00",
  "hardware": "Mac M5 Max",
  "model_preset": "deepseek-r1-qwen-7b",
  "configuration": "w4+kv_cache",
  "weight_bits": 4,
  "optimizations": {
    "weight_bits": 4,
    "kv_cache": true,
    "prefill": false
  },
  "model_repo": "mlx-community/DeepSeek-R1-Distill-Qwen-7B-4bit",
  "kv_bits": 4,
  "prefill_step_size": 512,
  "prompt_tokens": 512,
  "generation_tokens": 128,
  "num_trials": 3,
  "memory_gb": 4.848,
  "ttft_ms": 160.3629,
  "throughput_tps": 115.2819,
  "prompt_tps": 3192.7589,
  "mlx_version": "0.31.2",
  "mlx_lm_version": "0.29.1",
  "platform": "macOS-26.4.1-arm64-arm-64bit-Mach-O",
  "status": "ok",
  "error": null,
  "article_id": 5,
  "run_label": null,
  "benchmark_mode": "standard",
  "draft_model_repo": null,
  "draft_preset": "qwen-0.5b",
  "num_draft_tokens": null,
  "draft_accept_rate": null,
  "prefix_cache_cold_ttft_ms": null,
  "prefix_cache_warm_ttft_ms": null,
  "prefix_system_tokens": null,
  "workload": null,
  "schema_version": 1,
  "trials": {
    "ttft_ms": [
      168.32891711965203,
      160.3628748562187,
      159.803083864972
    ],
    "throughput_tps": [
      115.28187753840277,
      114.67117242202265,
      115.30786610028062
    ],
    "memory_gb": [
      4.847973496,
      4.847973496,
      4.847973496
    ],
    "prompt_tps": [
      3041.6639562652135,
      3192.758925400028,
      3203.9431756687627
    ]
  },
  "stats": {
    "ttft_ms": {
      "n": 3,
      "mean": 162.8316,
      "median": 160.3629,
      "p50": 160.3629,
      "p95": 167.5323,
      "std": 3.8939,
      "min": 159.8031,
      "max": 168.3289
    },
    "throughput_tps": {
      "n": 3,
      "mean": 115.087,
      "median": 115.2819,
      "p50": 115.2819,
      "p95": 115.3053,
      "std": 0.2942,
      "min": 114.6712,
      "max": 115.3079
    },
    "memory_gb": {
      "n": 3,
      "mean": 4.848,
      "median": 4.848,
      "p50": 4.848,
      "p95": 4.848,
      "std": 0.0,
      "min": 4.848,
      "max": 4.848
    },
    "prompt_tps": {
      "n": 3,
      "mean": 3146.122,
      "median": 3192.7589,
      "p50": 3192.7589,
      "p95": 3202.8248,
      "std": 74.004,
      "min": 3041.664,
      "max": 3203.9432
    }
  },
  "warmup_policy": {
    "warmup_trials": 1,
    "warmup_discarded": true,
    "measured_trials_field": "num_trials",
    "description": "One full generate before timed trials; trials use seed+trial."
  }
}
