{
  "timestamp": "2026-05-25T05:30:45.802384+00:00",
  "hardware": "Mac M5 Max",
  "model_preset": "deepseek-r1-qwen-7b",
  "configuration": "w4+kv_cache",
  "weight_bits": 4,
  "optimizations": {
    "weight_bits": 4,
    "kv_cache": true,
    "prefill": false
  },
  "model_repo": "mlx-community/DeepSeek-R1-Distill-Qwen-7B-4bit",
  "kv_bits": 4,
  "prefill_step_size": 512,
  "prompt_tokens": 512,
  "generation_tokens": 128,
  "num_trials": 3,
  "memory_gb": 4.848,
  "ttft_ms": 159.7479,
  "throughput_tps": 115.2655,
  "prompt_tps": 3205.0496,
  "mlx_version": "0.31.2",
  "mlx_lm_version": "0.29.1",
  "platform": "macOS-26.4.1-arm64-arm-64bit-Mach-O",
  "status": "ok",
  "error": null,
  "article_id": 5,
  "run_label": null,
  "benchmark_mode": "standard",
  "draft_model_repo": null,
  "draft_preset": "qwen-0.5b",
  "num_draft_tokens": null,
  "draft_accept_rate": null,
  "prefix_cache_cold_ttft_ms": null,
  "prefix_cache_warm_ttft_ms": null,
  "prefix_system_tokens": null,
  "workload": null,
  "schema_version": 1,
  "trials": {
    "ttft_ms": [
      167.1631659846753,
      158.57120789587498,
      159.74791604094207
    ],
    "throughput_tps": [
      115.28561535473139,
      115.26552267134942,
      114.8521257985481
    ],
    "memory_gb": [
      4.847973496,
      4.847973496,
      4.847973496
    ],
    "prompt_tps": [
      3062.8757058055344,
      3228.8333222270862,
      3205.0496350060594
    ]
  },
  "stats": {
    "ttft_ms": {
      "n": 3,
      "mean": 161.8274,
      "median": 159.7479,
      "p50": 159.7479,
      "p95": 166.4216,
      "std": 3.8034,
      "min": 158.5712,
      "max": 167.1632
    },
    "throughput_tps": {
      "n": 3,
      "mean": 115.1344,
      "median": 115.2655,
      "p50": 115.2655,
      "p95": 115.2836,
      "std": 0.1998,
      "min": 114.8521,
      "max": 115.2856
    },
    "memory_gb": {
      "n": 3,
      "mean": 4.848,
      "median": 4.848,
      "p50": 4.848,
      "p95": 4.848,
      "std": 0.0,
      "min": 4.848,
      "max": 4.848
    },
    "prompt_tps": {
      "n": 3,
      "mean": 3165.5862,
      "median": 3205.0496,
      "p50": 3205.0496,
      "p95": 3226.455,
      "std": 73.2735,
      "min": 3062.8757,
      "max": 3228.8333
    }
  },
  "warmup_policy": {
    "warmup_trials": 1,
    "warmup_discarded": true,
    "measured_trials_field": "num_trials",
    "description": "One full generate before timed trials; trials use seed+trial."
  }
}
