{
  "timestamp": "2026-05-25T05:31:09.622024+00:00",
  "hardware": "Mac M5 Max",
  "model_preset": "deepseek-r1-qwen-7b",
  "configuration": "w4+kv_cache+prefill",
  "weight_bits": 4,
  "optimizations": {
    "weight_bits": 4,
    "kv_cache": true,
    "prefill": true
  },
  "model_repo": "mlx-community/DeepSeek-R1-Distill-Qwen-7B-4bit",
  "kv_bits": 4,
  "prefill_step_size": 2048,
  "prompt_tokens": 512,
  "generation_tokens": 128,
  "num_trials": 3,
  "memory_gb": 4.848,
  "ttft_ms": 159.0915,
  "throughput_tps": 114.489,
  "prompt_tps": 3218.2746,
  "mlx_version": "0.31.2",
  "mlx_lm_version": "0.29.1",
  "platform": "macOS-26.4.1-arm64-arm-64bit-Mach-O",
  "status": "ok",
  "error": null,
  "article_id": 5,
  "run_label": null,
  "benchmark_mode": "standard",
  "draft_model_repo": null,
  "draft_preset": "qwen-0.5b",
  "num_draft_tokens": null,
  "draft_accept_rate": null,
  "prefix_cache_cold_ttft_ms": null,
  "prefix_cache_warm_ttft_ms": null,
  "prefix_system_tokens": null,
  "workload": null,
  "schema_version": 1,
  "trials": {
    "ttft_ms": [
      167.2357500065118,
      159.09145795740187,
      158.80358405411243
    ],
    "throughput_tps": [
      114.68425056301214,
      114.37636869861035,
      114.48899183158119
    ],
    "memory_gb": [
      4.847973496,
      4.847973496,
      4.847973496
    ],
    "prompt_tps": [
      3061.546349868756,
      3218.2746111805227,
      3224.10859332706
    ]
  },
  "stats": {
    "ttft_ms": {
      "n": 3,
      "mean": 161.7103,
      "median": 159.0915,
      "p50": 159.0915,
      "p95": 166.4213,
      "std": 3.9089,
      "min": 158.8036,
      "max": 167.2358
    },
    "throughput_tps": {
      "n": 3,
      "mean": 114.5165,
      "median": 114.489,
      "p50": 114.489,
      "p95": 114.6647,
      "std": 0.1272,
      "min": 114.3764,
      "max": 114.6843
    },
    "memory_gb": {
      "n": 3,
      "mean": 4.848,
      "median": 4.848,
      "p50": 4.848,
      "p95": 4.848,
      "std": 0.0,
      "min": 4.848,
      "max": 4.848
    },
    "prompt_tps": {
      "n": 3,
      "mean": 3167.9765,
      "median": 3218.2746,
      "p50": 3218.2746,
      "p95": 3223.5252,
      "std": 75.2952,
      "min": 3061.5463,
      "max": 3224.1086
    }
  },
  "warmup_policy": {
    "warmup_trials": 1,
    "warmup_discarded": true,
    "measured_trials_field": "num_trials",
    "description": "One full generate before timed trials; trials use seed+trial."
  }
}
