{
  "timestamp": "2026-05-25T05:30:57.539165+00:00",
  "hardware": "Mac M5 Max",
  "model_preset": "deepseek-r1-qwen-7b",
  "configuration": "w4+prefill",
  "weight_bits": 4,
  "optimizations": {
    "weight_bits": 4,
    "kv_cache": false,
    "prefill": true
  },
  "model_repo": "mlx-community/DeepSeek-R1-Distill-Qwen-7B-4bit",
  "kv_bits": null,
  "prefill_step_size": 2048,
  "prompt_tokens": 512,
  "generation_tokens": 128,
  "num_trials": 3,
  "memory_gb": 4.848,
  "ttft_ms": 156.6427,
  "throughput_tps": 121.6416,
  "prompt_tps": 3268.585,
  "mlx_version": "0.31.2",
  "mlx_lm_version": "0.29.1",
  "platform": "macOS-26.4.1-arm64-arm-64bit-Mach-O",
  "status": "ok",
  "error": null,
  "article_id": 5,
  "run_label": null,
  "benchmark_mode": "standard",
  "draft_model_repo": null,
  "draft_preset": "qwen-0.5b",
  "num_draft_tokens": null,
  "draft_accept_rate": null,
  "prefix_cache_cold_ttft_ms": null,
  "prefix_cache_warm_ttft_ms": null,
  "prefix_system_tokens": null,
  "workload": null,
  "schema_version": 1,
  "trials": {
    "ttft_ms": [
      164.86308281309903,
      156.64270799607038,
      156.6353749949485
    ],
    "throughput_tps": [
      121.64157691052739,
      122.47444301540986,
      121.54496944800465
    ],
    "memory_gb": [
      4.847973496,
      4.847973496,
      4.847973496
    ],
    "prompt_tps": [
      3105.60733951846,
      3268.5849635135537,
      3268.737984740114
    ]
  },
  "stats": {
    "ttft_ms": {
      "n": 3,
      "mean": 159.3804,
      "median": 156.6427,
      "p50": 156.6427,
      "p95": 164.041,
      "std": 3.8769,
      "min": 156.6354,
      "max": 164.8631
    },
    "throughput_tps": {
      "n": 3,
      "mean": 121.887,
      "median": 121.6416,
      "p50": 121.6416,
      "p95": 122.3912,
      "std": 0.4173,
      "min": 121.545,
      "max": 122.4744
    },
    "memory_gb": {
      "n": 3,
      "mean": 4.848,
      "median": 4.848,
      "p50": 4.848,
      "p95": 4.848,
      "std": 0.0,
      "min": 4.848,
      "max": 4.848
    },
    "prompt_tps": {
      "n": 3,
      "mean": 3214.3101,
      "median": 3268.585,
      "p50": 3268.585,
      "p95": 3268.7227,
      "std": 76.8645,
      "min": 3105.6073,
      "max": 3268.738
    }
  },
  "warmup_policy": {
    "warmup_trials": 1,
    "warmup_discarded": true,
    "measured_trials_field": "num_trials",
    "description": "One full generate before timed trials; trials use seed+trial."
  }
}
