{
  "timestamp": "2026-05-23T15:00:53.687752+00:00",
  "hardware": "Mac M5 Max",
  "model_preset": "deepseek-r1-qwen-7b",
  "configuration": "w4+prefill",
  "weight_bits": 4,
  "optimizations": {
    "weight_bits": 4,
    "kv_cache": false,
    "prefill": true
  },
  "model_repo": "mlx-community/DeepSeek-R1-Distill-Qwen-7B-4bit",
  "kv_bits": null,
  "prefill_step_size": 2048,
  "prompt_tokens": 512,
  "generation_tokens": 128,
  "num_trials": 3,
  "memory_gb": 4.848,
  "ttft_ms": 164.549,
  "throughput_tps": 122.2439,
  "prompt_tps": 3111.5352,
  "mlx_version": "0.31.2",
  "mlx_lm_version": "0.29.1",
  "platform": "macOS-26.4.1-arm64-arm-64bit-Mach-O",
  "status": "ok",
  "error": null,
  "article_id": 5,
  "run_label": null,
  "benchmark_mode": "standard",
  "draft_model_repo": null,
  "draft_preset": "qwen-0.5b",
  "num_draft_tokens": null,
  "draft_accept_rate": null,
  "prefix_cache_cold_ttft_ms": null,
  "prefix_cache_warm_ttft_ms": null,
  "prefix_system_tokens": null,
  "workload": null,
  "schema_version": 1,
  "trials": {
    "ttft_ms": [
      164.5489998627454,
      155.59366694651544,
      176.49766616523266
    ],
    "throughput_tps": [
      122.24386254539719,
      122.76598481880207,
      121.67286881840683
    ],
    "memory_gb": [
      4.847973496,
      4.847973496,
      4.847973496
    ],
    "prompt_tps": [
      3111.5351684122816,
      3290.622363029708,
      2900.888216395329
    ]
  },
  "stats": {
    "ttft_ms": {
      "n": 3,
      "mean": 165.5468,
      "median": 164.549,
      "p50": 164.549,
      "p95": 175.3028,
      "std": 8.5631,
      "min": 155.5937,
      "max": 176.4977
    },
    "throughput_tps": {
      "n": 3,
      "mean": 122.2276,
      "median": 122.2439,
      "p50": 122.2439,
      "p95": 122.7138,
      "std": 0.4464,
      "min": 121.6729,
      "max": 122.766
    },
    "memory_gb": {
      "n": 3,
      "mean": 4.848,
      "median": 4.848,
      "p50": 4.848,
      "p95": 4.848,
      "std": 0.0,
      "min": 4.848,
      "max": 4.848
    },
    "prompt_tps": {
      "n": 3,
      "mean": 3101.0152,
      "median": 3111.5352,
      "p50": 3111.5352,
      "p95": 3272.7136,
      "std": 159.2821,
      "min": 2900.8882,
      "max": 3290.6224
    }
  },
  "warmup_policy": {
    "warmup_trials": 1,
    "warmup_discarded": true,
    "measured_trials_field": "num_trials",
    "description": "One full generate before timed trials; trials use seed+trial."
  }
}
