{
  "timestamp": "2026-05-23T15:00:29.892033+00:00",
  "hardware": "Mac M5 Max",
  "model_preset": "deepseek-r1-qwen-7b",
  "configuration": "w4",
  "weight_bits": 4,
  "optimizations": {
    "weight_bits": 4,
    "kv_cache": false,
    "prefill": false
  },
  "model_repo": "mlx-community/DeepSeek-R1-Distill-Qwen-7B-4bit",
  "kv_bits": null,
  "prefill_step_size": 512,
  "prompt_tokens": 512,
  "generation_tokens": 128,
  "num_trials": 3,
  "memory_gb": 4.848,
  "ttft_ms": 155.896,
  "throughput_tps": 121.0972,
  "prompt_tps": 3284.2399,
  "mlx_version": "0.31.2",
  "mlx_lm_version": "0.29.1",
  "platform": "macOS-26.4.1-arm64-arm-64bit-Mach-O",
  "status": "ok",
  "error": null,
  "article_id": 5,
  "run_label": null,
  "benchmark_mode": "standard",
  "draft_model_repo": null,
  "draft_preset": "qwen-0.5b",
  "num_draft_tokens": null,
  "draft_accept_rate": null,
  "prefix_cache_cold_ttft_ms": null,
  "prefix_cache_warm_ttft_ms": null,
  "prefix_system_tokens": null,
  "workload": null,
  "schema_version": 1,
  "trials": {
    "ttft_ms": [
      163.6303341947496,
      155.89604200795293,
      155.5757080204785
    ],
    "throughput_tps": [
      121.09522589985399,
      121.09724028224578,
      121.21273818375553
    ],
    "memory_gb": [
      4.847973496,
      4.847973496,
      4.847973496
    ],
    "prompt_tps": [
      3129.0041820157116,
      3284.2398909260355,
      3291.002216956681
    ]
  },
  "stats": {
    "ttft_ms": {
      "n": 3,
      "mean": 158.3674,
      "median": 155.896,
      "p50": 155.896,
      "p95": 162.8569,
      "std": 3.7238,
      "min": 155.5757,
      "max": 163.6303
    },
    "throughput_tps": {
      "n": 3,
      "mean": 121.1351,
      "median": 121.0972,
      "p50": 121.0972,
      "p95": 121.2012,
      "std": 0.0549,
      "min": 121.0952,
      "max": 121.2127
    },
    "memory_gb": {
      "n": 3,
      "mean": 4.848,
      "median": 4.848,
      "p50": 4.848,
      "p95": 4.848,
      "std": 0.0,
      "min": 4.848,
      "max": 4.848
    },
    "prompt_tps": {
      "n": 3,
      "mean": 3234.7488,
      "median": 3284.2399,
      "p50": 3284.2399,
      "p95": 3290.326,
      "std": 74.8237,
      "min": 3129.0042,
      "max": 3291.0022
    }
  },
  "warmup_policy": {
    "warmup_trials": 1,
    "warmup_discarded": true,
    "measured_trials_field": "num_trials",
    "description": "One full generate before timed trials; trials use seed+trial."
  }
}
