{
  "timestamp": "2026-05-25T05:30:33.755383+00:00",
  "hardware": "Mac M5 Max",
  "model_preset": "deepseek-r1-qwen-7b",
  "configuration": "w4",
  "weight_bits": 4,
  "optimizations": {
    "weight_bits": 4,
    "kv_cache": false,
    "prefill": false
  },
  "model_repo": "mlx-community/DeepSeek-R1-Distill-Qwen-7B-4bit",
  "kv_bits": null,
  "prefill_step_size": 512,
  "prompt_tokens": 512,
  "generation_tokens": 128,
  "num_trials": 3,
  "memory_gb": 4.848,
  "ttft_ms": 165.0498,
  "throughput_tps": 121.4786,
  "prompt_tps": 3102.0942,
  "mlx_version": "0.31.2",
  "mlx_lm_version": "0.29.1",
  "platform": "macOS-26.4.1-arm64-arm-64bit-Mach-O",
  "status": "ok",
  "error": null,
  "article_id": 5,
  "run_label": null,
  "benchmark_mode": "standard",
  "draft_model_repo": null,
  "draft_preset": "qwen-0.5b",
  "num_draft_tokens": null,
  "draft_accept_rate": null,
  "prefix_cache_cold_ttft_ms": null,
  "prefix_cache_warm_ttft_ms": null,
  "prefix_system_tokens": null,
  "workload": null,
  "schema_version": 1,
  "trials": {
    "ttft_ms": [
      165.0497920345515,
      155.962249962613,
      170.23962480016053
    ],
    "throughput_tps": [
      121.45963640716032,
      121.47856487065127,
      122.20959243541725
    ],
    "memory_gb": [
      4.847973496,
      4.847973496,
      4.847973496
    ],
    "prompt_tps": [
      3102.0941843587298,
      3282.8456894071214,
      3007.525425417392
    ]
  },
  "stats": {
    "ttft_ms": {
      "n": 3,
      "mean": 163.7506,
      "median": 165.0498,
      "p50": 165.0498,
      "p95": 169.7206,
      "std": 5.9007,
      "min": 155.9622,
      "max": 170.2396
    },
    "throughput_tps": {
      "n": 3,
      "mean": 121.7159,
      "median": 121.4786,
      "p50": 121.4786,
      "p95": 122.1365,
      "std": 0.3492,
      "min": 121.4596,
      "max": 122.2096
    },
    "memory_gb": {
      "n": 3,
      "mean": 4.848,
      "median": 4.848,
      "p50": 4.848,
      "p95": 4.848,
      "std": 0.0,
      "min": 4.848,
      "max": 4.848
    },
    "prompt_tps": {
      "n": 3,
      "mean": 3130.8218,
      "median": 3102.0942,
      "p50": 3102.0942,
      "p95": 3264.7705,
      "std": 114.2199,
      "min": 3007.5254,
      "max": 3282.8457
    }
  },
  "warmup_policy": {
    "warmup_trials": 1,
    "warmup_discarded": true,
    "measured_trials_field": "num_trials",
    "description": "One full generate before timed trials; trials use seed+trial."
  }
}
