{
  "timestamp": "2026-05-25T05:29:50.477021+00:00",
  "hardware": "Mac M5 Max",
  "model_preset": "deepseek-r1-qwen-7b",
  "configuration": "w8+kv_cache",
  "weight_bits": 8,
  "optimizations": {
    "weight_bits": 8,
    "kv_cache": true,
    "prefill": false
  },
  "model_repo": "mlx-community/DeepSeek-R1-Distill-Qwen-7B-8bit",
  "kv_bits": 4,
  "prefill_step_size": 512,
  "prompt_tokens": 512,
  "generation_tokens": 128,
  "num_trials": 3,
  "memory_gb": 8.5247,
  "ttft_ms": 181.7187,
  "throughput_tps": 64.9626,
  "prompt_tps": 2817.5408,
  "mlx_version": "0.31.2",
  "mlx_lm_version": "0.29.1",
  "platform": "macOS-26.4.1-arm64-arm-64bit-Mach-O",
  "status": "ok",
  "error": null,
  "article_id": 5,
  "run_label": null,
  "benchmark_mode": "standard",
  "draft_model_repo": null,
  "draft_preset": "qwen-0.5b",
  "num_draft_tokens": null,
  "draft_accept_rate": null,
  "prefix_cache_cold_ttft_ms": null,
  "prefix_cache_warm_ttft_ms": null,
  "prefix_system_tokens": null,
  "workload": null,
  "schema_version": 1,
  "trials": {
    "ttft_ms": [
      188.42400005087256,
      180.3797921165824,
      181.7187499254942
    ],
    "throughput_tps": [
      65.18181278240998,
      64.96256108327945,
      64.83790429253558
    ],
    "memory_gb": [
      8.524674144,
      8.524674144,
      8.524674144
    ],
    "prompt_tps": [
      2717.2759301456567,
      2838.455427806936,
      2817.5408438035324
    ]
  },
  "stats": {
    "ttft_ms": {
      "n": 3,
      "mean": 183.5075,
      "median": 181.7187,
      "p50": 181.7187,
      "p95": 187.7535,
      "std": 3.5192,
      "min": 180.3798,
      "max": 188.424
    },
    "throughput_tps": {
      "n": 3,
      "mean": 64.9941,
      "median": 64.9626,
      "p50": 64.9626,
      "p95": 65.1599,
      "std": 0.1422,
      "min": 64.8379,
      "max": 65.1818
    },
    "memory_gb": {
      "n": 3,
      "mean": 8.5247,
      "median": 8.5247,
      "p50": 8.5247,
      "p95": 8.5247,
      "std": 0.0,
      "min": 8.5247,
      "max": 8.5247
    },
    "prompt_tps": {
      "n": 3,
      "mean": 2791.0907,
      "median": 2817.5408,
      "p50": 2817.5408,
      "p95": 2836.364,
      "std": 52.8887,
      "min": 2717.2759,
      "max": 2838.4554
    }
  },
  "warmup_policy": {
    "warmup_trials": 1,
    "warmup_discarded": true,
    "measured_trials_field": "num_trials",
    "description": "One full generate before timed trials; trials use seed+trial."
  }
}
