{
  "timestamp": "2026-05-25T05:30:21.651218+00:00",
  "hardware": "Mac M5 Max",
  "model_preset": "deepseek-r1-qwen-7b",
  "configuration": "w8+kv_cache+prefill",
  "weight_bits": 8,
  "optimizations": {
    "weight_bits": 8,
    "kv_cache": true,
    "prefill": true
  },
  "model_repo": "mlx-community/DeepSeek-R1-Distill-Qwen-7B-8bit",
  "kv_bits": 4,
  "prefill_step_size": 2048,
  "prompt_tokens": 512,
  "generation_tokens": 128,
  "num_trials": 3,
  "memory_gb": 8.5247,
  "ttft_ms": 186.8595,
  "throughput_tps": 64.8797,
  "prompt_tps": 2740.0272,
  "mlx_version": "0.31.2",
  "mlx_lm_version": "0.29.1",
  "platform": "macOS-26.4.1-arm64-arm-64bit-Mach-O",
  "status": "ok",
  "error": null,
  "article_id": 5,
  "run_label": null,
  "benchmark_mode": "standard",
  "draft_model_repo": null,
  "draft_preset": "qwen-0.5b",
  "num_draft_tokens": null,
  "draft_accept_rate": null,
  "prefix_cache_cold_ttft_ms": null,
  "prefix_cache_warm_ttft_ms": null,
  "prefix_system_tokens": null,
  "workload": null,
  "schema_version": 1,
  "trials": {
    "ttft_ms": [
      186.85945798642933,
      179.7339168842882,
      188.58633283525705
    ],
    "throughput_tps": [
      64.63695139506493,
      65.33691443834391,
      64.87966690654723
    ],
    "memory_gb": [
      8.524674144,
      8.524674144,
      8.524674144
    ],
    "prompt_tps": [
      2740.02721359271,
      2848.655439527438,
      2714.9369326104174
    ]
  },
  "stats": {
    "ttft_ms": {
      "n": 3,
      "mean": 185.0599,
      "median": 186.8595,
      "p50": 186.8595,
      "p95": 188.4136,
      "std": 3.8315,
      "min": 179.7339,
      "max": 188.5863
    },
    "throughput_tps": {
      "n": 3,
      "mean": 64.9512,
      "median": 64.8797,
      "p50": 64.8797,
      "p95": 65.2912,
      "std": 0.2902,
      "min": 64.637,
      "max": 65.3369
    },
    "memory_gb": {
      "n": 3,
      "mean": 8.5247,
      "median": 8.5247,
      "p50": 8.5247,
      "p95": 8.5247,
      "std": 0.0,
      "min": 8.5247,
      "max": 8.5247
    },
    "prompt_tps": {
      "n": 3,
      "mean": 2767.8732,
      "median": 2740.0272,
      "p50": 2740.0272,
      "p95": 2837.7926,
      "std": 58.0328,
      "min": 2714.9369,
      "max": 2848.6554
    }
  },
  "warmup_policy": {
    "warmup_trials": 1,
    "warmup_discarded": true,
    "measured_trials_field": "num_trials",
    "description": "One full generate before timed trials; trials use seed+trial."
  }
}
