{
  "timestamp": "2026-05-23T15:00:02.098291+00:00",
  "hardware": "Mac M5 Max",
  "model_preset": "deepseek-r1-qwen-7b",
  "configuration": "w8+prefill",
  "weight_bits": 8,
  "optimizations": {
    "weight_bits": 8,
    "kv_cache": false,
    "prefill": true
  },
  "model_repo": "mlx-community/DeepSeek-R1-Distill-Qwen-7B-8bit",
  "kv_bits": null,
  "prefill_step_size": 2048,
  "prompt_tokens": 512,
  "generation_tokens": 128,
  "num_trials": 3,
  "memory_gb": 8.5247,
  "ttft_ms": 178.5208,
  "throughput_tps": 67.1784,
  "prompt_tps": 2868.0126,
  "mlx_version": "0.31.2",
  "mlx_lm_version": "0.29.1",
  "platform": "macOS-26.4.1-arm64-arm-64bit-Mach-O",
  "status": "ok",
  "error": null,
  "article_id": 5,
  "run_label": null,
  "benchmark_mode": "standard",
  "draft_model_repo": null,
  "draft_preset": "qwen-0.5b",
  "num_draft_tokens": null,
  "draft_accept_rate": null,
  "prefix_cache_cold_ttft_ms": null,
  "prefix_cache_warm_ttft_ms": null,
  "prefix_system_tokens": null,
  "workload": null,
  "schema_version": 1,
  "trials": {
    "ttft_ms": [
      178.52083290927112,
      178.82116697728634,
      178.086917148903
    ],
    "throughput_tps": [
      67.08598025312332,
      67.23146934117686,
      67.17840195311635
    ],
    "memory_gb": [
      8.52467568,
      8.52467568,
      8.52467568
    ],
    "prompt_tps": [
      2868.0126103837506,
      2863.195720364769,
      2875.000635627286
    ]
  },
  "stats": {
    "ttft_ms": {
      "n": 3,
      "mean": 178.4763,
      "median": 178.5208,
      "p50": 178.5208,
      "p95": 178.7911,
      "std": 0.3014,
      "min": 178.0869,
      "max": 178.8212
    },
    "throughput_tps": {
      "n": 3,
      "mean": 67.1653,
      "median": 67.1784,
      "p50": 67.1784,
      "p95": 67.2262,
      "std": 0.0601,
      "min": 67.086,
      "max": 67.2315
    },
    "memory_gb": {
      "n": 3,
      "mean": 8.5247,
      "median": 8.5247,
      "p50": 8.5247,
      "p95": 8.5247,
      "std": 0.0,
      "min": 8.5247,
      "max": 8.5247
    },
    "prompt_tps": {
      "n": 3,
      "mean": 2868.7363,
      "median": 2868.0126,
      "p50": 2868.0126,
      "p95": 2874.3018,
      "std": 4.8464,
      "min": 2863.1957,
      "max": 2875.0006
    }
  },
  "warmup_policy": {
    "warmup_trials": 1,
    "warmup_discarded": true,
    "measured_trials_field": "num_trials",
    "description": "One full generate before timed trials; trials use seed+trial."
  }
}
