{
  "timestamp": "2026-05-25T05:30:05.924968+00:00",
  "hardware": "Mac M5 Max",
  "model_preset": "deepseek-r1-qwen-7b",
  "configuration": "w8+prefill",
  "weight_bits": 8,
  "optimizations": {
    "weight_bits": 8,
    "kv_cache": false,
    "prefill": true
  },
  "model_repo": "mlx-community/DeepSeek-R1-Distill-Qwen-7B-8bit",
  "kv_bits": null,
  "prefill_step_size": 2048,
  "prompt_tokens": 512,
  "generation_tokens": 128,
  "num_trials": 3,
  "memory_gb": 8.5247,
  "ttft_ms": 179.5783,
  "throughput_tps": 67.1688,
  "prompt_tps": 2851.1235,
  "mlx_version": "0.31.2",
  "mlx_lm_version": "0.29.1",
  "platform": "macOS-26.4.1-arm64-arm-64bit-Mach-O",
  "status": "ok",
  "error": null,
  "article_id": 5,
  "run_label": null,
  "benchmark_mode": "standard",
  "draft_model_repo": null,
  "draft_preset": "qwen-0.5b",
  "num_draft_tokens": null,
  "draft_accept_rate": null,
  "prefix_cache_cold_ttft_ms": null,
  "prefix_cache_warm_ttft_ms": null,
  "prefix_system_tokens": null,
  "workload": null,
  "schema_version": 1,
  "trials": {
    "ttft_ms": [
      179.57833292894065,
      178.71491704136133,
      186.4648328628391
    ],
    "throughput_tps": [
      67.06846764346697,
      67.34366931062732,
      67.1687633517841
    ],
    "memory_gb": [
      8.524674144,
      8.524674144,
      8.524674144
    ],
    "prompt_tps": [
      2851.123471574931,
      2864.8979529867897,
      2745.8260742207617
    ]
  },
  "stats": {
    "ttft_ms": {
      "n": 3,
      "mean": 181.586,
      "median": 179.5783,
      "p50": 179.5783,
      "p95": 185.7762,
      "std": 3.4678,
      "min": 178.7149,
      "max": 186.4648
    },
    "throughput_tps": {
      "n": 3,
      "mean": 67.1936,
      "median": 67.1688,
      "p50": 67.1688,
      "p95": 67.3262,
      "std": 0.1137,
      "min": 67.0685,
      "max": 67.3437
    },
    "memory_gb": {
      "n": 3,
      "mean": 8.5247,
      "median": 8.5247,
      "p50": 8.5247,
      "p95": 8.5247,
      "std": 0.0,
      "min": 8.5247,
      "max": 8.5247
    },
    "prompt_tps": {
      "n": 3,
      "mean": 2820.6158,
      "median": 2851.1235,
      "p50": 2851.1235,
      "p95": 2863.5205,
      "std": 53.1825,
      "min": 2745.8261,
      "max": 2864.898
    }
  },
  "warmup_policy": {
    "warmup_trials": 1,
    "warmup_discarded": true,
    "measured_trials_field": "num_trials",
    "description": "One full generate before timed trials; trials use seed+trial."
  }
}
