{
  "timestamp": "2026-05-25T05:29:34.775981+00:00",
  "hardware": "Mac M5 Max",
  "model_preset": "deepseek-r1-qwen-7b",
  "configuration": "w8",
  "weight_bits": 8,
  "optimizations": {
    "weight_bits": 8,
    "kv_cache": false,
    "prefill": false
  },
  "model_repo": "mlx-community/DeepSeek-R1-Distill-Qwen-7B-8bit",
  "kv_bits": null,
  "prefill_step_size": 512,
  "prompt_tokens": 512,
  "generation_tokens": 128,
  "num_trials": 3,
  "memory_gb": 8.5247,
  "ttft_ms": 188.0545,
  "throughput_tps": 67.4391,
  "prompt_tps": 2722.6144,
  "mlx_version": "0.31.2",
  "mlx_lm_version": "0.29.1",
  "platform": "macOS-26.4.1-arm64-arm-64bit-Mach-O",
  "status": "ok",
  "error": null,
  "article_id": 5,
  "run_label": null,
  "benchmark_mode": "standard",
  "draft_model_repo": null,
  "draft_preset": "qwen-0.5b",
  "num_draft_tokens": null,
  "draft_accept_rate": null,
  "prefix_cache_cold_ttft_ms": null,
  "prefix_cache_warm_ttft_ms": null,
  "prefix_system_tokens": null,
  "workload": null,
  "schema_version": 1,
  "trials": {
    "ttft_ms": [
      188.05454205721617,
      188.26845916919407,
      178.8224580232054
    ],
    "throughput_tps": [
      66.95636044350536,
      67.4605831402049,
      67.43906791196113
    ],
    "memory_gb": [
      8.524674144,
      8.524674144,
      8.524674144
    ],
    "prompt_tps": [
      2722.614377717197,
      2719.520849426367,
      2863.1750489279084
    ]
  },
  "stats": {
    "ttft_ms": {
      "n": 3,
      "mean": 185.0485,
      "median": 188.0545,
      "p50": 188.0545,
      "p95": 188.2471,
      "std": 4.4033,
      "min": 178.8225,
      "max": 188.2685
    },
    "throughput_tps": {
      "n": 3,
      "mean": 67.2853,
      "median": 67.4391,
      "p50": 67.4391,
      "p95": 67.4584,
      "std": 0.2328,
      "min": 66.9564,
      "max": 67.4606
    },
    "memory_gb": {
      "n": 3,
      "mean": 8.5247,
      "median": 8.5247,
      "p50": 8.5247,
      "p95": 8.5247,
      "std": 0.0,
      "min": 8.5247,
      "max": 8.5247
    },
    "prompt_tps": {
      "n": 3,
      "mean": 2768.4368,
      "median": 2722.6144,
      "p50": 2722.6144,
      "p95": 2849.119,
      "std": 67.002,
      "min": 2719.5208,
      "max": 2863.175
    }
  },
  "warmup_policy": {
    "warmup_trials": 1,
    "warmup_discarded": true,
    "measured_trials_field": "num_trials",
    "description": "One full generate before timed trials; trials use seed+trial."
  }
}
