{
  "timestamp": "2026-05-23T14:59:30.917668+00:00",
  "hardware": "Mac M5 Max",
  "model_preset": "deepseek-r1-qwen-7b",
  "configuration": "w8",
  "weight_bits": 8,
  "optimizations": {
    "weight_bits": 8,
    "kv_cache": false,
    "prefill": false
  },
  "model_repo": "mlx-community/DeepSeek-R1-Distill-Qwen-7B-8bit",
  "kv_bits": null,
  "prefill_step_size": 512,
  "prompt_tokens": 512,
  "generation_tokens": 128,
  "num_trials": 3,
  "memory_gb": 8.5247,
  "ttft_ms": 179.3739,
  "throughput_tps": 66.9532,
  "prompt_tps": 2854.3733,
  "mlx_version": "0.31.2",
  "mlx_lm_version": "0.29.1",
  "platform": "macOS-26.4.1-arm64-arm-64bit-Mach-O",
  "status": "ok",
  "error": null,
  "article_id": 5,
  "run_label": null,
  "benchmark_mode": "standard",
  "draft_model_repo": null,
  "draft_preset": "qwen-0.5b",
  "num_draft_tokens": null,
  "draft_accept_rate": null,
  "prefix_cache_cold_ttft_ms": null,
  "prefix_cache_warm_ttft_ms": null,
  "prefix_system_tokens": null,
  "workload": null,
  "schema_version": 1,
  "trials": {
    "ttft_ms": [
      179.00291713885963,
      179.8024580348283,
      179.37387502752244
    ],
    "throughput_tps": [
      67.14476568820623,
      66.95029444239952,
      66.9532142210117
    ],
    "memory_gb": [
      8.524674144,
      8.524674144,
      8.524674144
    ],
    "prompt_tps": [
      2860.2885817934543,
      2847.569524888386,
      2854.373302251739
    ]
  },
  "stats": {
    "ttft_ms": {
      "n": 3,
      "mean": 179.3931,
      "median": 179.3739,
      "p50": 179.3739,
      "p95": 179.7596,
      "std": 0.3267,
      "min": 179.0029,
      "max": 179.8025
    },
    "throughput_tps": {
      "n": 3,
      "mean": 67.0161,
      "median": 66.9532,
      "p50": 66.9532,
      "p95": 67.1256,
      "std": 0.091,
      "min": 66.9503,
      "max": 67.1448
    },
    "memory_gb": {
      "n": 3,
      "mean": 8.5247,
      "median": 8.5247,
      "p50": 8.5247,
      "p95": 8.5247,
      "std": 0.0,
      "min": 8.5247,
      "max": 8.5247
    },
    "prompt_tps": {
      "n": 3,
      "mean": 2854.0771,
      "median": 2854.3733,
      "p50": 2854.3733,
      "p95": 2859.6971,
      "std": 5.1968,
      "min": 2847.5695,
      "max": 2860.2886
    }
  },
  "warmup_policy": {
    "warmup_trials": 1,
    "warmup_discarded": true,
    "measured_trials_field": "num_trials",
    "description": "One full generate before timed trials; trials use seed+trial."
  }
}
