{
  "timestamp": "2026-05-25T04:11:29.885534+00:00",
  "hardware": "Mac M5 Max",
  "model_preset": "qwen-1.5b",
  "configuration": "w4",
  "weight_bits": 4,
  "optimizations": {
    "weight_bits": 4,
    "kv_cache": false,
    "prefill": false
  },
  "model_repo": "mlx-community/Qwen2.5-1.5B-Instruct-4bit",
  "kv_bits": null,
  "prefill_step_size": 512,
  "prompt_tokens": 512,
  "generation_tokens": 128,
  "num_trials": 3,
  "memory_gb": 1.4904,
  "ttft_ms": 41.4735,
  "throughput_tps": 362.9118,
  "prompt_tps": 12345.2447,
  "mlx_version": "0.31.2",
  "mlx_lm_version": "0.29.1",
  "platform": "macOS-26.4.1-arm64-arm-64bit-Mach-O",
  "status": "ok",
  "error": null,
  "article_id": 1,
  "run_label": null,
  "benchmark_mode": "standard",
  "draft_model_repo": null,
  "draft_preset": "qwen-0.5b",
  "num_draft_tokens": null,
  "draft_accept_rate": null,
  "prefix_cache_cold_ttft_ms": null,
  "prefix_cache_warm_ttft_ms": null,
  "prefix_system_tokens": null,
  "workload": null,
  "schema_version": 1,
  "trials": {
    "ttft_ms": [
      41.47345898672938,
      41.520541068166494,
      41.27604095265269
    ],
    "throughput_tps": [
      364.8458224103233,
      362.27598524124795,
      362.9118285987547
    ],
    "memory_gb": [
      1.490384112,
      1.490384112,
      1.490384112
    ],
    "prompt_tps": [
      12345.244706110214,
      12331.245856344265,
      12404.290435395918
    ]
  },
  "stats": {
    "ttft_ms": {
      "n": 3,
      "mean": 41.4233,
      "median": 41.4735,
      "p50": 41.4735,
      "p95": 41.5158,
      "std": 0.1059,
      "min": 41.276,
      "max": 41.5205
    },
    "throughput_tps": {
      "n": 3,
      "mean": 363.3445,
      "median": 362.9118,
      "p50": 362.9118,
      "p95": 364.6524,
      "std": 1.0928,
      "min": 362.276,
      "max": 364.8458
    },
    "memory_gb": {
      "n": 3,
      "mean": 1.4904,
      "median": 1.4904,
      "p50": 1.4904,
      "p95": 1.4904,
      "std": 0.0,
      "min": 1.4904,
      "max": 1.4904
    },
    "prompt_tps": {
      "n": 3,
      "mean": 12360.2603,
      "median": 12345.2447,
      "p50": 12345.2447,
      "p95": 12398.3859,
      "std": 31.6542,
      "min": 12331.2459,
      "max": 12404.2904
    }
  },
  "warmup_policy": {
    "warmup_trials": 1,
    "warmup_discarded": true,
    "measured_trials_field": "num_trials",
    "description": "One full generate before timed trials; trials use seed+trial."
  }
}
