{
  "timestamp": "2026-05-20T16:27:19.194434+00:00",
  "hardware": "Mac M3",
  "model_preset": "phi-3-mini",
  "configuration": "w8",
  "weight_bits": 8,
  "optimizations": {
    "weight_bits": 8,
    "kv_cache": false,
    "prefill": false
  },
  "model_repo": "mlx-community/Phi-3-mini-4k-instruct-8bit",
  "kv_bits": null,
  "prefill_step_size": 512,
  "prompt_tokens": 512,
  "generation_tokens": 128,
  "num_trials": 3,
  "memory_gb": 4.7059,
  "ttft_ms": 1431.8327,
  "throughput_tps": 21.1342,
  "prompt_tps": 357.5837,
  "mlx_version": "0.31.2",
  "mlx_lm_version": "0.31.3",
  "platform": "macOS-26.3.1-arm64-arm-64bit-Mach-O",
  "status": "ok",
  "error": null,
  "article_id": 1,
  "run_label": null,
  "benchmark_mode": "standard",
  "draft_model_repo": null,
  "draft_preset": "qwen-0.5b",
  "num_draft_tokens": null,
  "draft_accept_rate": null,
  "prefix_cache_cold_ttft_ms": null,
  "prefix_cache_warm_ttft_ms": null,
  "prefix_system_tokens": null,
  "workload": null,
  "schema_version": 1,
  "trials": {
    "ttft_ms": [
      1430.952874943614,
      1437.43308307603,
      1431.8326658103615
    ],
    "throughput_tps": [
      20.96993527735935,
      21.134169035397406,
      21.394751274293384
    ],
    "memory_gb": [
      4.705879116,
      4.705879116,
      4.705879116
    ],
    "prompt_tps": [
      357.8035370453238,
      356.1904940328404,
      357.583684340815
    ]
  },
  "stats": {
    "ttft_ms": {
      "n": 3,
      "mean": 1433.4062,
      "median": 1431.8327,
      "p50": 1431.8327,
      "p95": 1436.873,
      "std": 2.87,
      "min": 1430.9529,
      "max": 1437.4331
    },
    "throughput_tps": {
      "n": 3,
      "mean": 21.1663,
      "median": 21.1342,
      "p50": 21.1342,
      "p95": 21.3687,
      "std": 0.1749,
      "min": 20.9699,
      "max": 21.3948
    },
    "memory_gb": {
      "n": 3,
      "mean": 4.7059,
      "median": 4.7059,
      "p50": 4.7059,
      "p95": 4.7059,
      "std": 0.0,
      "min": 4.7059,
      "max": 4.7059
    },
    "prompt_tps": {
      "n": 3,
      "mean": 357.1926,
      "median": 357.5837,
      "p50": 357.5837,
      "p95": 357.7816,
      "std": 0.7142,
      "min": 356.1905,
      "max": 357.8035
    }
  },
  "warmup_policy": {
    "warmup_trials": 1,
    "warmup_discarded": true,
    "measured_trials_field": "num_trials",
    "description": "One full generate before timed trials; trials use seed+trial."
  }
}
