{
  "timestamp": "2026-05-25T04:22:06.776396+00:00",
  "hardware": "Mac M5 Max",
  "model_preset": "qwen-14b",
  "configuration": "fp16",
  "weight_bits": 16,
  "optimizations": {
    "weight_bits": 16,
    "kv_cache": false,
    "prefill": false
  },
  "model_repo": "mlx-community/Qwen2.5-14B-Instruct-bf16",
  "kv_bits": null,
  "prefill_step_size": 512,
  "prompt_tokens": 512,
  "generation_tokens": 128,
  "num_trials": 3,
  "memory_gb": 29.8876,
  "ttft_ms": 364.3041,
  "throughput_tps": 18.0435,
  "prompt_tps": 1405.4193,
  "mlx_version": "0.31.2",
  "mlx_lm_version": "0.29.1",
  "platform": "macOS-26.4.1-arm64-arm-64bit-Mach-O",
  "status": "ok",
  "error": null,
  "article_id": 1,
  "run_label": null,
  "benchmark_mode": "standard",
  "draft_model_repo": null,
  "draft_preset": "qwen-1.5b",
  "num_draft_tokens": null,
  "draft_accept_rate": null,
  "prefix_cache_cold_ttft_ms": null,
  "prefix_cache_warm_ttft_ms": null,
  "prefix_system_tokens": null,
  "workload": null,
  "schema_version": 1,
  "trials": {
    "ttft_ms": [
      367.72179207764566,
      364.3040838651359,
      363.7190000154078
    ],
    "throughput_tps": [
      17.955181202035142,
      18.22260257921042,
      18.04351531843258
    ],
    "memory_gb": [
      29.887557692,
      29.887557692,
      29.887557692
    ],
    "prompt_tps": [
      1392.3569694011758,
      1405.4193259868605,
      1407.6801046365758
    ]
  },
  "stats": {
    "ttft_ms": {
      "n": 3,
      "mean": 365.2483,
      "median": 364.3041,
      "p50": 364.3041,
      "p95": 367.38,
      "std": 1.7653,
      "min": 363.719,
      "max": 367.7218
    },
    "throughput_tps": {
      "n": 3,
      "mean": 18.0738,
      "median": 18.0435,
      "p50": 18.0435,
      "p95": 18.2047,
      "std": 0.1113,
      "min": 17.9552,
      "max": 18.2226
    },
    "memory_gb": {
      "n": 3,
      "mean": 29.8876,
      "median": 29.8876,
      "p50": 29.8876,
      "p95": 29.8876,
      "std": 0.0,
      "min": 29.8876,
      "max": 29.8876
    },
    "prompt_tps": {
      "n": 3,
      "mean": 1401.8188,
      "median": 1405.4193,
      "p50": 1405.4193,
      "p95": 1407.454,
      "std": 6.7539,
      "min": 1392.357,
      "max": 1407.6801
    }
  },
  "warmup_policy": {
    "warmup_trials": 1,
    "warmup_discarded": true,
    "measured_trials_field": "num_trials",
    "description": "One full generate before timed trials; trials use seed+trial."
  }
}
