{
  "timestamp": "2026-05-25T04:16:58.087981+00:00",
  "hardware": "Mac M5 Max",
  "model_preset": "deepseek-r1-qwen-7b",
  "configuration": "w8",
  "weight_bits": 8,
  "optimizations": {
    "weight_bits": 8,
    "kv_cache": false,
    "prefill": false
  },
  "model_repo": "mlx-community/DeepSeek-R1-Distill-Qwen-7B-8bit",
  "kv_bits": null,
  "prefill_step_size": 512,
  "prompt_tokens": 512,
  "generation_tokens": 128,
  "num_trials": 3,
  "memory_gb": 8.5247,
  "ttft_ms": 178.7824,
  "throughput_tps": 66.8724,
  "prompt_tps": 2863.817,
  "mlx_version": "0.31.2",
  "mlx_lm_version": "0.29.1",
  "platform": "macOS-26.4.1-arm64-arm-64bit-Mach-O",
  "status": "ok",
  "error": null,
  "article_id": 1,
  "run_label": null,
  "benchmark_mode": "standard",
  "draft_model_repo": null,
  "draft_preset": "qwen-0.5b",
  "num_draft_tokens": null,
  "draft_accept_rate": null,
  "prefix_cache_cold_ttft_ms": null,
  "prefix_cache_warm_ttft_ms": null,
  "prefix_system_tokens": null,
  "workload": null,
  "schema_version": 1,
  "trials": {
    "ttft_ms": [
      178.84458415210247,
      177.714291960001,
      178.78237506374717
    ],
    "throughput_tps": [
      66.84420418149423,
      66.96195612195889,
      66.87237903140543
    ],
    "memory_gb": [
      8.524674144,
      8.524674144,
      8.524674144
    ],
    "prompt_tps": [
      2862.820825284583,
      2881.028837653858,
      2863.8169719886528
    ]
  },
  "stats": {
    "ttft_ms": {
      "n": 3,
      "mean": 178.4471,
      "median": 178.7824,
      "p50": 178.7824,
      "p95": 178.8384,
      "std": 0.5188,
      "min": 177.7143,
      "max": 178.8446
    },
    "throughput_tps": {
      "n": 3,
      "mean": 66.8928,
      "median": 66.8724,
      "p50": 66.8724,
      "p95": 66.953,
      "std": 0.0502,
      "min": 66.8442,
      "max": 66.962
    },
    "memory_gb": {
      "n": 3,
      "mean": 8.5247,
      "median": 8.5247,
      "p50": 8.5247,
      "p95": 8.5247,
      "std": 0.0,
      "min": 8.5247,
      "max": 8.5247
    },
    "prompt_tps": {
      "n": 3,
      "mean": 2869.2222,
      "median": 2863.817,
      "p50": 2863.817,
      "p95": 2879.3077,
      "std": 8.3584,
      "min": 2862.8208,
      "max": 2881.0288
    }
  },
  "warmup_policy": {
    "warmup_trials": 1,
    "warmup_discarded": true,
    "measured_trials_field": "num_trials",
    "description": "One full generate before timed trials; trials use seed+trial."
  }
}
