{
  "timestamp": "2026-05-25T04:19:30.965119+00:00",
  "hardware": "Mac M5 Max",
  "model_preset": "gemma-9b",
  "configuration": "fp16",
  "weight_bits": 16,
  "optimizations": {
    "weight_bits": 16,
    "kv_cache": false,
    "prefill": false
  },
  "model_repo": "mlx-community/gemma-2-9b-it-8bit",
  "kv_bits": null,
  "prefill_step_size": 512,
  "prompt_tokens": 512,
  "generation_tokens": 128,
  "num_trials": 3,
  "memory_gb": 10.5073,
  "ttft_ms": 262.234,
  "throughput_tps": 49.651,
  "prompt_tps": 1952.4547,
  "mlx_version": "0.31.2",
  "mlx_lm_version": "0.29.1",
  "platform": "macOS-26.4.1-arm64-arm-64bit-Mach-O",
  "status": "ok",
  "error": null,
  "article_id": 1,
  "run_label": null,
  "benchmark_mode": "standard",
  "draft_model_repo": null,
  "draft_preset": "qwen-0.5b",
  "num_draft_tokens": null,
  "draft_accept_rate": null,
  "prefix_cache_cold_ttft_ms": null,
  "prefix_cache_warm_ttft_ms": null,
  "prefix_system_tokens": null,
  "workload": null,
  "schema_version": 1,
  "trials": {
    "ttft_ms": [
      261.3706660922617,
      262.2339997906238,
      264.4067909568548
    ],
    "throughput_tps": [
      49.65103339491889,
      49.7579176814836,
      49.28031410645108
    ],
    "memory_gb": [
      10.507297996,
      10.507297996,
      10.507297996
    ],
    "prompt_tps": [
      1958.9038343701059,
      1952.4546794420157,
      1936.4101736840291
    ]
  },
  "stats": {
    "ttft_ms": {
      "n": 3,
      "mean": 262.6705,
      "median": 262.234,
      "p50": 262.234,
      "p95": 264.1895,
      "std": 1.2773,
      "min": 261.3707,
      "max": 264.4068
    },
    "throughput_tps": {
      "n": 3,
      "mean": 49.5631,
      "median": 49.651,
      "p50": 49.651,
      "p95": 49.7472,
      "std": 0.2047,
      "min": 49.2803,
      "max": 49.7579
    },
    "memory_gb": {
      "n": 3,
      "mean": 10.5073,
      "median": 10.5073,
      "p50": 10.5073,
      "p95": 10.5073,
      "std": 0.0,
      "min": 10.5073,
      "max": 10.5073
    },
    "prompt_tps": {
      "n": 3,
      "mean": 1949.2562,
      "median": 1952.4547,
      "p50": 1952.4547,
      "p95": 1958.2589,
      "std": 9.4574,
      "min": 1936.4102,
      "max": 1958.9038
    }
  },
  "warmup_policy": {
    "warmup_trials": 1,
    "warmup_discarded": true,
    "measured_trials_field": "num_trials",
    "description": "One full generate before timed trials; trials use seed+trial."
  }
}
