{
  "timestamp": "2026-05-25T04:20:04.813546+00:00",
  "hardware": "Mac M5 Max",
  "model_preset": "gemma-9b",
  "configuration": "w4",
  "weight_bits": 4,
  "optimizations": {
    "weight_bits": 4,
    "kv_cache": false,
    "prefill": false
  },
  "model_repo": "mlx-community/gemma-2-9b-it-4bit",
  "kv_bits": null,
  "prefill_step_size": 512,
  "prompt_tokens": 512,
  "generation_tokens": 128,
  "num_trials": 3,
  "memory_gb": 5.9003,
  "ttft_ms": 232.077,
  "throughput_tps": 85.0065,
  "prompt_tps": 2206.1643,
  "mlx_version": "0.31.2",
  "mlx_lm_version": "0.29.1",
  "platform": "macOS-26.4.1-arm64-arm-64bit-Mach-O",
  "status": "ok",
  "error": null,
  "article_id": 1,
  "run_label": null,
  "benchmark_mode": "standard",
  "draft_model_repo": null,
  "draft_preset": "qwen-0.5b",
  "num_draft_tokens": null,
  "draft_accept_rate": null,
  "prefix_cache_cold_ttft_ms": null,
  "prefix_cache_warm_ttft_ms": null,
  "prefix_system_tokens": null,
  "workload": null,
  "schema_version": 1,
  "trials": {
    "ttft_ms": [
      230.9252079576254,
      232.07700019702315,
      232.31041710823774
    ],
    "throughput_tps": [
      85.00650689175887,
      84.76123500481626,
      85.0211827542527
    ],
    "memory_gb": [
      5.900332238,
      5.900332238,
      5.900332238
    ],
    "prompt_tps": [
      2217.168080212151,
      2206.164331516413,
      2203.947659228082
    ]
  },
  "stats": {
    "ttft_ms": {
      "n": 3,
      "mean": 231.7709,
      "median": 232.077,
      "p50": 232.077,
      "p95": 232.2871,
      "std": 0.6055,
      "min": 230.9252,
      "max": 232.3104
    },
    "throughput_tps": {
      "n": 3,
      "mean": 84.9296,
      "median": 85.0065,
      "p50": 85.0065,
      "p95": 85.0197,
      "std": 0.1192,
      "min": 84.7612,
      "max": 85.0212
    },
    "memory_gb": {
      "n": 3,
      "mean": 5.9003,
      "median": 5.9003,
      "p50": 5.9003,
      "p95": 5.9003,
      "std": 0.0,
      "min": 5.9003,
      "max": 5.9003
    },
    "prompt_tps": {
      "n": 3,
      "mean": 2209.0934,
      "median": 2206.1643,
      "p50": 2206.1643,
      "p95": 2216.0677,
      "std": 5.781,
      "min": 2203.9477,
      "max": 2217.1681
    }
  },
  "warmup_policy": {
    "warmup_trials": 1,
    "warmup_discarded": true,
    "measured_trials_field": "num_trials",
    "description": "One full generate before timed trials; trials use seed+trial."
  }
}
