{
  "timestamp": "2026-05-25T05:24:48.518584+00:00",
  "hardware": "Mac M5 Max",
  "model_preset": "mistral-7b",
  "configuration": "fp16",
  "weight_bits": 16,
  "optimizations": {
    "weight_bits": 16,
    "kv_cache": false,
    "prefill": false
  },
  "model_repo": "mlx-community/Mistral-7B-Instruct-v0.3",
  "kv_bits": null,
  "prefill_step_size": 512,
  "prompt_tokens": 512,
  "generation_tokens": 128,
  "num_trials": 3,
  "memory_gb": 14.8911,
  "ttft_ms": 187.9287,
  "throughput_tps": 36.9766,
  "prompt_tps": 2724.4374,
  "mlx_version": "0.31.2",
  "mlx_lm_version": "0.29.1",
  "platform": "macOS-26.4.1-arm64-arm-64bit-Mach-O",
  "status": "ok",
  "error": null,
  "article_id": 5,
  "run_label": null,
  "benchmark_mode": "standard",
  "draft_model_repo": null,
  "draft_preset": null,
  "num_draft_tokens": null,
  "draft_accept_rate": null,
  "prefix_cache_cold_ttft_ms": null,
  "prefix_cache_warm_ttft_ms": null,
  "prefix_system_tokens": null,
  "workload": null,
  "schema_version": 1,
  "trials": {
    "ttft_ms": [
      187.92870896868408,
      189.30299999192357,
      187.4547079205513
    ],
    "throughput_tps": [
      36.80871198764189,
      36.97663704878285,
      37.031137075552145
    ],
    "memory_gb": [
      14.891051068,
      14.891051068,
      14.891051068
    ],
    "prompt_tps": [
      2724.4373827168592,
      2704.6586690218537,
      2731.326439755252
    ]
  },
  "stats": {
    "ttft_ms": {
      "n": 3,
      "mean": 188.2288,
      "median": 187.9287,
      "p50": 187.9287,
      "p95": 189.1656,
      "std": 0.7838,
      "min": 187.4547,
      "max": 189.303
    },
    "throughput_tps": {
      "n": 3,
      "mean": 36.9388,
      "median": 36.9766,
      "p50": 36.9766,
      "p95": 37.0257,
      "std": 0.0947,
      "min": 36.8087,
      "max": 37.0311
    },
    "memory_gb": {
      "n": 3,
      "mean": 14.8911,
      "median": 14.8911,
      "p50": 14.8911,
      "p95": 14.8911,
      "std": 0.0,
      "min": 14.8911,
      "max": 14.8911
    },
    "prompt_tps": {
      "n": 3,
      "mean": 2720.1408,
      "median": 2724.4374,
      "p50": 2724.4374,
      "p95": 2730.6375,
      "std": 11.303,
      "min": 2704.6587,
      "max": 2731.3264
    }
  },
  "warmup_policy": {
    "warmup_trials": 1,
    "warmup_discarded": true,
    "measured_trials_field": "num_trials",
    "description": "One full generate before timed trials; trials use seed+trial."
  }
}
