{
  "timestamp": "2026-05-25T05:25:55.104913+00:00",
  "hardware": "Mac M5 Max",
  "model_preset": "mistral-7b",
  "configuration": "fp16+kv_cache+prefill",
  "weight_bits": 16,
  "optimizations": {
    "weight_bits": 16,
    "kv_cache": true,
    "prefill": true
  },
  "model_repo": "mlx-community/Mistral-7B-Instruct-v0.3",
  "kv_bits": 4,
  "prefill_step_size": 2048,
  "prompt_tokens": 512,
  "generation_tokens": 128,
  "num_trials": 3,
  "memory_gb": 14.8911,
  "ttft_ms": 191.9351,
  "throughput_tps": 36.1765,
  "prompt_tps": 2667.568,
  "mlx_version": "0.31.2",
  "mlx_lm_version": "0.29.1",
  "platform": "macOS-26.4.1-arm64-arm-64bit-Mach-O",
  "status": "ok",
  "error": null,
  "article_id": 5,
  "run_label": null,
  "benchmark_mode": "standard",
  "draft_model_repo": null,
  "draft_preset": null,
  "num_draft_tokens": null,
  "draft_accept_rate": null,
  "prefix_cache_cold_ttft_ms": null,
  "prefix_cache_warm_ttft_ms": null,
  "prefix_system_tokens": null,
  "workload": null,
  "schema_version": 1,
  "trials": {
    "ttft_ms": [
      191.9351250398904,
      190.76954200863838,
      193.2078751269728
    ],
    "throughput_tps": [
      36.1764634215372,
      36.057865834794995,
      36.281221991269135
    ],
    "memory_gb": [
      14.891051068,
      14.891051068,
      14.891051068
    ],
    "prompt_tps": [
      2667.568012335364,
      2683.8665890219295,
      2649.9955018061382
    ]
  },
  "stats": {
    "ttft_ms": {
      "n": 3,
      "mean": 191.9708,
      "median": 191.9351,
      "p50": 191.9351,
      "p95": 193.0806,
      "std": 0.9958,
      "min": 190.7695,
      "max": 193.2079
    },
    "throughput_tps": {
      "n": 3,
      "mean": 36.1719,
      "median": 36.1765,
      "p50": 36.1765,
      "p95": 36.2707,
      "std": 0.0912,
      "min": 36.0579,
      "max": 36.2812
    },
    "memory_gb": {
      "n": 3,
      "mean": 14.8911,
      "median": 14.8911,
      "p50": 14.8911,
      "p95": 14.8911,
      "std": 0.0,
      "min": 14.8911,
      "max": 14.8911
    },
    "prompt_tps": {
      "n": 3,
      "mean": 2667.1434,
      "median": 2667.568,
      "p50": 2667.568,
      "p95": 2682.2367,
      "std": 13.8311,
      "min": 2649.9955,
      "max": 2683.8666
    }
  },
  "warmup_policy": {
    "warmup_trials": 1,
    "warmup_discarded": true,
    "measured_trials_field": "num_trials",
    "description": "One full generate before timed trials; trials use seed+trial."
  }
}
