{
  "timestamp": "2026-05-25T05:25:10.809684+00:00",
  "hardware": "Mac M5 Max",
  "model_preset": "mistral-7b",
  "configuration": "fp16+kv_cache",
  "weight_bits": 16,
  "optimizations": {
    "weight_bits": 16,
    "kv_cache": true,
    "prefill": false
  },
  "model_repo": "mlx-community/Mistral-7B-Instruct-v0.3",
  "kv_bits": 4,
  "prefill_step_size": 512,
  "prompt_tokens": 512,
  "generation_tokens": 128,
  "num_trials": 3,
  "memory_gb": 14.8911,
  "ttft_ms": 190.1772,
  "throughput_tps": 36.0675,
  "prompt_tps": 2692.2259,
  "mlx_version": "0.31.2",
  "mlx_lm_version": "0.29.1",
  "platform": "macOS-26.4.1-arm64-arm-64bit-Mach-O",
  "status": "ok",
  "error": null,
  "article_id": 5,
  "run_label": null,
  "benchmark_mode": "standard",
  "draft_model_repo": null,
  "draft_preset": null,
  "num_draft_tokens": null,
  "draft_accept_rate": null,
  "prefix_cache_cold_ttft_ms": null,
  "prefix_cache_warm_ttft_ms": null,
  "prefix_system_tokens": null,
  "workload": null,
  "schema_version": 1,
  "trials": {
    "ttft_ms": [
      191.87725009396672,
      189.532709075138,
      190.17720804549754
    ],
    "throughput_tps": [
      36.06747872150527,
      36.34495709034926,
      36.05090584678741
    ],
    "memory_gb": [
      14.891051068,
      14.891051068,
      14.891051068
    ],
    "prompt_tps": [
      2668.3726171250723,
      2701.3806877894817,
      2692.225873236662
    ]
  },
  "stats": {
    "ttft_ms": {
      "n": 3,
      "mean": 190.5291,
      "median": 190.1772,
      "p50": 190.1772,
      "p95": 191.7072,
      "std": 0.989,
      "min": 189.5327,
      "max": 191.8773
    },
    "throughput_tps": {
      "n": 3,
      "mean": 36.1544,
      "median": 36.0675,
      "p50": 36.0675,
      "p95": 36.3172,
      "std": 0.1349,
      "min": 36.0509,
      "max": 36.345
    },
    "memory_gb": {
      "n": 3,
      "mean": 14.8911,
      "median": 14.8911,
      "p50": 14.8911,
      "p95": 14.8911,
      "std": 0.0,
      "min": 14.8911,
      "max": 14.8911
    },
    "prompt_tps": {
      "n": 3,
      "mean": 2687.3264,
      "median": 2692.2259,
      "p50": 2692.2259,
      "p95": 2700.4652,
      "std": 13.9137,
      "min": 2668.3726,
      "max": 2701.3807
    }
  },
  "warmup_policy": {
    "warmup_trials": 1,
    "warmup_discarded": true,
    "measured_trials_field": "num_trials",
    "description": "One full generate before timed trials; trials use seed+trial."
  }
}
