{
  "timestamp": "2026-05-23T14:55:08.842543+00:00",
  "hardware": "Mac M5 Max",
  "model_preset": "mistral-7b",
  "configuration": "fp16+kv_cache",
  "weight_bits": 16,
  "optimizations": {
    "weight_bits": 16,
    "kv_cache": true,
    "prefill": false
  },
  "model_repo": "mlx-community/Mistral-7B-Instruct-v0.3",
  "kv_bits": 4,
  "prefill_step_size": 512,
  "prompt_tokens": 512,
  "generation_tokens": 128,
  "num_trials": 3,
  "memory_gb": 14.8911,
  "ttft_ms": 192.7124,
  "throughput_tps": 36.0647,
  "prompt_tps": 2656.8086,
  "mlx_version": "0.31.2",
  "mlx_lm_version": "0.29.1",
  "platform": "macOS-26.4.1-arm64-arm-64bit-Mach-O",
  "status": "ok",
  "error": null,
  "article_id": 5,
  "run_label": null,
  "benchmark_mode": "standard",
  "draft_model_repo": null,
  "draft_preset": "qwen-0.5b",
  "num_draft_tokens": null,
  "draft_accept_rate": null,
  "prefix_cache_cold_ttft_ms": null,
  "prefix_cache_warm_ttft_ms": null,
  "prefix_system_tokens": null,
  "workload": null,
  "schema_version": 1,
  "trials": {
    "ttft_ms": [
      189.45483397692442,
      194.45154210552573,
      192.71241687238216
    ],
    "throughput_tps": [
      36.17359695447115,
      35.97464054177565,
      36.0646655003655
    ],
    "memory_gb": [
      14.891051068,
      14.891051068,
      14.891051068
    ],
    "prompt_tps": [
      2702.4910858825674,
      2633.046744993906,
      2656.8085664093774
    ]
  },
  "stats": {
    "ttft_ms": {
      "n": 3,
      "mean": 192.2063,
      "median": 192.7124,
      "p50": 192.7124,
      "p95": 194.2776,
      "std": 2.0711,
      "min": 189.4548,
      "max": 194.4515
    },
    "throughput_tps": {
      "n": 3,
      "mean": 36.071,
      "median": 36.0647,
      "p50": 36.0647,
      "p95": 36.1627,
      "std": 0.0813,
      "min": 35.9746,
      "max": 36.1736
    },
    "memory_gb": {
      "n": 3,
      "mean": 14.8911,
      "median": 14.8911,
      "p50": 14.8911,
      "p95": 14.8911,
      "std": 0.0,
      "min": 14.8911,
      "max": 14.8911
    },
    "prompt_tps": {
      "n": 3,
      "mean": 2664.1155,
      "median": 2656.8086,
      "p50": 2656.8086,
      "p95": 2697.9228,
      "std": 28.8175,
      "min": 2633.0467,
      "max": 2702.4911
    }
  },
  "warmup_policy": {
    "warmup_trials": 1,
    "warmup_discarded": true,
    "measured_trials_field": "num_trials",
    "description": "One full generate before timed trials; trials use seed+trial."
  }
}
