{
  "timestamp": "2026-05-23T14:54:45.999804+00:00",
  "hardware": "Mac M5 Max",
  "model_preset": "mistral-7b",
  "configuration": "fp16",
  "weight_bits": 16,
  "optimizations": {
    "weight_bits": 16,
    "kv_cache": false,
    "prefill": false
  },
  "model_repo": "mlx-community/Mistral-7B-Instruct-v0.3",
  "kv_bits": null,
  "prefill_step_size": 512,
  "prompt_tokens": 512,
  "generation_tokens": 128,
  "num_trials": 3,
  "memory_gb": 14.8911,
  "ttft_ms": 188.3724,
  "throughput_tps": 36.9021,
  "prompt_tps": 2718.0206,
  "mlx_version": "0.31.2",
  "mlx_lm_version": "0.29.1",
  "platform": "macOS-26.4.1-arm64-arm-64bit-Mach-O",
  "status": "ok",
  "error": null,
  "article_id": 5,
  "run_label": null,
  "benchmark_mode": "standard",
  "draft_model_repo": null,
  "draft_preset": "qwen-0.5b",
  "num_draft_tokens": null,
  "draft_accept_rate": null,
  "prefix_cache_cold_ttft_ms": null,
  "prefix_cache_warm_ttft_ms": null,
  "prefix_system_tokens": null,
  "workload": null,
  "schema_version": 1,
  "trials": {
    "ttft_ms": [
      188.37237521074712,
      188.18966718390584,
      191.96970807388428
    ],
    "throughput_tps": [
      37.08618481608451,
      36.90207289634602,
      36.61225166099904
    ],
    "memory_gb": [
      14.891051068,
      14.891051068,
      14.891051068
    ],
    "prompt_tps": [
      2718.020619675178,
      2720.6594690432967,
      2667.0874542505644
    ]
  },
  "stats": {
    "ttft_ms": {
      "n": 3,
      "mean": 189.5106,
      "median": 188.3724,
      "p50": 188.3724,
      "p95": 191.61,
      "std": 1.7405,
      "min": 188.1897,
      "max": 191.9697
    },
    "throughput_tps": {
      "n": 3,
      "mean": 36.8668,
      "median": 36.9021,
      "p50": 36.9021,
      "p95": 37.0678,
      "std": 0.1951,
      "min": 36.6123,
      "max": 37.0862
    },
    "memory_gb": {
      "n": 3,
      "mean": 14.8911,
      "median": 14.8911,
      "p50": 14.8911,
      "p95": 14.8911,
      "std": 0.0,
      "min": 14.8911,
      "max": 14.8911
    },
    "prompt_tps": {
      "n": 3,
      "mean": 2701.9225,
      "median": 2718.0206,
      "p50": 2718.0206,
      "p95": 2720.3956,
      "std": 24.6557,
      "min": 2667.0875,
      "max": 2720.6595
    }
  },
  "warmup_policy": {
    "warmup_trials": 1,
    "warmup_discarded": true,
    "measured_trials_field": "num_trials",
    "description": "One full generate before timed trials; trials use seed+trial."
  }
}
