{
  "timestamp": "2026-05-25T05:25:32.797387+00:00",
  "hardware": "Mac M5 Max",
  "model_preset": "mistral-7b",
  "configuration": "fp16+prefill",
  "weight_bits": 16,
  "optimizations": {
    "weight_bits": 16,
    "kv_cache": false,
    "prefill": true
  },
  "model_repo": "mlx-community/Mistral-7B-Instruct-v0.3",
  "kv_bits": null,
  "prefill_step_size": 2048,
  "prompt_tokens": 512,
  "generation_tokens": 128,
  "num_trials": 3,
  "memory_gb": 14.8911,
  "ttft_ms": 188.4724,
  "throughput_tps": 37.0084,
  "prompt_tps": 2716.5785,
  "mlx_version": "0.31.2",
  "mlx_lm_version": "0.29.1",
  "platform": "macOS-26.4.1-arm64-arm-64bit-Mach-O",
  "status": "ok",
  "error": null,
  "article_id": 5,
  "run_label": null,
  "benchmark_mode": "standard",
  "draft_model_repo": null,
  "draft_preset": null,
  "num_draft_tokens": null,
  "draft_accept_rate": null,
  "prefix_cache_cold_ttft_ms": null,
  "prefix_cache_warm_ttft_ms": null,
  "prefix_system_tokens": null,
  "workload": null,
  "schema_version": 1,
  "trials": {
    "ttft_ms": [
      188.47237504087389,
      190.91616710647943,
      187.31174990534782
    ],
    "throughput_tps": [
      37.09623743731644,
      36.90134682306776,
      37.00838838063248
    ],
    "memory_gb": [
      14.891051068,
      14.891051068,
      14.891051068
    ],
    "prompt_tps": [
      2716.578490025198,
      2681.805358654843,
      2733.411012703278
    ]
  },
  "stats": {
    "ttft_ms": {
      "n": 3,
      "mean": 188.9001,
      "median": 188.4724,
      "p50": 188.4724,
      "p95": 190.6718,
      "std": 1.5023,
      "min": 187.3117,
      "max": 190.9162
    },
    "throughput_tps": {
      "n": 3,
      "mean": 37.002,
      "median": 37.0084,
      "p50": 37.0084,
      "p95": 37.0875,
      "std": 0.0797,
      "min": 36.9013,
      "max": 37.0962
    },
    "memory_gb": {
      "n": 3,
      "mean": 14.8911,
      "median": 14.8911,
      "p50": 14.8911,
      "p95": 14.8911,
      "std": 0.0,
      "min": 14.8911,
      "max": 14.8911
    },
    "prompt_tps": {
      "n": 3,
      "mean": 2710.5983,
      "median": 2716.5785,
      "p50": 2716.5785,
      "p95": 2731.7278,
      "std": 21.4881,
      "min": 2681.8054,
      "max": 2733.411
    }
  },
  "warmup_policy": {
    "warmup_trials": 1,
    "warmup_discarded": true,
    "measured_trials_field": "num_trials",
    "description": "One full generate before timed trials; trials use seed+trial."
  }
}
