{
  "timestamp": "2026-05-23T14:55:52.793854+00:00",
  "hardware": "Mac M5 Max",
  "model_preset": "mistral-7b",
  "configuration": "fp16+kv_cache+prefill",
  "weight_bits": 16,
  "optimizations": {
    "weight_bits": 16,
    "kv_cache": true,
    "prefill": true
  },
  "model_repo": "mlx-community/Mistral-7B-Instruct-v0.3",
  "kv_bits": 4,
  "prefill_step_size": 2048,
  "prompt_tokens": 512,
  "generation_tokens": 128,
  "num_trials": 3,
  "memory_gb": 14.8911,
  "ttft_ms": 189.8487,
  "throughput_tps": 36.1521,
  "prompt_tps": 2696.8849,
  "mlx_version": "0.31.2",
  "mlx_lm_version": "0.29.1",
  "platform": "macOS-26.4.1-arm64-arm-64bit-Mach-O",
  "status": "ok",
  "error": null,
  "article_id": 5,
  "run_label": null,
  "benchmark_mode": "standard",
  "draft_model_repo": null,
  "draft_preset": "qwen-0.5b",
  "num_draft_tokens": null,
  "draft_accept_rate": null,
  "prefix_cache_cold_ttft_ms": null,
  "prefix_cache_warm_ttft_ms": null,
  "prefix_system_tokens": null,
  "workload": null,
  "schema_version": 1,
  "trials": {
    "ttft_ms": [
      190.54916710592806,
      189.84866584651172,
      189.75958321243525
    ],
    "throughput_tps": [
      36.029753813530604,
      36.15208801326987,
      36.212058377030395
    ],
    "memory_gb": [
      14.891051068,
      14.891051068,
      14.891051068
    ],
    "prompt_tps": [
      2686.9705482122336,
      2696.884898911748,
      2698.150951495386
    ]
  },
  "stats": {
    "ttft_ms": {
      "n": 3,
      "mean": 190.0525,
      "median": 189.8487,
      "p50": 189.8487,
      "p95": 190.4791,
      "std": 0.3531,
      "min": 189.7596,
      "max": 190.5492
    },
    "throughput_tps": {
      "n": 3,
      "mean": 36.1313,
      "median": 36.1521,
      "p50": 36.1521,
      "p95": 36.2061,
      "std": 0.0759,
      "min": 36.0298,
      "max": 36.2121
    },
    "memory_gb": {
      "n": 3,
      "mean": 14.8911,
      "median": 14.8911,
      "p50": 14.8911,
      "p95": 14.8911,
      "std": 0.0,
      "min": 14.8911,
      "max": 14.8911
    },
    "prompt_tps": {
      "n": 3,
      "mean": 2694.0021,
      "median": 2696.8849,
      "p50": 2696.8849,
      "p95": 2698.0243,
      "std": 4.9989,
      "min": 2686.9705,
      "max": 2698.151
    }
  },
  "warmup_policy": {
    "warmup_trials": 1,
    "warmup_discarded": true,
    "measured_trials_field": "num_trials",
    "description": "One full generate before timed trials; trials use seed+trial."
  }
}
