{
  "timestamp": "2026-05-25T06:06:52.958419+00:00",
  "hardware": "Mac M5 Max",
  "model_preset": "mistral-7b",
  "configuration": "fp16",
  "weight_bits": 16,
  "optimizations": {
    "weight_bits": 16,
    "kv_cache": false,
    "prefill": false
  },
  "model_repo": "mlx-community/Mistral-7B-Instruct-v0.3",
  "kv_bits": null,
  "prefill_step_size": 512,
  "prompt_tokens": 512,
  "generation_tokens": 128,
  "num_trials": 3,
  "memory_gb": 14.8911,
  "ttft_ms": 190.626,
  "throughput_tps": 36.7886,
  "prompt_tps": 2685.8881,
  "mlx_version": "0.31.2",
  "mlx_lm_version": "0.29.1",
  "platform": "macOS-26.4.1-arm64-arm-64bit-Mach-O",
  "status": "ok",
  "error": null,
  "article_id": 5,
  "run_label": "fp16_mistral",
  "benchmark_mode": "standard",
  "draft_model_repo": null,
  "draft_preset": null,
  "num_draft_tokens": null,
  "draft_accept_rate": null,
  "prefix_cache_cold_ttft_ms": null,
  "prefix_cache_warm_ttft_ms": null,
  "prefix_system_tokens": null,
  "workload": null,
  "schema_version": 1,
  "trials": {
    "ttft_ms": [
      190.62595791183412,
      190.90979103930295,
      188.82149993442
    ],
    "throughput_tps": [
      37.05536189015789,
      36.76579488589957,
      36.78860264490591
    ],
    "memory_gb": [
      14.891051068,
      14.891051068,
      14.891051068
    ],
    "prompt_tps": [
      2685.888142457512,
      2681.89492646081,
      2711.555623580068
    ]
  },
  "stats": {
    "ttft_ms": {
      "n": 3,
      "mean": 190.1191,
      "median": 190.626,
      "p50": 190.626,
      "p95": 190.8814,
      "std": 0.9248,
      "min": 188.8215,
      "max": 190.9098
    },
    "throughput_tps": {
      "n": 3,
      "mean": 36.8699,
      "median": 36.7886,
      "p50": 36.7886,
      "p95": 37.0287,
      "std": 0.1315,
      "min": 36.7658,
      "max": 37.0554
    },
    "memory_gb": {
      "n": 3,
      "mean": 14.8911,
      "median": 14.8911,
      "p50": 14.8911,
      "p95": 14.8911,
      "std": 0.0,
      "min": 14.8911,
      "max": 14.8911
    },
    "prompt_tps": {
      "n": 3,
      "mean": 2693.1129,
      "median": 2685.8881,
      "p50": 2685.8881,
      "p95": 2708.9889,
      "std": 13.1425,
      "min": 2681.8949,
      "max": 2711.5556
    }
  },
  "warmup_policy": {
    "warmup_trials": 1,
    "warmup_discarded": true,
    "measured_trials_field": "num_trials",
    "description": "One full generate before timed trials; trials use seed+trial."
  }
}
