{
  "timestamp": "2026-05-25T06:07:05.069210+00:00",
  "hardware": "Mac M5 Max",
  "model_preset": "mistral-7b",
  "configuration": "w4+kv_cache+prefill",
  "weight_bits": 4,
  "optimizations": {
    "weight_bits": 4,
    "kv_cache": true,
    "prefill": true
  },
  "model_repo": "mlx-community/Mistral-7B-Instruct-v0.3-4bit",
  "kv_bits": 4,
  "prefill_step_size": 2048,
  "prompt_tokens": 512,
  "generation_tokens": 128,
  "num_trials": 3,
  "memory_gb": 4.6727,
  "ttft_ms": 164.1838,
  "throughput_tps": 114.31,
  "prompt_tps": 3118.4572,
  "mlx_version": "0.31.2",
  "mlx_lm_version": "0.29.1",
  "platform": "macOS-26.4.1-arm64-arm-64bit-Mach-O",
  "status": "ok",
  "error": null,
  "article_id": 5,
  "run_label": "optimized_mistral",
  "benchmark_mode": "standard",
  "draft_model_repo": null,
  "draft_preset": null,
  "num_draft_tokens": null,
  "draft_accept_rate": null,
  "prefix_cache_cold_ttft_ms": null,
  "prefix_cache_warm_ttft_ms": null,
  "prefix_system_tokens": null,
  "workload": null,
  "schema_version": 1,
  "trials": {
    "ttft_ms": [
      163.5653330013156,
      164.1837500501424,
      165.32999998889863
    ],
    "throughput_tps": [
      114.30998392014355,
      114.50047935829484,
      112.69972972248172
    ],
    "memory_gb": [
      4.672694404,
      4.672694404,
      4.672694404
    ],
    "prompt_tps": [
      3130.247654592443,
      3118.4572154286466,
      3096.836629978704
    ]
  },
  "stats": {
    "ttft_ms": {
      "n": 3,
      "mean": 164.3597,
      "median": 164.1838,
      "p50": 164.1838,
      "p95": 165.2154,
      "std": 0.7311,
      "min": 163.5653,
      "max": 165.33
    },
    "throughput_tps": {
      "n": 3,
      "mean": 113.8367,
      "median": 114.31,
      "p50": 114.31,
      "p95": 114.4814,
      "std": 0.8077,
      "min": 112.6997,
      "max": 114.5005
    },
    "memory_gb": {
      "n": 3,
      "mean": 4.6727,
      "median": 4.6727,
      "p50": 4.6727,
      "p95": 4.6727,
      "std": 0.0,
      "min": 4.6727,
      "max": 4.6727
    },
    "prompt_tps": {
      "n": 3,
      "mean": 3115.1805,
      "median": 3118.4572,
      "p50": 3118.4572,
      "p95": 3129.0686,
      "std": 13.8354,
      "min": 3096.8366,
      "max": 3130.2477
    }
  },
  "warmup_policy": {
    "warmup_trials": 1,
    "warmup_discarded": true,
    "measured_trials_field": "num_trials",
    "description": "One full generate before timed trials; trials use seed+trial."
  }
}
