{
  "timestamp": "2026-05-25T05:27:20.493690+00:00",
  "hardware": "Mac M5 Max",
  "model_preset": "mistral-7b",
  "configuration": "w4+kv_cache",
  "weight_bits": 4,
  "optimizations": {
    "weight_bits": 4,
    "kv_cache": true,
    "prefill": false
  },
  "model_repo": "mlx-community/Mistral-7B-Instruct-v0.3-4bit",
  "kv_bits": 4,
  "prefill_step_size": 512,
  "prompt_tokens": 512,
  "generation_tokens": 128,
  "num_trials": 3,
  "memory_gb": 4.6727,
  "ttft_ms": 165.2296,
  "throughput_tps": 113.5894,
  "prompt_tps": 3098.7179,
  "mlx_version": "0.31.2",
  "mlx_lm_version": "0.29.1",
  "platform": "macOS-26.4.1-arm64-arm-64bit-Mach-O",
  "status": "ok",
  "error": null,
  "article_id": 5,
  "run_label": null,
  "benchmark_mode": "standard",
  "draft_model_repo": null,
  "draft_preset": null,
  "num_draft_tokens": null,
  "draft_accept_rate": null,
  "prefix_cache_cold_ttft_ms": null,
  "prefix_cache_warm_ttft_ms": null,
  "prefix_system_tokens": null,
  "workload": null,
  "schema_version": 1,
  "trials": {
    "ttft_ms": [
      165.72962515056133,
      165.22962506860495,
      163.97733287885785
    ],
    "throughput_tps": [
      112.63413254938177,
      113.58935404632243,
      113.8246988461124
    ],
    "memory_gb": [
      4.672694404,
      4.672694404,
      4.672694404
    ],
    "prompt_tps": [
      3089.369203211921,
      3098.717919304196,
      3122.382777004015
    ]
  },
  "stats": {
    "ttft_ms": {
      "n": 3,
      "mean": 164.9789,
      "median": 165.2296,
      "p50": 165.2296,
      "p95": 165.6796,
      "std": 0.737,
      "min": 163.9773,
      "max": 165.7296
    },
    "throughput_tps": {
      "n": 3,
      "mean": 113.3494,
      "median": 113.5894,
      "p50": 113.5894,
      "p95": 113.8012,
      "std": 0.5148,
      "min": 112.6341,
      "max": 113.8247
    },
    "memory_gb": {
      "n": 3,
      "mean": 4.6727,
      "median": 4.6727,
      "p50": 4.6727,
      "p95": 4.6727,
      "std": 0.0,
      "min": 4.6727,
      "max": 4.6727
    },
    "prompt_tps": {
      "n": 3,
      "mean": 3103.49,
      "median": 3098.7179,
      "p50": 3098.7179,
      "p95": 3120.0163,
      "std": 13.8937,
      "min": 3089.3692,
      "max": 3122.3828
    }
  },
  "warmup_policy": {
    "warmup_trials": 1,
    "warmup_discarded": true,
    "measured_trials_field": "num_trials",
    "description": "One full generate before timed trials; trials use seed+trial."
  }
}
