{
  "timestamp": "2026-05-23T14:57:18.375280+00:00",
  "hardware": "Mac M5 Max",
  "model_preset": "mistral-7b",
  "configuration": "w4+kv_cache",
  "weight_bits": 4,
  "optimizations": {
    "weight_bits": 4,
    "kv_cache": true,
    "prefill": false
  },
  "model_repo": "mlx-community/Mistral-7B-Instruct-v0.3-4bit",
  "kv_bits": 4,
  "prefill_step_size": 512,
  "prompt_tokens": 512,
  "generation_tokens": 128,
  "num_trials": 3,
  "memory_gb": 4.6727,
  "ttft_ms": 164.1909,
  "throughput_tps": 113.8681,
  "prompt_tps": 3118.3211,
  "mlx_version": "0.31.2",
  "mlx_lm_version": "0.29.1",
  "platform": "macOS-26.4.1-arm64-arm-64bit-Mach-O",
  "status": "ok",
  "error": null,
  "article_id": 5,
  "run_label": null,
  "benchmark_mode": "standard",
  "draft_model_repo": null,
  "draft_preset": "qwen-0.5b",
  "num_draft_tokens": null,
  "draft_accept_rate": null,
  "prefix_cache_cold_ttft_ms": null,
  "prefix_cache_warm_ttft_ms": null,
  "prefix_system_tokens": null,
  "workload": null,
  "schema_version": 1,
  "trials": {
    "ttft_ms": [
      164.19091704301536,
      163.9571248088032,
      164.59191706962883
    ],
    "throughput_tps": [
      114.18566591866725,
      113.86045737653266,
      113.86806250338866
    ],
    "memory_gb": [
      4.672694404,
      4.672694404,
      4.672694404
    ],
    "prompt_tps": [
      3118.3210936440796,
      3122.7676174308567,
      3110.7238381785414
    ]
  },
  "stats": {
    "ttft_ms": {
      "n": 3,
      "mean": 164.2467,
      "median": 164.1909,
      "p50": 164.1909,
      "p95": 164.5518,
      "std": 0.2621,
      "min": 163.9571,
      "max": 164.5919
    },
    "throughput_tps": {
      "n": 3,
      "mean": 113.9714,
      "median": 113.8681,
      "p50": 113.8681,
      "p95": 114.1539,
      "std": 0.1515,
      "min": 113.8605,
      "max": 114.1857
    },
    "memory_gb": {
      "n": 3,
      "mean": 4.6727,
      "median": 4.6727,
      "p50": 4.6727,
      "p95": 4.6727,
      "std": 0.0,
      "min": 4.6727,
      "max": 4.6727
    },
    "prompt_tps": {
      "n": 3,
      "mean": 3117.2708,
      "median": 3118.3211,
      "p50": 3118.3211,
      "p95": 3122.323,
      "std": 4.9726,
      "min": 3110.7238,
      "max": 3122.7676
    }
  },
  "warmup_policy": {
    "warmup_trials": 1,
    "warmup_discarded": true,
    "measured_trials_field": "num_trials",
    "description": "One full generate before timed trials; trials use seed+trial."
  }
}
