{
  "timestamp": "2026-05-25T05:27:43.966360+00:00",
  "hardware": "Mac M5 Max",
  "model_preset": "mistral-7b",
  "configuration": "w4+kv_cache+prefill",
  "weight_bits": 4,
  "optimizations": {
    "weight_bits": 4,
    "kv_cache": true,
    "prefill": true
  },
  "model_repo": "mlx-community/Mistral-7B-Instruct-v0.3-4bit",
  "kv_bits": 4,
  "prefill_step_size": 2048,
  "prompt_tokens": 512,
  "generation_tokens": 128,
  "num_trials": 3,
  "memory_gb": 4.6727,
  "ttft_ms": 163.8496,
  "throughput_tps": 113.6657,
  "prompt_tps": 3124.8172,
  "mlx_version": "0.31.2",
  "mlx_lm_version": "0.29.1",
  "platform": "macOS-26.4.1-arm64-arm-64bit-Mach-O",
  "status": "ok",
  "error": null,
  "article_id": 5,
  "run_label": null,
  "benchmark_mode": "standard",
  "draft_model_repo": null,
  "draft_preset": null,
  "num_draft_tokens": null,
  "draft_accept_rate": null,
  "prefix_cache_cold_ttft_ms": null,
  "prefix_cache_warm_ttft_ms": null,
  "prefix_system_tokens": null,
  "workload": null,
  "schema_version": 1,
  "trials": {
    "ttft_ms": [
      165.56341690011322,
      163.61662512645125,
      163.84958382695913
    ],
    "throughput_tps": [
      113.74533930799292,
      113.66565717861207,
      112.7602915429692
    ],
    "memory_gb": [
      4.672694404,
      4.672694404,
      4.672694404
    ],
    "prompt_tps": [
      3092.47060483716,
      3129.266354224703,
      3124.8172136996154
    ]
  },
  "stats": {
    "ttft_ms": {
      "n": 3,
      "mean": 164.3432,
      "median": 163.8496,
      "p50": 163.8496,
      "p95": 165.392,
      "std": 0.868,
      "min": 163.6166,
      "max": 165.5634
    },
    "throughput_tps": {
      "n": 3,
      "mean": 113.3904,
      "median": 113.6657,
      "p50": 113.6657,
      "p95": 113.7374,
      "std": 0.4468,
      "min": 112.7603,
      "max": 113.7453
    },
    "memory_gb": {
      "n": 3,
      "mean": 4.6727,
      "median": 4.6727,
      "p50": 4.6727,
      "p95": 4.6727,
      "std": 0.0,
      "min": 4.6727,
      "max": 4.6727
    },
    "prompt_tps": {
      "n": 3,
      "mean": 3115.5181,
      "median": 3124.8172,
      "p50": 3124.8172,
      "p95": 3128.8214,
      "std": 16.3979,
      "min": 3092.4706,
      "max": 3129.2664
    }
  },
  "warmup_policy": {
    "warmup_trials": 1,
    "warmup_discarded": true,
    "measured_trials_field": "num_trials",
    "description": "One full generate before timed trials; trials use seed+trial."
  }
}
