{
  "timestamp": "2026-05-25T05:27:32.103923+00:00",
  "hardware": "Mac M5 Max",
  "model_preset": "mistral-7b",
  "configuration": "w4+prefill",
  "weight_bits": 4,
  "optimizations": {
    "weight_bits": 4,
    "kv_cache": false,
    "prefill": true
  },
  "model_repo": "mlx-community/Mistral-7B-Instruct-v0.3-4bit",
  "kv_bits": null,
  "prefill_step_size": 2048,
  "prompt_tokens": 512,
  "generation_tokens": 128,
  "num_trials": 3,
  "memory_gb": 4.6727,
  "ttft_ms": 162.1067,
  "throughput_tps": 118.678,
  "prompt_tps": 3158.4142,
  "mlx_version": "0.31.2",
  "mlx_lm_version": "0.29.1",
  "platform": "macOS-26.4.1-arm64-arm-64bit-Mach-O",
  "status": "ok",
  "error": null,
  "article_id": 5,
  "run_label": null,
  "benchmark_mode": "standard",
  "draft_model_repo": null,
  "draft_preset": null,
  "num_draft_tokens": null,
  "draft_accept_rate": null,
  "prefix_cache_cold_ttft_ms": null,
  "prefix_cache_warm_ttft_ms": null,
  "prefix_system_tokens": null,
  "workload": null,
  "schema_version": 1,
  "trials": {
    "ttft_ms": [
      162.10666694678366,
      163.53599983267486,
      161.79099981673062
    ],
    "throughput_tps": [
      118.67800583806762,
      118.32656206018727,
      118.77282159454563
    ],
    "memory_gb": [
      4.672694404,
      4.672694404,
      4.672694404
    ],
    "prompt_tps": [
      3158.414207406283,
      3130.809121684908,
      3164.576525146454
    ]
  },
  "stats": {
    "ttft_ms": {
      "n": 3,
      "mean": 162.4779,
      "median": 162.1067,
      "p50": 162.1067,
      "p95": 163.3931,
      "std": 0.7592,
      "min": 161.791,
      "max": 163.536
    },
    "throughput_tps": {
      "n": 3,
      "mean": 118.5925,
      "median": 118.678,
      "p50": 118.678,
      "p95": 118.7633,
      "std": 0.192,
      "min": 118.3266,
      "max": 118.7728
    },
    "memory_gb": {
      "n": 3,
      "mean": 4.6727,
      "median": 4.6727,
      "p50": 4.6727,
      "p95": 4.6727,
      "std": 0.0,
      "min": 4.6727,
      "max": 4.6727
    },
    "prompt_tps": {
      "n": 3,
      "mean": 3151.2666,
      "median": 3158.4142,
      "p50": 3158.4142,
      "p95": 3163.9603,
      "std": 14.6828,
      "min": 3130.8091,
      "max": 3164.5765
    }
  },
  "warmup_policy": {
    "warmup_trials": 1,
    "warmup_discarded": true,
    "measured_trials_field": "num_trials",
    "description": "One full generate before timed trials; trials use seed+trial."
  }
}
