{
  "timestamp": "2026-05-23T14:57:30.086287+00:00",
  "hardware": "Mac M5 Max",
  "model_preset": "mistral-7b",
  "configuration": "w4+prefill",
  "weight_bits": 4,
  "optimizations": {
    "weight_bits": 4,
    "kv_cache": false,
    "prefill": true
  },
  "model_repo": "mlx-community/Mistral-7B-Instruct-v0.3-4bit",
  "kv_bits": null,
  "prefill_step_size": 2048,
  "prompt_tokens": 512,
  "generation_tokens": 128,
  "num_trials": 3,
  "memory_gb": 4.6727,
  "ttft_ms": 162.0304,
  "throughput_tps": 117.2552,
  "prompt_tps": 3159.9005,
  "mlx_version": "0.31.2",
  "mlx_lm_version": "0.29.1",
  "platform": "macOS-26.4.1-arm64-arm-64bit-Mach-O",
  "status": "ok",
  "error": null,
  "article_id": 5,
  "run_label": null,
  "benchmark_mode": "standard",
  "draft_model_repo": null,
  "draft_preset": "qwen-0.5b",
  "num_draft_tokens": null,
  "draft_accept_rate": null,
  "prefix_cache_cold_ttft_ms": null,
  "prefix_cache_warm_ttft_ms": null,
  "prefix_system_tokens": null,
  "workload": null,
  "schema_version": 1,
  "trials": {
    "ttft_ms": [
      162.0304170064628,
      161.39383311383426,
      163.4576660580933
    ],
    "throughput_tps": [
      117.25517090080461,
      117.37867283297582,
      117.24902639186996
    ],
    "memory_gb": [
      4.672694404,
      4.672694404,
      4.672694404
    ],
    "prompt_tps": [
      3159.9005264522534,
      3172.3640867918184,
      3132.3094985219827
    ]
  },
  "stats": {
    "ttft_ms": {
      "n": 3,
      "mean": 162.294,
      "median": 162.0304,
      "p50": 162.0304,
      "p95": 163.3149,
      "std": 0.8629,
      "min": 161.3938,
      "max": 163.4577
    },
    "throughput_tps": {
      "n": 3,
      "mean": 117.2943,
      "median": 117.2552,
      "p50": 117.2552,
      "p95": 117.3663,
      "std": 0.0597,
      "min": 117.249,
      "max": 117.3787
    },
    "memory_gb": {
      "n": 3,
      "mean": 4.6727,
      "median": 4.6727,
      "p50": 4.6727,
      "p95": 4.6727,
      "std": 0.0,
      "min": 4.6727,
      "max": 4.6727
    },
    "prompt_tps": {
      "n": 3,
      "mean": 3154.858,
      "median": 3159.9005,
      "p50": 3159.9005,
      "p95": 3171.1177,
      "std": 16.7364,
      "min": 3132.3095,
      "max": 3172.3641
    }
  },
  "warmup_policy": {
    "warmup_trials": 1,
    "warmup_discarded": true,
    "measured_trials_field": "num_trials",
    "description": "One full generate before timed trials; trials use seed+trial."
  }
}
