{
  "timestamp": "2026-05-23T14:57:06.530102+00:00",
  "hardware": "Mac M5 Max",
  "model_preset": "mistral-7b",
  "configuration": "w4",
  "weight_bits": 4,
  "optimizations": {
    "weight_bits": 4,
    "kv_cache": false,
    "prefill": false
  },
  "model_repo": "mlx-community/Mistral-7B-Instruct-v0.3-4bit",
  "kv_bits": null,
  "prefill_step_size": 512,
  "prompt_tokens": 512,
  "generation_tokens": 128,
  "num_trials": 3,
  "memory_gb": 4.6727,
  "ttft_ms": 161.955,
  "throughput_tps": 117.7791,
  "prompt_tps": 3161.372,
  "mlx_version": "0.31.2",
  "mlx_lm_version": "0.29.1",
  "platform": "macOS-26.4.1-arm64-arm-64bit-Mach-O",
  "status": "ok",
  "error": null,
  "article_id": 5,
  "run_label": null,
  "benchmark_mode": "standard",
  "draft_model_repo": null,
  "draft_preset": "qwen-0.5b",
  "num_draft_tokens": null,
  "draft_accept_rate": null,
  "prefix_cache_cold_ttft_ms": null,
  "prefix_cache_warm_ttft_ms": null,
  "prefix_system_tokens": null,
  "workload": null,
  "schema_version": 1,
  "trials": {
    "ttft_ms": [
      161.9549999013543,
      161.76320798695087,
      163.07683405466378
    ],
    "throughput_tps": [
      117.91614987499655,
      117.77905516294365,
      117.76032295363304
    ],
    "memory_gb": [
      4.672694404,
      4.672694404,
      4.672694404
    ],
    "prompt_tps": [
      3161.3719879710766,
      3165.1202172084895,
      3139.6243554027806
    ]
  },
  "stats": {
    "ttft_ms": {
      "n": 3,
      "mean": 162.265,
      "median": 161.955,
      "p50": 161.955,
      "p95": 162.9647,
      "std": 0.5794,
      "min": 161.7632,
      "max": 163.0768
    },
    "throughput_tps": {
      "n": 3,
      "mean": 117.8185,
      "median": 117.7791,
      "p50": 117.7791,
      "p95": 117.9024,
      "std": 0.0695,
      "min": 117.7603,
      "max": 117.9161
    },
    "memory_gb": {
      "n": 3,
      "mean": 4.6727,
      "median": 4.6727,
      "p50": 4.6727,
      "p95": 4.6727,
      "std": 0.0,
      "min": 4.6727,
      "max": 4.6727
    },
    "prompt_tps": {
      "n": 3,
      "mean": 3155.3722,
      "median": 3161.372,
      "p50": 3161.372,
      "p95": 3164.7454,
      "std": 11.24,
      "min": 3139.6244,
      "max": 3165.1202
    }
  },
  "warmup_policy": {
    "warmup_trials": 1,
    "warmup_discarded": true,
    "measured_trials_field": "num_trials",
    "description": "One full generate before timed trials; trials use seed+trial."
  }
}
