{
  "timestamp": "2026-05-25T05:27:08.644544+00:00",
  "hardware": "Mac M5 Max",
  "model_preset": "mistral-7b",
  "configuration": "w4",
  "weight_bits": 4,
  "optimizations": {
    "weight_bits": 4,
    "kv_cache": false,
    "prefill": false
  },
  "model_repo": "mlx-community/Mistral-7B-Instruct-v0.3-4bit",
  "kv_bits": null,
  "prefill_step_size": 512,
  "prompt_tokens": 512,
  "generation_tokens": 128,
  "num_trials": 3,
  "memory_gb": 4.6727,
  "ttft_ms": 161.9442,
  "throughput_tps": 118.7838,
  "prompt_tps": 3161.5827,
  "mlx_version": "0.31.2",
  "mlx_lm_version": "0.29.1",
  "platform": "macOS-26.4.1-arm64-arm-64bit-Mach-O",
  "status": "ok",
  "error": null,
  "article_id": 5,
  "run_label": null,
  "benchmark_mode": "standard",
  "draft_model_repo": null,
  "draft_preset": null,
  "num_draft_tokens": null,
  "draft_accept_rate": null,
  "prefix_cache_cold_ttft_ms": null,
  "prefix_cache_warm_ttft_ms": null,
  "prefix_system_tokens": null,
  "workload": null,
  "schema_version": 1,
  "trials": {
    "ttft_ms": [
      162.03904198482633,
      161.94420820102096,
      161.508500110358
    ],
    "throughput_tps": [
      118.07747280489563,
      118.78378857596836,
      119.25286683311262
    ],
    "memory_gb": [
      4.672694404,
      4.672694404,
      4.672694404
    ],
    "prompt_tps": [
      3159.7323319644456,
      3161.582656691591,
      3170.1117876158396
    ]
  },
  "stats": {
    "ttft_ms": {
      "n": 3,
      "mean": 161.8306,
      "median": 161.9442,
      "p50": 161.9442,
      "p95": 162.0296,
      "std": 0.231,
      "min": 161.5085,
      "max": 162.039
    },
    "throughput_tps": {
      "n": 3,
      "mean": 118.7047,
      "median": 118.7838,
      "p50": 118.7838,
      "p95": 119.206,
      "std": 0.4831,
      "min": 118.0775,
      "max": 119.2529
    },
    "memory_gb": {
      "n": 3,
      "mean": 4.6727,
      "median": 4.6727,
      "p50": 4.6727,
      "p95": 4.6727,
      "std": 0.0,
      "min": 4.6727,
      "max": 4.6727
    },
    "prompt_tps": {
      "n": 3,
      "mean": 3163.8089,
      "median": 3161.5827,
      "p50": 3161.5827,
      "p95": 3169.2589,
      "std": 4.5204,
      "min": 3159.7323,
      "max": 3170.1118
    }
  },
  "warmup_policy": {
    "warmup_trials": 1,
    "warmup_discarded": true,
    "measured_trials_field": "num_trials",
    "description": "One full generate before timed trials; trials use seed+trial."
  }
}
