{
  "timestamp": "2026-05-23T14:56:23.936095+00:00",
  "hardware": "Mac M5 Max",
  "model_preset": "mistral-7b",
  "configuration": "w8+kv_cache",
  "weight_bits": 8,
  "optimizations": {
    "weight_bits": 8,
    "kv_cache": true,
    "prefill": false
  },
  "model_repo": "mlx-community/Mistral-7B-Instruct-v0.3-8bit",
  "kv_bits": 4,
  "prefill_step_size": 512,
  "prompt_tokens": 512,
  "generation_tokens": 128,
  "num_trials": 3,
  "memory_gb": 8.1373,
  "ttft_ms": 188.5196,
  "throughput_tps": 64.8118,
  "prompt_tps": 2715.8976,
  "mlx_version": "0.31.2",
  "mlx_lm_version": "0.29.1",
  "platform": "macOS-26.4.1-arm64-arm-64bit-Mach-O",
  "status": "ok",
  "error": null,
  "article_id": 5,
  "run_label": null,
  "benchmark_mode": "standard",
  "draft_model_repo": null,
  "draft_preset": "qwen-0.5b",
  "num_draft_tokens": null,
  "draft_accept_rate": null,
  "prefix_cache_cold_ttft_ms": null,
  "prefix_cache_warm_ttft_ms": null,
  "prefix_system_tokens": null,
  "workload": null,
  "schema_version": 1,
  "trials": {
    "ttft_ms": [
      188.51962499320507,
      189.48254198767245,
      187.7267088275403
    ],
    "throughput_tps": [
      64.8118480521658,
      65.2248174559021,
      64.26268980930705
    ],
    "memory_gb": [
      8.137287776,
      8.137287776,
      8.137287776
    ],
    "prompt_tps": [
      2715.897615531828,
      2702.0959009158228,
      2727.368967355419
    ]
  },
  "stats": {
    "ttft_ms": {
      "n": 3,
      "mean": 188.5763,
      "median": 188.5196,
      "p50": 188.5196,
      "p95": 189.3863,
      "std": 0.7179,
      "min": 187.7267,
      "max": 189.4825
    },
    "throughput_tps": {
      "n": 3,
      "mean": 64.7665,
      "median": 64.8118,
      "p50": 64.8118,
      "p95": 65.1835,
      "std": 0.3941,
      "min": 64.2627,
      "max": 65.2248
    },
    "memory_gb": {
      "n": 3,
      "mean": 8.1373,
      "median": 8.1373,
      "p50": 8.1373,
      "p95": 8.1373,
      "std": 0.0,
      "min": 8.1373,
      "max": 8.1373
    },
    "prompt_tps": {
      "n": 3,
      "mean": 2715.1208,
      "median": 2715.8976,
      "p50": 2715.8976,
      "p95": 2726.2218,
      "std": 10.3323,
      "min": 2702.0959,
      "max": 2727.369
    }
  },
  "warmup_policy": {
    "warmup_trials": 1,
    "warmup_discarded": true,
    "measured_trials_field": "num_trials",
    "description": "One full generate before timed trials; trials use seed+trial."
  }
}
