{
  "timestamp": "2026-05-25T05:26:56.742266+00:00",
  "hardware": "Mac M5 Max",
  "model_preset": "mistral-7b",
  "configuration": "w8+kv_cache+prefill",
  "weight_bits": 8,
  "optimizations": {
    "weight_bits": 8,
    "kv_cache": true,
    "prefill": true
  },
  "model_repo": "mlx-community/Mistral-7B-Instruct-v0.3-8bit",
  "kv_bits": 4,
  "prefill_step_size": 2048,
  "prompt_tokens": 512,
  "generation_tokens": 128,
  "num_trials": 3,
  "memory_gb": 8.1373,
  "ttft_ms": 188.1397,
  "throughput_tps": 65.42,
  "prompt_tps": 2721.3813,
  "mlx_version": "0.31.2",
  "mlx_lm_version": "0.29.1",
  "platform": "macOS-26.4.1-arm64-arm-64bit-Mach-O",
  "status": "ok",
  "error": null,
  "article_id": 5,
  "run_label": null,
  "benchmark_mode": "standard",
  "draft_model_repo": null,
  "draft_preset": null,
  "num_draft_tokens": null,
  "draft_accept_rate": null,
  "prefix_cache_cold_ttft_ms": null,
  "prefix_cache_warm_ttft_ms": null,
  "prefix_system_tokens": null,
  "workload": null,
  "schema_version": 1,
  "trials": {
    "ttft_ms": [
      188.13974992372096,
      187.11641686968505,
      188.32408403977752
    ],
    "throughput_tps": [
      65.41998857843933,
      65.17777185173819,
      65.45966878954773
    ],
    "memory_gb": [
      8.137287776,
      8.137287776,
      8.137287776
    ],
    "prompt_tps": [
      2721.3813147279316,
      2736.2644527154243,
      2718.7175905332224
    ]
  },
  "stats": {
    "ttft_ms": {
      "n": 3,
      "mean": 187.8601,
      "median": 188.1397,
      "p50": 188.1397,
      "p95": 188.3057,
      "std": 0.5312,
      "min": 187.1164,
      "max": 188.3241
    },
    "throughput_tps": {
      "n": 3,
      "mean": 65.3525,
      "median": 65.42,
      "p50": 65.42,
      "p95": 65.4557,
      "std": 0.1246,
      "min": 65.1778,
      "max": 65.4597
    },
    "memory_gb": {
      "n": 3,
      "mean": 8.1373,
      "median": 8.1373,
      "p50": 8.1373,
      "p95": 8.1373,
      "std": 0.0,
      "min": 8.1373,
      "max": 8.1373
    },
    "prompt_tps": {
      "n": 3,
      "mean": 2725.4545,
      "median": 2721.3813,
      "p50": 2721.3813,
      "p95": 2734.7761,
      "std": 7.7208,
      "min": 2718.7176,
      "max": 2736.2645
    }
  },
  "warmup_policy": {
    "warmup_trials": 1,
    "warmup_discarded": true,
    "measured_trials_field": "num_trials",
    "description": "One full generate before timed trials; trials use seed+trial."
  }
}
