{
  "timestamp": "2026-05-25T05:26:26.245009+00:00",
  "hardware": "Mac M5 Max",
  "model_preset": "mistral-7b",
  "configuration": "w8+kv_cache",
  "weight_bits": 8,
  "optimizations": {
    "weight_bits": 8,
    "kv_cache": true,
    "prefill": false
  },
  "model_repo": "mlx-community/Mistral-7B-Instruct-v0.3-8bit",
  "kv_bits": 4,
  "prefill_step_size": 512,
  "prompt_tokens": 512,
  "generation_tokens": 128,
  "num_trials": 3,
  "memory_gb": 8.1373,
  "ttft_ms": 187.5529,
  "throughput_tps": 65.5092,
  "prompt_tps": 2729.8968,
  "mlx_version": "0.31.2",
  "mlx_lm_version": "0.29.1",
  "platform": "macOS-26.4.1-arm64-arm-64bit-Mach-O",
  "status": "ok",
  "error": null,
  "article_id": 5,
  "run_label": null,
  "benchmark_mode": "standard",
  "draft_model_repo": null,
  "draft_preset": null,
  "num_draft_tokens": null,
  "draft_accept_rate": null,
  "prefix_cache_cold_ttft_ms": null,
  "prefix_cache_warm_ttft_ms": null,
  "prefix_system_tokens": null,
  "workload": null,
  "schema_version": 1,
  "trials": {
    "ttft_ms": [
      188.13770799897608,
      187.55287490785125,
      187.19474994577467
    ],
    "throughput_tps": [
      65.57605211902546,
      65.50920656795682,
      65.43856877589855
    ],
    "memory_gb": [
      8.137287776,
      8.137287776,
      8.137287776
    ],
    "prompt_tps": [
      2721.410850836912,
      2729.8968371002397,
      2735.119441909096
    ]
  },
  "stats": {
    "ttft_ms": {
      "n": 3,
      "mean": 187.6284,
      "median": 187.5529,
      "p50": 187.5529,
      "p95": 188.0792,
      "std": 0.3887,
      "min": 187.1947,
      "max": 188.1377
    },
    "throughput_tps": {
      "n": 3,
      "mean": 65.5079,
      "median": 65.5092,
      "p50": 65.5092,
      "p95": 65.5694,
      "std": 0.0561,
      "min": 65.4386,
      "max": 65.5761
    },
    "memory_gb": {
      "n": 3,
      "mean": 8.1373,
      "median": 8.1373,
      "p50": 8.1373,
      "p95": 8.1373,
      "std": 0.0,
      "min": 8.1373,
      "max": 8.1373
    },
    "prompt_tps": {
      "n": 3,
      "mean": 2728.809,
      "median": 2729.8968,
      "p50": 2729.8968,
      "p95": 2734.5972,
      "std": 5.6491,
      "min": 2721.4109,
      "max": 2735.1194
    }
  },
  "warmup_policy": {
    "warmup_trials": 1,
    "warmup_discarded": true,
    "measured_trials_field": "num_trials",
    "description": "One full generate before timed trials; trials use seed+trial."
  }
}
