{
  "timestamp": "2026-05-23T14:56:39.155271+00:00",
  "hardware": "Mac M5 Max",
  "model_preset": "mistral-7b",
  "configuration": "w8+prefill",
  "weight_bits": 8,
  "optimizations": {
    "weight_bits": 8,
    "kv_cache": false,
    "prefill": true
  },
  "model_repo": "mlx-community/Mistral-7B-Instruct-v0.3-8bit",
  "kv_bits": null,
  "prefill_step_size": 2048,
  "prompt_tokens": 512,
  "generation_tokens": 128,
  "num_trials": 3,
  "memory_gb": 8.1373,
  "ttft_ms": 186.1229,
  "throughput_tps": 66.7492,
  "prompt_tps": 2750.8703,
  "mlx_version": "0.31.2",
  "mlx_lm_version": "0.29.1",
  "platform": "macOS-26.4.1-arm64-arm-64bit-Mach-O",
  "status": "ok",
  "error": null,
  "article_id": 5,
  "run_label": null,
  "benchmark_mode": "standard",
  "draft_model_repo": null,
  "draft_preset": "qwen-0.5b",
  "num_draft_tokens": null,
  "draft_accept_rate": null,
  "prefix_cache_cold_ttft_ms": null,
  "prefix_cache_warm_ttft_ms": null,
  "prefix_system_tokens": null,
  "workload": null,
  "schema_version": 1,
  "trials": {
    "ttft_ms": [
      185.71329186670482,
      186.12291594035923,
      186.78937503136694
    ],
    "throughput_tps": [
      66.74921521953316,
      67.24090366235586,
      66.65685040654144
    ],
    "memory_gb": [
      8.137287776,
      8.137287776,
      8.137287776
    ],
    "prompt_tps": [
      2756.937830639966,
      2750.870291351249,
      2741.0552656649847
    ]
  },
  "stats": {
    "ttft_ms": {
      "n": 3,
      "mean": 186.2085,
      "median": 186.1229,
      "p50": 186.1229,
      "p95": 186.7227,
      "std": 0.4435,
      "min": 185.7133,
      "max": 186.7894
    },
    "throughput_tps": {
      "n": 3,
      "mean": 66.8823,
      "median": 66.7492,
      "p50": 66.7492,
      "p95": 67.1917,
      "std": 0.2563,
      "min": 66.6569,
      "max": 67.2409
    },
    "memory_gb": {
      "n": 3,
      "mean": 8.1373,
      "median": 8.1373,
      "p50": 8.1373,
      "p95": 8.1373,
      "std": 0.0,
      "min": 8.1373,
      "max": 8.1373
    },
    "prompt_tps": {
      "n": 3,
      "mean": 2749.6211,
      "median": 2750.8703,
      "p50": 2750.8703,
      "p95": 2756.3311,
      "std": 6.5439,
      "min": 2741.0553,
      "max": 2756.9378
    }
  },
  "warmup_policy": {
    "warmup_trials": 1,
    "warmup_discarded": true,
    "measured_trials_field": "num_trials",
    "description": "One full generate before timed trials; trials use seed+trial."
  }
}
