{
  "timestamp": "2026-05-25T05:26:41.362169+00:00",
  "hardware": "Mac M5 Max",
  "model_preset": "mistral-7b",
  "configuration": "w8+prefill",
  "weight_bits": 8,
  "optimizations": {
    "weight_bits": 8,
    "kv_cache": false,
    "prefill": true
  },
  "model_repo": "mlx-community/Mistral-7B-Instruct-v0.3-8bit",
  "kv_bits": null,
  "prefill_step_size": 2048,
  "prompt_tokens": 512,
  "generation_tokens": 128,
  "num_trials": 3,
  "memory_gb": 8.1373,
  "ttft_ms": 185.115,
  "throughput_tps": 67.6376,
  "prompt_tps": 2765.8483,
  "mlx_version": "0.31.2",
  "mlx_lm_version": "0.29.1",
  "platform": "macOS-26.4.1-arm64-arm-64bit-Mach-O",
  "status": "ok",
  "error": null,
  "article_id": 5,
  "run_label": null,
  "benchmark_mode": "standard",
  "draft_model_repo": null,
  "draft_preset": null,
  "num_draft_tokens": null,
  "draft_accept_rate": null,
  "prefix_cache_cold_ttft_ms": null,
  "prefix_cache_warm_ttft_ms": null,
  "prefix_system_tokens": null,
  "workload": null,
  "schema_version": 1,
  "trials": {
    "ttft_ms": [
      185.11500000022355,
      185.08237483911216,
      186.2413748167455
    ],
    "throughput_tps": [
      67.76832550885482,
      67.63759643776012,
      67.20565514819162
    ],
    "memory_gb": [
      8.137287776,
      8.137287776,
      8.137287776
    ],
    "prompt_tps": [
      2765.8482564858696,
      2766.3358028827424,
      2749.1205995648857
    ]
  },
  "stats": {
    "ttft_ms": {
      "n": 3,
      "mean": 185.4796,
      "median": 185.115,
      "p50": 185.115,
      "p95": 186.1287,
      "std": 0.5388,
      "min": 185.0824,
      "max": 186.2414
    },
    "throughput_tps": {
      "n": 3,
      "mean": 67.5372,
      "median": 67.6376,
      "p50": 67.6376,
      "p95": 67.7553,
      "std": 0.2404,
      "min": 67.2057,
      "max": 67.7683
    },
    "memory_gb": {
      "n": 3,
      "mean": 8.1373,
      "median": 8.1373,
      "p50": 8.1373,
      "p95": 8.1373,
      "std": 0.0,
      "min": 8.1373,
      "max": 8.1373
    },
    "prompt_tps": {
      "n": 3,
      "mean": 2760.4349,
      "median": 2765.8483,
      "p50": 2765.8483,
      "p95": 2766.287,
      "std": 8.0029,
      "min": 2749.1206,
      "max": 2766.3358
    }
  },
  "warmup_policy": {
    "warmup_trials": 1,
    "warmup_discarded": true,
    "measured_trials_field": "num_trials",
    "description": "One full generate before timed trials; trials use seed+trial."
  }
}
