{
  "timestamp": "2026-05-23T14:56:08.452885+00:00",
  "hardware": "Mac M5 Max",
  "model_preset": "mistral-7b",
  "configuration": "w8",
  "weight_bits": 8,
  "optimizations": {
    "weight_bits": 8,
    "kv_cache": false,
    "prefill": false
  },
  "model_repo": "mlx-community/Mistral-7B-Instruct-v0.3-8bit",
  "kv_bits": null,
  "prefill_step_size": 512,
  "prompt_tokens": 512,
  "generation_tokens": 128,
  "num_trials": 3,
  "memory_gb": 8.1373,
  "ttft_ms": 186.5174,
  "throughput_tps": 66.7196,
  "prompt_tps": 2745.052,
  "mlx_version": "0.31.2",
  "mlx_lm_version": "0.29.1",
  "platform": "macOS-26.4.1-arm64-arm-64bit-Mach-O",
  "status": "ok",
  "error": null,
  "article_id": 5,
  "run_label": null,
  "benchmark_mode": "standard",
  "draft_model_repo": null,
  "draft_preset": "qwen-0.5b",
  "num_draft_tokens": null,
  "draft_accept_rate": null,
  "prefix_cache_cold_ttft_ms": null,
  "prefix_cache_warm_ttft_ms": null,
  "prefix_system_tokens": null,
  "workload": null,
  "schema_version": 1,
  "trials": {
    "ttft_ms": [
      186.96162500418723,
      185.70037512108684,
      186.5174169652164
    ],
    "throughput_tps": [
      67.3557815302874,
      66.71956743485705,
      66.4350623080869
    ],
    "memory_gb": [
      8.137287776,
      8.137287776,
      8.137287776
    ],
    "prompt_tps": [
      2738.5298987882306,
      2757.129594736402,
      2745.0519545608054
    ]
  },
  "stats": {
    "ttft_ms": {
      "n": 3,
      "mean": 186.3931,
      "median": 186.5174,
      "p50": 186.5174,
      "p95": 186.9172,
      "std": 0.5223,
      "min": 185.7004,
      "max": 186.9616
    },
    "throughput_tps": {
      "n": 3,
      "mean": 66.8368,
      "median": 66.7196,
      "p50": 66.7196,
      "p95": 67.2922,
      "std": 0.3849,
      "min": 66.4351,
      "max": 67.3558
    },
    "memory_gb": {
      "n": 3,
      "mean": 8.1373,
      "median": 8.1373,
      "p50": 8.1373,
      "p95": 8.1373,
      "std": 0.0,
      "min": 8.1373,
      "max": 8.1373
    },
    "prompt_tps": {
      "n": 3,
      "mean": 2746.9038,
      "median": 2745.052,
      "p50": 2745.052,
      "p95": 2755.9218,
      "std": 7.7054,
      "min": 2738.5299,
      "max": 2757.1296
    }
  },
  "warmup_policy": {
    "warmup_trials": 1,
    "warmup_discarded": true,
    "measured_trials_field": "num_trials",
    "description": "One full generate before timed trials; trials use seed+trial."
  }
}
