{
  "timestamp": "2026-05-25T05:26:10.908420+00:00",
  "hardware": "Mac M5 Max",
  "model_preset": "mistral-7b",
  "configuration": "w8",
  "weight_bits": 8,
  "optimizations": {
    "weight_bits": 8,
    "kv_cache": false,
    "prefill": false
  },
  "model_repo": "mlx-community/Mistral-7B-Instruct-v0.3-8bit",
  "kv_bits": null,
  "prefill_step_size": 512,
  "prompt_tokens": 512,
  "generation_tokens": 128,
  "num_trials": 3,
  "memory_gb": 8.1373,
  "ttft_ms": 186.1325,
  "throughput_tps": 67.5574,
  "prompt_tps": 2750.7286,
  "mlx_version": "0.31.2",
  "mlx_lm_version": "0.29.1",
  "platform": "macOS-26.4.1-arm64-arm-64bit-Mach-O",
  "status": "ok",
  "error": null,
  "article_id": 5,
  "run_label": null,
  "benchmark_mode": "standard",
  "draft_model_repo": null,
  "draft_preset": null,
  "num_draft_tokens": null,
  "draft_accept_rate": null,
  "prefix_cache_cold_ttft_ms": null,
  "prefix_cache_warm_ttft_ms": null,
  "prefix_system_tokens": null,
  "workload": null,
  "schema_version": 1,
  "trials": {
    "ttft_ms": [
      186.37362495064735,
      186.13249994814396,
      185.3618328459561
    ],
    "throughput_tps": [
      68.11666015628413,
      67.55743815695578,
      67.27687432801913
    ],
    "memory_gb": [
      8.137287776,
      8.137287776,
      8.137287776
    ],
    "prompt_tps": [
      2747.1698322956377,
      2750.728648369532,
      2762.165177906364
    ]
  },
  "stats": {
    "ttft_ms": {
      "n": 3,
      "mean": 185.956,
      "median": 186.1325,
      "p50": 186.1325,
      "p95": 186.3495,
      "std": 0.4315,
      "min": 185.3618,
      "max": 186.3736
    },
    "throughput_tps": {
      "n": 3,
      "mean": 67.6503,
      "median": 67.5574,
      "p50": 67.5574,
      "p95": 68.0607,
      "std": 0.3491,
      "min": 67.2769,
      "max": 68.1167
    },
    "memory_gb": {
      "n": 3,
      "mean": 8.1373,
      "median": 8.1373,
      "p50": 8.1373,
      "p95": 8.1373,
      "std": 0.0,
      "min": 8.1373,
      "max": 8.1373
    },
    "prompt_tps": {
      "n": 3,
      "mean": 2753.3546,
      "median": 2750.7286,
      "p50": 2750.7286,
      "p95": 2761.0215,
      "std": 6.3972,
      "min": 2747.1698,
      "max": 2762.1652
    }
  },
  "warmup_policy": {
    "warmup_trials": 1,
    "warmup_discarded": true,
    "measured_trials_field": "num_trials",
    "description": "One full generate before timed trials; trials use seed+trial."
  }
}
