{
  "timestamp": "2026-05-20T18:05:08.445183+00:00",
  "hardware": "Mac M3",
  "model_preset": "mistral-7b",
  "configuration": "w4",
  "weight_bits": 4,
  "optimizations": {
    "weight_bits": 4,
    "kv_cache": false,
    "prefill": false
  },
  "model_repo": "mlx-community/Mistral-7B-Instruct-v0.3-4bit",
  "kv_bits": null,
  "prefill_step_size": 512,
  "prompt_tokens": 512,
  "generation_tokens": 128,
  "num_trials": 3,
  "memory_gb": 4.6151,
  "ttft_ms": 3455.9479,
  "throughput_tps": 17.4078,
  "prompt_tps": 148.1504,
  "mlx_version": "0.31.2",
  "mlx_lm_version": "0.31.3",
  "platform": "macOS-26.3.1-arm64-arm-64bit-Mach-O",
  "status": "ok",
  "error": null,
  "article_id": 4,
  "run_label": null,
  "benchmark_mode": "standard",
  "draft_model_repo": null,
  "draft_preset": "qwen-0.5b",
  "num_draft_tokens": null,
  "draft_accept_rate": null,
  "prefix_cache_cold_ttft_ms": null,
  "prefix_cache_warm_ttft_ms": null,
  "prefix_system_tokens": null,
  "workload": null,
  "schema_version": 1,
  "trials": {
    "ttft_ms": [
      2620.1439590658993,
      3470.3347920440137,
      3455.94787504524
    ],
    "throughput_tps": [
      18.85569327344865,
      17.407760615829293,
      16.775008722564433
    ],
    "memory_gb": [
      4.61505548,
      4.61505548,
      4.61505548
    ],
    "prompt_tps": [
      195.40911033855247,
      147.53619771031774,
      148.15038261921057
    ]
  },
  "stats": {
    "ttft_ms": {
      "n": 3,
      "mean": 3182.1422,
      "median": 3455.9479,
      "p50": 3455.9479,
      "p95": 3468.8961,
      "std": 397.4362,
      "min": 2620.144,
      "max": 3470.3348
    },
    "throughput_tps": {
      "n": 3,
      "mean": 17.6795,
      "median": 17.4078,
      "p50": 17.4078,
      "p95": 18.7109,
      "std": 0.8709,
      "min": 16.775,
      "max": 18.8557
    },
    "memory_gb": {
      "n": 3,
      "mean": 4.6151,
      "median": 4.6151,
      "p50": 4.6151,
      "p95": 4.6151,
      "std": 0.0,
      "min": 4.6151,
      "max": 4.6151
    },
    "prompt_tps": {
      "n": 3,
      "mean": 163.6986,
      "median": 148.1504,
      "p50": 148.1504,
      "p95": 190.6832,
      "std": 22.4241,
      "min": 147.5362,
      "max": 195.4091
    }
  },
  "warmup_policy": {
    "warmup_trials": 1,
    "warmup_discarded": true,
    "measured_trials_field": "num_trials",
    "description": "One full generate before timed trials; trials use seed+trial."
  }
}
