{
  "timestamp": "2026-05-20T18:04:19.928875+00:00",
  "hardware": "Mac M3",
  "model_preset": "mistral-7b",
  "configuration": "w8",
  "weight_bits": 8,
  "optimizations": {
    "weight_bits": 8,
    "kv_cache": false,
    "prefill": false
  },
  "model_repo": "mlx-community/Mistral-7B-Instruct-v0.3-8bit",
  "kv_bits": null,
  "prefill_step_size": 512,
  "prompt_tokens": 512,
  "generation_tokens": 128,
  "num_trials": 3,
  "memory_gb": 8.1268,
  "ttft_ms": 3438.0939,
  "throughput_tps": 11.3513,
  "prompt_tps": 148.9197,
  "mlx_version": "0.31.2",
  "mlx_lm_version": "0.31.3",
  "platform": "macOS-26.3.1-arm64-arm-64bit-Mach-O",
  "status": "ok",
  "error": null,
  "article_id": 4,
  "run_label": null,
  "benchmark_mode": "standard",
  "draft_model_repo": null,
  "draft_preset": "qwen-0.5b",
  "num_draft_tokens": null,
  "draft_accept_rate": null,
  "prefix_cache_cold_ttft_ms": null,
  "prefix_cache_warm_ttft_ms": null,
  "prefix_system_tokens": null,
  "workload": null,
  "schema_version": 1,
  "trials": {
    "ttft_ms": [
      3438.0939160473645,
      3420.8844169043005,
      3711.153249954805
    ],
    "throughput_tps": [
      11.800594022402613,
      11.351264335078309,
      10.266843621127595
    ],
    "memory_gb": [
      8.1268184,
      8.1268184,
      8.1268184
    ],
    "prompt_tps": [
      148.9197248540044,
      149.66889774759767,
      137.96250532263394
    ]
  },
  "stats": {
    "ttft_ms": {
      "n": 3,
      "mean": 3523.3772,
      "median": 3438.0939,
      "p50": 3438.0939,
      "p95": 3683.8473,
      "std": 132.9635,
      "min": 3420.8844,
      "max": 3711.1532
    },
    "throughput_tps": {
      "n": 3,
      "mean": 11.1396,
      "median": 11.3513,
      "p50": 11.3513,
      "p95": 11.7557,
      "std": 0.6438,
      "min": 10.2668,
      "max": 11.8006
    },
    "memory_gb": {
      "n": 3,
      "mean": 8.1268,
      "median": 8.1268,
      "p50": 8.1268,
      "p95": 8.1268,
      "std": 0.0,
      "min": 8.1268,
      "max": 8.1268
    },
    "prompt_tps": {
      "n": 3,
      "mean": 145.517,
      "median": 148.9197,
      "p50": 148.9197,
      "p95": 149.594,
      "std": 5.3506,
      "min": 137.9625,
      "max": 149.6689
    }
  },
  "warmup_policy": {
    "warmup_trials": 1,
    "warmup_discarded": true,
    "measured_trials_field": "num_trials",
    "description": "One full generate before timed trials; trials use seed+trial."
  }
}
