{
  "timestamp": "2026-05-25T04:46:07.913530+00:00",
  "hardware": "Mac M5 Max",
  "model_preset": "llama3-8b",
  "configuration": "fp16",
  "weight_bits": 16,
  "optimizations": {
    "weight_bits": 16,
    "kv_cache": false,
    "prefill": false
  },
  "model_repo": "mlx-community/Meta-Llama-3.1-8B-Instruct-bf16",
  "kv_bits": null,
  "prefill_step_size": 512,
  "prompt_tokens": 512,
  "generation_tokens": 128,
  "num_trials": 3,
  "memory_gb": 16.4555,
  "ttft_ms": 475.7437,
  "throughput_tps": 31.0298,
  "prompt_tps": 1076.2098,
  "mlx_version": "0.31.2",
  "mlx_lm_version": "0.29.1",
  "platform": "macOS-26.4.1-arm64-arm-64bit-Mach-O",
  "status": "ok",
  "error": null,
  "article_id": 4,
  "run_label": null,
  "benchmark_mode": "standard",
  "draft_model_repo": null,
  "draft_preset": "llama-3.2-1b",
  "num_draft_tokens": null,
  "draft_accept_rate": null,
  "prefix_cache_cold_ttft_ms": null,
  "prefix_cache_warm_ttft_ms": null,
  "prefix_system_tokens": null,
  "workload": null,
  "schema_version": 1,
  "trials": {
    "ttft_ms": [
      190.12366700917482,
      547.0395002048463,
      475.74366698972875
    ],
    "throughput_tps": [
      34.760865441786756,
      30.328390718660234,
      31.029780849420348
    ],
    "memory_gb": [
      16.455534652,
      16.455534652,
      16.455534652
    ],
    "prompt_tps": [
      2692.984035361007,
      935.9470382088949,
      1076.2098069317105
    ]
  },
  "stats": {
    "ttft_ms": {
      "n": 3,
      "mean": 404.3023,
      "median": 475.7437,
      "p50": 475.7437,
      "p95": 539.9099,
      "std": 154.2187,
      "min": 190.1237,
      "max": 547.0395
    },
    "throughput_tps": {
      "n": 3,
      "mean": 32.0397,
      "median": 31.0298,
      "p50": 31.0298,
      "p95": 34.3878,
      "std": 1.9454,
      "min": 30.3284,
      "max": 34.7609
    },
    "memory_gb": {
      "n": 3,
      "mean": 16.4555,
      "median": 16.4555,
      "p50": 16.4555,
      "p95": 16.4555,
      "std": 0.0,
      "min": 16.4555,
      "max": 16.4555
    },
    "prompt_tps": {
      "n": 3,
      "mean": 1568.3803,
      "median": 1076.2098,
      "p50": 1076.2098,
      "p95": 2531.3066,
      "std": 797.2739,
      "min": 935.947,
      "max": 2692.984
    }
  },
  "warmup_policy": {
    "warmup_trials": 1,
    "warmup_discarded": true,
    "measured_trials_field": "num_trials",
    "description": "One full generate before timed trials; trials use seed+trial."
  }
}
