{
  "timestamp": "2026-05-25T04:46:49.975506+00:00",
  "hardware": "Mac M5 Max",
  "model_preset": "llama3-8b",
  "configuration": "w2",
  "weight_bits": 2,
  "optimizations": {
    "weight_bits": 2,
    "kv_cache": false,
    "prefill": false
  },
  "model_repo": "mlx-community/Llama-3-8B-Instruct-262k-2bit",
  "kv_bits": null,
  "prefill_step_size": 512,
  "prompt_tokens": 512,
  "generation_tokens": 128,
  "num_trials": 3,
  "memory_gb": 3.2635,
  "ttft_ms": 163.4696,
  "throughput_tps": 164.4986,
  "prompt_tps": 3132.0811,
  "mlx_version": "0.31.2",
  "mlx_lm_version": "0.29.1",
  "platform": "macOS-26.4.1-arm64-arm-64bit-Mach-O",
  "status": "ok",
  "error": null,
  "article_id": 4,
  "run_label": null,
  "benchmark_mode": "standard",
  "draft_model_repo": null,
  "draft_preset": "llama-3.2-1b",
  "num_draft_tokens": null,
  "draft_accept_rate": null,
  "prefix_cache_cold_ttft_ms": null,
  "prefix_cache_warm_ttft_ms": null,
  "prefix_system_tokens": null,
  "workload": null,
  "schema_version": 1,
  "trials": {
    "ttft_ms": [
      153.75991608016193,
      163.46958419308066,
      231.4434580039233
    ],
    "throughput_tps": [
      176.57153276957803,
      164.49855556131394,
      102.38327393076388
    ],
    "memory_gb": [
      3.26347382,
      3.26347382,
      3.26347382
    ],
    "prompt_tps": [
      3329.866541635412,
      3132.0811301217705,
      2212.2033796752244
    ]
  },
  "stats": {
    "ttft_ms": {
      "n": 3,
      "mean": 182.891,
      "median": 163.4696,
      "p50": 163.4696,
      "p95": 224.6461,
      "std": 34.5599,
      "min": 153.7599,
      "max": 231.4435
    },
    "throughput_tps": {
      "n": 3,
      "mean": 147.8178,
      "median": 164.4986,
      "p50": 164.4986,
      "p95": 175.3642,
      "std": 32.5029,
      "min": 102.3833,
      "max": 176.5715
    },
    "memory_gb": {
      "n": 3,
      "mean": 3.2635,
      "median": 3.2635,
      "p50": 3.2635,
      "p95": 3.2635,
      "std": 0.0,
      "min": 3.2635,
      "max": 3.2635
    },
    "prompt_tps": {
      "n": 3,
      "mean": 2891.3837,
      "median": 3132.0811,
      "p50": 3132.0811,
      "p95": 3310.088,
      "std": 486.9936,
      "min": 2212.2034,
      "max": 3329.8665
    }
  },
  "warmup_policy": {
    "warmup_trials": 1,
    "warmup_discarded": true,
    "measured_trials_field": "num_trials",
    "description": "One full generate before timed trials; trials use seed+trial."
  }
}
