{
  "timestamp": "2026-05-23T04:30:39.458281+00:00",
  "hardware": "Mac M5 Max",
  "model_preset": "llama3-8b",
  "configuration": "w4",
  "weight_bits": 4,
  "optimizations": {
    "weight_bits": 4,
    "kv_cache": false,
    "prefill": false
  },
  "model_repo": "mlx-community/Meta-Llama-3.1-8B-Instruct-4bit",
  "kv_bits": null,
  "prefill_step_size": 512,
  "prompt_tokens": 512,
  "generation_tokens": 128,
  "num_trials": 3,
  "memory_gb": 5.1148,
  "ttft_ms": 161.6597,
  "throughput_tps": 112.736,
  "prompt_tps": 3167.1458,
  "mlx_version": "0.31.2",
  "mlx_lm_version": "0.29.1",
  "platform": "macOS-26.4.1-arm64-arm-64bit-Mach-O",
  "status": "ok",
  "error": null,
  "article_id": 4,
  "run_label": null,
  "benchmark_mode": "standard",
  "draft_model_repo": null,
  "draft_preset": "qwen-0.5b",
  "num_draft_tokens": null,
  "draft_accept_rate": null,
  "prefix_cache_cold_ttft_ms": null,
  "prefix_cache_warm_ttft_ms": null,
  "prefix_system_tokens": null,
  "workload": null,
  "schema_version": 1,
  "trials": {
    "ttft_ms": [
      162.60229190811515,
      161.65974992327392,
      161.57937492243946
    ],
    "throughput_tps": [
      112.77535931356746,
      112.7359803805418,
      112.04286866166227
    ],
    "memory_gb": [
      5.11480844,
      5.11480844,
      5.11480844
    ],
    "prompt_tps": [
      3148.7871049771293,
      3167.145812380649,
      3168.7212569411645
    ]
  },
  "stats": {
    "ttft_ms": {
      "n": 3,
      "mean": 161.9471,
      "median": 161.6597,
      "p50": 161.6597,
      "p95": 162.508,
      "std": 0.4644,
      "min": 161.5794,
      "max": 162.6023
    },
    "throughput_tps": {
      "n": 3,
      "mean": 112.5181,
      "median": 112.736,
      "p50": 112.736,
      "p95": 112.7714,
      "std": 0.3364,
      "min": 112.0429,
      "max": 112.7754
    },
    "memory_gb": {
      "n": 3,
      "mean": 5.1148,
      "median": 5.1148,
      "p50": 5.1148,
      "p95": 5.1148,
      "std": 0.0,
      "min": 5.1148,
      "max": 5.1148
    },
    "prompt_tps": {
      "n": 3,
      "mean": 3161.5514,
      "median": 3167.1458,
      "p50": 3167.1458,
      "p95": 3168.5637,
      "std": 9.0486,
      "min": 3148.7871,
      "max": 3168.7213
    }
  },
  "warmup_policy": {
    "warmup_trials": 1,
    "warmup_discarded": true,
    "measured_trials_field": "num_trials",
    "description": "One full generate before timed trials; trials use seed+trial."
  }
}
