{
  "timestamp": "2026-05-25T04:46:38.782177+00:00",
  "hardware": "Mac M5 Max",
  "model_preset": "llama3-8b",
  "configuration": "w4",
  "weight_bits": 4,
  "optimizations": {
    "weight_bits": 4,
    "kv_cache": false,
    "prefill": false
  },
  "model_repo": "mlx-community/Meta-Llama-3.1-8B-Instruct-4bit",
  "kv_bits": null,
  "prefill_step_size": 512,
  "prompt_tokens": 512,
  "generation_tokens": 128,
  "num_trials": 3,
  "memory_gb": 5.1148,
  "ttft_ms": 164.2963,
  "throughput_tps": 112.8745,
  "prompt_tps": 3116.3219,
  "mlx_version": "0.31.2",
  "mlx_lm_version": "0.29.1",
  "platform": "macOS-26.4.1-arm64-arm-64bit-Mach-O",
  "status": "ok",
  "error": null,
  "article_id": 4,
  "run_label": null,
  "benchmark_mode": "standard",
  "draft_model_repo": null,
  "draft_preset": "llama-3.2-1b",
  "num_draft_tokens": null,
  "draft_accept_rate": null,
  "prefix_cache_cold_ttft_ms": null,
  "prefix_cache_warm_ttft_ms": null,
  "prefix_system_tokens": null,
  "workload": null,
  "schema_version": 1,
  "trials": {
    "ttft_ms": [
      164.29625009186566,
      163.94524998031557,
      195.26941701769826
    ],
    "throughput_tps": [
      113.10004870920196,
      112.87454314683762,
      95.2682268503249
    ],
    "memory_gb": [
      5.11480844,
      5.11480844,
      5.11480844
    ],
    "prompt_tps": [
      3116.321886310351,
      3122.9938047090377,
      2622.0183775813434
    ]
  },
  "stats": {
    "ttft_ms": {
      "n": 3,
      "mean": 174.5036,
      "median": 164.2963,
      "p50": 164.2963,
      "p95": 192.1721,
      "std": 14.6843,
      "min": 163.9452,
      "max": 195.2694
    },
    "throughput_tps": {
      "n": 3,
      "mean": 107.0809,
      "median": 112.8745,
      "p50": 112.8745,
      "p95": 113.0775,
      "std": 8.3534,
      "min": 95.2682,
      "max": 113.1
    },
    "memory_gb": {
      "n": 3,
      "mean": 5.1148,
      "median": 5.1148,
      "p50": 5.1148,
      "p95": 5.1148,
      "std": 0.0,
      "min": 5.1148,
      "max": 5.1148
    },
    "prompt_tps": {
      "n": 3,
      "mean": 2953.778,
      "median": 3116.3219,
      "p50": 3116.3219,
      "p95": 3122.3266,
      "std": 234.6053,
      "min": 2622.0184,
      "max": 3122.9938
    }
  },
  "warmup_policy": {
    "warmup_trials": 1,
    "warmup_discarded": true,
    "measured_trials_field": "num_trials",
    "description": "One full generate before timed trials; trials use seed+trial."
  }
}
