{
  "timestamp": "2026-05-25T04:46:26.178528+00:00",
  "hardware": "Mac M5 Max",
  "model_preset": "llama3-8b",
  "configuration": "w8",
  "weight_bits": 8,
  "optimizations": {
    "weight_bits": 8,
    "kv_cache": false,
    "prefill": false
  },
  "model_repo": "mlx-community/Meta-Llama-3.1-8B-Instruct-8bit",
  "kv_bits": null,
  "prefill_step_size": 512,
  "prompt_tokens": 512,
  "generation_tokens": 128,
  "num_trials": 3,
  "memory_gb": 8.9684,
  "ttft_ms": 188.5829,
  "throughput_tps": 64.0986,
  "prompt_tps": 2714.9867,
  "mlx_version": "0.31.2",
  "mlx_lm_version": "0.29.1",
  "platform": "macOS-26.4.1-arm64-arm-64bit-Mach-O",
  "status": "ok",
  "error": null,
  "article_id": 4,
  "run_label": null,
  "benchmark_mode": "standard",
  "draft_model_repo": null,
  "draft_preset": "llama-3.2-1b",
  "num_draft_tokens": null,
  "draft_accept_rate": null,
  "prefix_cache_cold_ttft_ms": null,
  "prefix_cache_warm_ttft_ms": null,
  "prefix_system_tokens": null,
  "workload": null,
  "schema_version": 1,
  "trials": {
    "ttft_ms": [
      186.34770903736353,
      188.58287506736815,
      282.06458291970193
    ],
    "throughput_tps": [
      64.09861038887485,
      64.29217040379247,
      41.34419450765547
    ],
    "memory_gb": [
      8.96842352,
      8.96842352,
      8.96842352
    ],
    "prompt_tps": [
      2747.551889126481,
      2714.986712431319,
      1815.1871273599636
    ]
  },
  "stats": {
    "ttft_ms": {
      "n": 3,
      "mean": 218.9984,
      "median": 188.5829,
      "p50": 188.5829,
      "p95": 272.7164,
      "std": 44.6039,
      "min": 186.3477,
      "max": 282.0646
    },
    "throughput_tps": {
      "n": 3,
      "mean": 56.5783,
      "median": 64.0986,
      "p50": 64.0986,
      "p95": 64.2728,
      "std": 10.7724,
      "min": 41.3442,
      "max": 64.2922
    },
    "memory_gb": {
      "n": 3,
      "mean": 8.9684,
      "median": 8.9684,
      "p50": 8.9684,
      "p95": 8.9684,
      "std": 0.0,
      "min": 8.9684,
      "max": 8.9684
    },
    "prompt_tps": {
      "n": 3,
      "mean": 2425.9086,
      "median": 2714.9867,
      "p50": 2714.9867,
      "p95": 2744.2954,
      "std": 432.0499,
      "min": 1815.1871,
      "max": 2747.5519
    }
  },
  "warmup_policy": {
    "warmup_trials": 1,
    "warmup_discarded": true,
    "measured_trials_field": "num_trials",
    "description": "One full generate before timed trials; trials use seed+trial."
  }
}
