{
  "timestamp": "2026-05-25T05:13:03.612386+00:00",
  "hardware": "Mac M5 Max",
  "model_preset": "llama-3.2-3b",
  "configuration": "fp16+kv_cache+prefill",
  "weight_bits": 16,
  "optimizations": {
    "weight_bits": 16,
    "kv_cache": true,
    "prefill": true
  },
  "model_repo": "mlx-community/Llama-3.2-3B-Instruct-bf16",
  "kv_bits": 4,
  "prefill_step_size": 2048,
  "prompt_tokens": 512,
  "generation_tokens": 128,
  "num_trials": 3,
  "memory_gb": 6.7787,
  "ttft_ms": 87.1194,
  "throughput_tps": 71.2252,
  "prompt_tps": 5876.9907,
  "mlx_version": "0.31.2",
  "mlx_lm_version": "0.29.1",
  "platform": "macOS-26.4.1-arm64-arm-64bit-Mach-O",
  "status": "ok",
  "error": null,
  "article_id": 5,
  "run_label": null,
  "benchmark_mode": "standard",
  "draft_model_repo": null,
  "draft_preset": "llama-3.2-1b",
  "num_draft_tokens": null,
  "draft_accept_rate": null,
  "prefix_cache_cold_ttft_ms": null,
  "prefix_cache_warm_ttft_ms": null,
  "prefix_system_tokens": null,
  "workload": null,
  "schema_version": 1,
  "trials": {
    "ttft_ms": [
      87.0454590767622,
      87.11941703222692,
      231.14637495018545
    ],
    "throughput_tps": [
      73.62942846405,
      71.2252082758049,
      41.015582124291704
    ],
    "memory_gb": [
      6.778698848,
      6.778698848,
      6.778698848
    ],
    "prompt_tps": [
      5881.9840280064,
      5876.990657669377,
      2215.0466348881378
    ]
  },
  "stats": {
    "ttft_ms": {
      "n": 3,
      "mean": 135.1038,
      "median": 87.1194,
      "p50": 87.1194,
      "p95": 216.7437,
      "std": 67.9124,
      "min": 87.0455,
      "max": 231.1464
    },
    "throughput_tps": {
      "n": 3,
      "mean": 61.9567,
      "median": 71.2252,
      "p50": 71.2252,
      "p95": 73.389,
      "std": 14.8401,
      "min": 41.0156,
      "max": 73.6294
    },
    "memory_gb": {
      "n": 3,
      "mean": 6.7787,
      "median": 6.7787,
      "p50": 6.7787,
      "p95": 6.7787,
      "std": 0.0,
      "min": 6.7787,
      "max": 6.7787
    },
    "prompt_tps": {
      "n": 3,
      "mean": 4658.0071,
      "median": 5876.9907,
      "p50": 5876.9907,
      "p95": 5881.4847,
      "std": 1727.4351,
      "min": 2215.0466,
      "max": 5881.984
    }
  },
  "warmup_policy": {
    "warmup_trials": 1,
    "warmup_discarded": true,
    "measured_trials_field": "num_trials",
    "description": "One full generate before timed trials; trials use seed+trial."
  }
}
