{
  "timestamp": "2026-05-23T14:42:43.611264+00:00",
  "hardware": "Mac M5 Max",
  "model_preset": "llama-3.2-3b",
  "configuration": "fp16",
  "weight_bits": 16,
  "optimizations": {
    "weight_bits": 16,
    "kv_cache": false,
    "prefill": false
  },
  "model_repo": "mlx-community/Llama-3.2-3B-Instruct-bf16",
  "kv_bits": null,
  "prefill_step_size": 512,
  "prompt_tokens": 512,
  "generation_tokens": 128,
  "num_trials": 3,
  "memory_gb": 6.7787,
  "ttft_ms": 85.9859,
  "throughput_tps": 75.5051,
  "prompt_tps": 5954.4634,
  "mlx_version": "0.31.2",
  "mlx_lm_version": "0.29.1",
  "platform": "macOS-26.4.1-arm64-arm-64bit-Mach-O",
  "status": "ok",
  "error": null,
  "article_id": 5,
  "run_label": null,
  "benchmark_mode": "standard",
  "draft_model_repo": null,
  "draft_preset": "qwen-0.5b",
  "num_draft_tokens": null,
  "draft_accept_rate": null,
  "prefix_cache_cold_ttft_ms": null,
  "prefix_cache_warm_ttft_ms": null,
  "prefix_system_tokens": null,
  "workload": null,
  "schema_version": 1,
  "trials": {
    "ttft_ms": [
      96.23920801095665,
      85.98591713234782,
      85.60574986040592
    ],
    "throughput_tps": [
      75.50508218207275,
      75.07776486478612,
      76.0668524800017
    ],
    "memory_gb": [
      6.778698848,
      6.778698848,
      6.778698848
    ],
    "prompt_tps": [
      5320.077030784686,
      5954.463440936958,
      5980.906666139823
    ]
  },
  "stats": {
    "ttft_ms": {
      "n": 3,
      "mean": 89.277,
      "median": 85.9859,
      "p50": 85.9859,
      "p95": 95.2139,
      "std": 4.9255,
      "min": 85.6057,
      "max": 96.2392
    },
    "throughput_tps": {
      "n": 3,
      "mean": 75.5499,
      "median": 75.5051,
      "p50": 75.5051,
      "p95": 76.0107,
      "std": 0.405,
      "min": 75.0778,
      "max": 76.0669
    },
    "memory_gb": {
      "n": 3,
      "mean": 6.7787,
      "median": 6.7787,
      "p50": 6.7787,
      "p95": 6.7787,
      "std": 0.0,
      "min": 6.7787,
      "max": 6.7787
    },
    "prompt_tps": {
      "n": 3,
      "mean": 5751.8157,
      "median": 5954.4634,
      "p50": 5954.4634,
      "p95": 5978.2623,
      "std": 305.4762,
      "min": 5320.077,
      "max": 5980.9067
    }
  },
  "warmup_policy": {
    "warmup_trials": 1,
    "warmup_discarded": true,
    "measured_trials_field": "num_trials",
    "description": "One full generate before timed trials; trials use seed+trial."
  }
}
