{
  "timestamp": "2026-05-23T14:43:26.393139+00:00",
  "hardware": "Mac M5 Max",
  "model_preset": "llama-3.2-3b",
  "configuration": "fp16+kv_cache+prefill",
  "weight_bits": 16,
  "optimizations": {
    "weight_bits": 16,
    "kv_cache": true,
    "prefill": true
  },
  "model_repo": "mlx-community/Llama-3.2-3B-Instruct-bf16",
  "kv_bits": 4,
  "prefill_step_size": 2048,
  "prompt_tokens": 512,
  "generation_tokens": 128,
  "num_trials": 3,
  "memory_gb": 6.7787,
  "ttft_ms": 87.3442,
  "throughput_tps": 73.655,
  "prompt_tps": 5861.8655,
  "mlx_version": "0.31.2",
  "mlx_lm_version": "0.29.1",
  "platform": "macOS-26.4.1-arm64-arm-64bit-Mach-O",
  "status": "ok",
  "error": null,
  "article_id": 5,
  "run_label": null,
  "benchmark_mode": "standard",
  "draft_model_repo": null,
  "draft_preset": "qwen-0.5b",
  "num_draft_tokens": null,
  "draft_accept_rate": null,
  "prefix_cache_cold_ttft_ms": null,
  "prefix_cache_warm_ttft_ms": null,
  "prefix_system_tokens": null,
  "workload": null,
  "schema_version": 1,
  "trials": {
    "ttft_ms": [
      87.92066713795066,
      86.15745813585818,
      87.34420803375542
    ],
    "throughput_tps": [
      73.82603091707153,
      73.6549855163923,
      73.23693521265668
    ],
    "memory_gb": [
      6.778698848,
      6.778698848,
      6.778698848
    ],
    "prompt_tps": [
      5823.431698904807,
      5942.608000257484,
      5861.865503458801
    ]
  },
  "stats": {
    "ttft_ms": {
      "n": 3,
      "mean": 87.1408,
      "median": 87.3442,
      "p50": 87.3442,
      "p95": 87.863,
      "std": 0.7341,
      "min": 86.1575,
      "max": 87.9207
    },
    "throughput_tps": {
      "n": 3,
      "mean": 73.5727,
      "median": 73.655,
      "p50": 73.655,
      "p95": 73.8089,
      "std": 0.2474,
      "min": 73.2369,
      "max": 73.826
    },
    "memory_gb": {
      "n": 3,
      "mean": 6.7787,
      "median": 6.7787,
      "p50": 6.7787,
      "p95": 6.7787,
      "std": 0.0,
      "min": 6.7787,
      "max": 6.7787
    },
    "prompt_tps": {
      "n": 3,
      "mean": 5875.9684,
      "median": 5861.8655,
      "p50": 5861.8655,
      "p95": 5934.5338,
      "std": 49.665,
      "min": 5823.4317,
      "max": 5942.608
    }
  },
  "warmup_policy": {
    "warmup_trials": 1,
    "warmup_discarded": true,
    "measured_trials_field": "num_trials",
    "description": "One full generate before timed trials; trials use seed+trial."
  }
}
