{
  "timestamp": "2026-05-25T05:11:41.927318+00:00",
  "hardware": "Mac M5 Max",
  "model_preset": "llama-3.2-3b",
  "configuration": "fp16",
  "weight_bits": 16,
  "optimizations": {
    "weight_bits": 16,
    "kv_cache": false,
    "prefill": false
  },
  "model_repo": "mlx-community/Llama-3.2-3B-Instruct-bf16",
  "kv_bits": null,
  "prefill_step_size": 512,
  "prompt_tokens": 512,
  "generation_tokens": 128,
  "num_trials": 3,
  "memory_gb": 6.7787,
  "ttft_ms": 84.7743,
  "throughput_tps": 75.1361,
  "prompt_tps": 6039.5668,
  "mlx_version": "0.31.2",
  "mlx_lm_version": "0.29.1",
  "platform": "macOS-26.4.1-arm64-arm-64bit-Mach-O",
  "status": "ok",
  "error": null,
  "article_id": 5,
  "run_label": null,
  "benchmark_mode": "standard",
  "draft_model_repo": null,
  "draft_preset": "llama-3.2-1b",
  "num_draft_tokens": null,
  "draft_accept_rate": null,
  "prefix_cache_cold_ttft_ms": null,
  "prefix_cache_warm_ttft_ms": null,
  "prefix_system_tokens": null,
  "workload": null,
  "schema_version": 1,
  "trials": {
    "ttft_ms": [
      85.15954110771418,
      84.77429184131324,
      84.30816582404077
    ],
    "throughput_tps": [
      75.22998593407088,
      74.85400909805968,
      75.13607589359508
    ],
    "memory_gb": [
      6.778698848,
      6.778698848,
      6.778698848
    ],
    "prompt_tps": [
      6012.2447037660295,
      6039.566817714022,
      6072.958591799911
    ]
  },
  "stats": {
    "ttft_ms": {
      "n": 3,
      "mean": 84.7473,
      "median": 84.7743,
      "p50": 84.7743,
      "p95": 85.121,
      "std": 0.3481,
      "min": 84.3082,
      "max": 85.1595
    },
    "throughput_tps": {
      "n": 3,
      "mean": 75.0734,
      "median": 75.1361,
      "p50": 75.1361,
      "p95": 75.2206,
      "std": 0.1598,
      "min": 74.854,
      "max": 75.23
    },
    "memory_gb": {
      "n": 3,
      "mean": 6.7787,
      "median": 6.7787,
      "p50": 6.7787,
      "p95": 6.7787,
      "std": 0.0,
      "min": 6.7787,
      "max": 6.7787
    },
    "prompt_tps": {
      "n": 3,
      "mean": 6041.59,
      "median": 6039.5668,
      "p50": 6039.5668,
      "p95": 6069.6194,
      "std": 24.8276,
      "min": 6012.2447,
      "max": 6072.9586
    }
  },
  "warmup_policy": {
    "warmup_trials": 1,
    "warmup_discarded": true,
    "measured_trials_field": "num_trials",
    "description": "One full generate before timed trials; trials use seed+trial."
  }
}
