{
  "timestamp": "2026-05-23T14:42:57.914006+00:00",
  "hardware": "Mac M5 Max",
  "model_preset": "llama-3.2-3b",
  "configuration": "fp16+kv_cache",
  "weight_bits": 16,
  "optimizations": {
    "weight_bits": 16,
    "kv_cache": true,
    "prefill": false
  },
  "model_repo": "mlx-community/Llama-3.2-3B-Instruct-bf16",
  "kv_bits": 4,
  "prefill_step_size": 512,
  "prompt_tokens": 512,
  "generation_tokens": 128,
  "num_trials": 3,
  "memory_gb": 6.7787,
  "ttft_ms": 87.204,
  "throughput_tps": 73.4967,
  "prompt_tps": 5871.2931,
  "mlx_version": "0.31.2",
  "mlx_lm_version": "0.29.1",
  "platform": "macOS-26.4.1-arm64-arm-64bit-Mach-O",
  "status": "ok",
  "error": null,
  "article_id": 5,
  "run_label": null,
  "benchmark_mode": "standard",
  "draft_model_repo": null,
  "draft_preset": "qwen-0.5b",
  "num_draft_tokens": null,
  "draft_accept_rate": null,
  "prefix_cache_cold_ttft_ms": null,
  "prefix_cache_warm_ttft_ms": null,
  "prefix_system_tokens": null,
  "workload": null,
  "schema_version": 1,
  "trials": {
    "ttft_ms": [
      87.20395807176828,
      87.4788339715451,
      86.8411660194397
    ],
    "throughput_tps": [
      73.49667537952573,
      73.39650674791422,
      73.57352502450625
    ],
    "memory_gb": [
      6.778698848,
      6.778698848,
      6.778698848
    ],
    "prompt_tps": [
      5871.293130738714,
      5852.844359660099,
      5895.821342212137
    ]
  },
  "stats": {
    "ttft_ms": {
      "n": 3,
      "mean": 87.1747,
      "median": 87.204,
      "p50": 87.204,
      "p95": 87.4513,
      "std": 0.2612,
      "min": 86.8412,
      "max": 87.4788
    },
    "throughput_tps": {
      "n": 3,
      "mean": 73.4889,
      "median": 73.4967,
      "p50": 73.4967,
      "p95": 73.5658,
      "std": 0.0725,
      "min": 73.3965,
      "max": 73.5735
    },
    "memory_gb": {
      "n": 3,
      "mean": 6.7787,
      "median": 6.7787,
      "p50": 6.7787,
      "p95": 6.7787,
      "std": 0.0,
      "min": 6.7787,
      "max": 6.7787
    },
    "prompt_tps": {
      "n": 3,
      "mean": 5873.3196,
      "median": 5871.2931,
      "p50": 5871.2931,
      "p95": 5893.3685,
      "std": 17.6037,
      "min": 5852.8444,
      "max": 5895.8213
    }
  },
  "warmup_policy": {
    "warmup_trials": 1,
    "warmup_discarded": true,
    "measured_trials_field": "num_trials",
    "description": "One full generate before timed trials; trials use seed+trial."
  }
}
