{
  "timestamp": "2026-05-23T14:44:30.314982+00:00",
  "hardware": "Mac M5 Max",
  "model_preset": "llama-3.2-3b",
  "configuration": "w4+kv_cache",
  "weight_bits": 4,
  "optimizations": {
    "weight_bits": 4,
    "kv_cache": true,
    "prefill": false
  },
  "model_repo": "mlx-community/Llama-3.2-3B-Instruct-4bit",
  "kv_bits": 4,
  "prefill_step_size": 512,
  "prompt_tokens": 512,
  "generation_tokens": 128,
  "num_trials": 3,
  "memory_gb": 2.4927,
  "ttft_ms": 77.8236,
  "throughput_tps": 211.3963,
  "prompt_tps": 6578.9826,
  "mlx_version": "0.31.2",
  "mlx_lm_version": "0.29.1",
  "platform": "macOS-26.4.1-arm64-arm-64bit-Mach-O",
  "status": "ok",
  "error": null,
  "article_id": 5,
  "run_label": null,
  "benchmark_mode": "standard",
  "draft_model_repo": null,
  "draft_preset": "qwen-0.5b",
  "num_draft_tokens": null,
  "draft_accept_rate": null,
  "prefix_cache_cold_ttft_ms": null,
  "prefix_cache_warm_ttft_ms": null,
  "prefix_system_tokens": null,
  "workload": null,
  "schema_version": 1,
  "trials": {
    "ttft_ms": [
      77.82358303666115,
      74.80108388699591,
      78.41512514278293
    ],
    "throughput_tps": [
      211.39631210834392,
      211.00244482598504,
      211.88790473756833
    ],
    "memory_gb": [
      2.492726476,
      2.492726476,
      2.492726476
    ],
    "prompt_tps": [
      6578.982617117576,
      6844.820601443325,
      6529.352584309722
    ]
  },
  "stats": {
    "ttft_ms": {
      "n": 3,
      "mean": 77.0133,
      "median": 77.8236,
      "p50": 77.8236,
      "p95": 78.356,
      "std": 1.5828,
      "min": 74.8011,
      "max": 78.4151
    },
    "throughput_tps": {
      "n": 3,
      "mean": 211.4289,
      "median": 211.3963,
      "p50": 211.3963,
      "p95": 211.8387,
      "std": 0.3622,
      "min": 211.0024,
      "max": 211.8879
    },
    "memory_gb": {
      "n": 3,
      "mean": 2.4927,
      "median": 2.4927,
      "p50": 2.4927,
      "p95": 2.4927,
      "std": 0.0,
      "min": 2.4927,
      "max": 2.4927
    },
    "prompt_tps": {
      "n": 3,
      "mean": 6651.0519,
      "median": 6578.9826,
      "p50": 6578.9826,
      "p95": 6818.2368,
      "std": 138.5051,
      "min": 6529.3526,
      "max": 6844.8206
    }
  },
  "warmup_policy": {
    "warmup_trials": 1,
    "warmup_discarded": true,
    "measured_trials_field": "num_trials",
    "description": "One full generate before timed trials; trials use seed+trial."
  }
}
