{
  "timestamp": "2026-05-25T05:14:36.710107+00:00",
  "hardware": "Mac M5 Max",
  "model_preset": "llama-3.2-3b",
  "configuration": "w4+kv_cache+prefill",
  "weight_bits": 4,
  "optimizations": {
    "weight_bits": 4,
    "kv_cache": true,
    "prefill": true
  },
  "model_repo": "mlx-community/Llama-3.2-3B-Instruct-4bit",
  "kv_bits": 4,
  "prefill_step_size": 2048,
  "prompt_tokens": 512,
  "generation_tokens": 128,
  "num_trials": 3,
  "memory_gb": 2.4927,
  "ttft_ms": 89.8563,
  "throughput_tps": 178.8598,
  "prompt_tps": 5697.9846,
  "mlx_version": "0.31.2",
  "mlx_lm_version": "0.29.1",
  "platform": "macOS-26.4.1-arm64-arm-64bit-Mach-O",
  "status": "ok",
  "error": null,
  "article_id": 5,
  "run_label": null,
  "benchmark_mode": "standard",
  "draft_model_repo": null,
  "draft_preset": "llama-3.2-1b",
  "num_draft_tokens": null,
  "draft_accept_rate": null,
  "prefix_cache_cold_ttft_ms": null,
  "prefix_cache_warm_ttft_ms": null,
  "prefix_system_tokens": null,
  "workload": null,
  "schema_version": 1,
  "trials": {
    "ttft_ms": [
      77.33420887961984,
      89.85633309930563,
      120.25883398018777
    ],
    "throughput_tps": [
      201.96387495475753,
      178.8597758656908,
      148.16113796899546
    ],
    "memory_gb": [
      2.492726476,
      2.492726476,
      2.492726476
    ],
    "prompt_tps": [
      6620.614698431721,
      5697.984575379434,
      4257.4834883593685
    ]
  },
  "stats": {
    "ttft_ms": {
      "n": 3,
      "mean": 95.8165,
      "median": 89.8563,
      "p50": 89.8563,
      "p95": 117.2186,
      "std": 18.0236,
      "min": 77.3342,
      "max": 120.2588
    },
    "throughput_tps": {
      "n": 3,
      "mean": 176.3283,
      "median": 178.8598,
      "p50": 178.8598,
      "p95": 199.6535,
      "std": 22.0377,
      "min": 148.1611,
      "max": 201.9639
    },
    "memory_gb": {
      "n": 3,
      "mean": 2.4927,
      "median": 2.4927,
      "p50": 2.4927,
      "p95": 2.4927,
      "std": 0.0,
      "min": 2.4927,
      "max": 2.4927
    },
    "prompt_tps": {
      "n": 3,
      "mean": 5525.3609,
      "median": 5697.9846,
      "p50": 5697.9846,
      "p95": 6528.3517,
      "std": 972.4356,
      "min": 4257.4835,
      "max": 6620.6147
    }
  },
  "warmup_policy": {
    "warmup_trials": 1,
    "warmup_discarded": true,
    "measured_trials_field": "num_trials",
    "description": "One full generate before timed trials; trials use seed+trial."
  }
}
