{
  "timestamp": "2026-05-25T05:14:16.385377+00:00",
  "hardware": "Mac M5 Max",
  "model_preset": "llama-3.2-3b",
  "configuration": "w4+kv_cache",
  "weight_bits": 4,
  "optimizations": {
    "weight_bits": 4,
    "kv_cache": true,
    "prefill": false
  },
  "model_repo": "mlx-community/Llama-3.2-3B-Instruct-4bit",
  "kv_bits": 4,
  "prefill_step_size": 512,
  "prompt_tokens": 512,
  "generation_tokens": 128,
  "num_trials": 3,
  "memory_gb": 2.4927,
  "ttft_ms": 79.8526,
  "throughput_tps": 204.9511,
  "prompt_tps": 6411.8118,
  "mlx_version": "0.31.2",
  "mlx_lm_version": "0.29.1",
  "platform": "macOS-26.4.1-arm64-arm-64bit-Mach-O",
  "status": "ok",
  "error": null,
  "article_id": 5,
  "run_label": null,
  "benchmark_mode": "standard",
  "draft_model_repo": null,
  "draft_preset": "llama-3.2-1b",
  "num_draft_tokens": null,
  "draft_accept_rate": null,
  "prefix_cache_cold_ttft_ms": null,
  "prefix_cache_warm_ttft_ms": null,
  "prefix_system_tokens": null,
  "workload": null,
  "schema_version": 1,
  "trials": {
    "ttft_ms": [
      74.82087495736778,
      79.85262502916157,
      85.8379581477493
    ],
    "throughput_tps": [
      207.21133185347625,
      204.95110345359006,
      193.63928971668813
    ],
    "memory_gb": [
      2.492726476,
      2.492726476,
      2.492726476
    ],
    "prompt_tps": [
      6843.010059582071,
      6411.8117571341145,
      5964.727156239152
    ]
  },
  "stats": {
    "ttft_ms": {
      "n": 3,
      "mean": 80.1705,
      "median": 79.8526,
      "p50": 79.8526,
      "p95": 85.2394,
      "std": 4.5033,
      "min": 74.8209,
      "max": 85.838
    },
    "throughput_tps": {
      "n": 3,
      "mean": 201.9339,
      "median": 204.9511,
      "p50": 204.9511,
      "p95": 206.9853,
      "std": 5.9373,
      "min": 193.6393,
      "max": 207.2113
    },
    "memory_gb": {
      "n": 3,
      "mean": 2.4927,
      "median": 2.4927,
      "p50": 2.4927,
      "p95": 2.4927,
      "std": 0.0,
      "min": 2.4927,
      "max": 2.4927
    },
    "prompt_tps": {
      "n": 3,
      "mean": 6406.5163,
      "median": 6411.8118,
      "p50": 6411.8118,
      "p95": 6799.8902,
      "std": 358.577,
      "min": 5964.7272,
      "max": 6843.0101
    }
  },
  "warmup_policy": {
    "warmup_trials": 1,
    "warmup_discarded": true,
    "measured_trials_field": "num_trials",
    "description": "One full generate before timed trials; trials use seed+trial."
  }
}
