{
  "timestamp": "2026-05-25T05:14:26.139263+00:00",
  "hardware": "Mac M5 Max",
  "model_preset": "llama-3.2-3b",
  "configuration": "w4+prefill",
  "weight_bits": 4,
  "optimizations": {
    "weight_bits": 4,
    "kv_cache": false,
    "prefill": true
  },
  "model_repo": "mlx-community/Llama-3.2-3B-Instruct-4bit",
  "kv_bits": null,
  "prefill_step_size": 2048,
  "prompt_tokens": 512,
  "generation_tokens": 128,
  "num_trials": 3,
  "memory_gb": 2.4927,
  "ttft_ms": 79.8221,
  "throughput_tps": 219.6587,
  "prompt_tps": 6414.2617,
  "mlx_version": "0.31.2",
  "mlx_lm_version": "0.29.1",
  "platform": "macOS-26.4.1-arm64-arm-64bit-Mach-O",
  "status": "ok",
  "error": null,
  "article_id": 5,
  "run_label": null,
  "benchmark_mode": "standard",
  "draft_model_repo": null,
  "draft_preset": "llama-3.2-1b",
  "num_draft_tokens": null,
  "draft_accept_rate": null,
  "prefix_cache_cold_ttft_ms": null,
  "prefix_cache_warm_ttft_ms": null,
  "prefix_system_tokens": null,
  "workload": null,
  "schema_version": 1,
  "trials": {
    "ttft_ms": [
      72.11291720159352,
      79.82212491333485,
      93.45395909622313
    ],
    "throughput_tps": [
      225.62452736619463,
      219.65866382268328,
      180.07163837567902
    ],
    "memory_gb": [
      2.492726476,
      2.492726476,
      2.492726476
    ],
    "prompt_tps": [
      7099.976257633439,
      6414.261716985021,
      5478.633596173585
    ]
  },
  "stats": {
    "ttft_ms": {
      "n": 3,
      "mean": 81.7963,
      "median": 79.8221,
      "p50": 79.8221,
      "p95": 92.0908,
      "std": 8.8236,
      "min": 72.1129,
      "max": 93.454
    },
    "throughput_tps": {
      "n": 3,
      "mean": 208.4516,
      "median": 219.6587,
      "p50": 219.6587,
      "p95": 225.0279,
      "std": 20.2149,
      "min": 180.0716,
      "max": 225.6245
    },
    "memory_gb": {
      "n": 3,
      "mean": 2.4927,
      "median": 2.4927,
      "p50": 2.4927,
      "p95": 2.4927,
      "std": 0.0,
      "min": 2.4927,
      "max": 2.4927
    },
    "prompt_tps": {
      "n": 3,
      "mean": 6330.9572,
      "median": 6414.2617,
      "p50": 6414.2617,
      "p95": 7031.4048,
      "std": 664.5263,
      "min": 5478.6336,
      "max": 7099.9763
    }
  },
  "warmup_policy": {
    "warmup_trials": 1,
    "warmup_discarded": true,
    "measured_trials_field": "num_trials",
    "description": "One full generate before timed trials; trials use seed+trial."
  }
}
