{
  "timestamp": "2026-05-23T14:44:39.697863+00:00",
  "hardware": "Mac M5 Max",
  "model_preset": "llama-3.2-3b",
  "configuration": "w4+prefill",
  "weight_bits": 4,
  "optimizations": {
    "weight_bits": 4,
    "kv_cache": false,
    "prefill": true
  },
  "model_repo": "mlx-community/Llama-3.2-3B-Instruct-4bit",
  "kv_bits": null,
  "prefill_step_size": 2048,
  "prompt_tokens": 512,
  "generation_tokens": 128,
  "num_trials": 3,
  "memory_gb": 2.4927,
  "ttft_ms": 72.7083,
  "throughput_tps": 232.7934,
  "prompt_tps": 7041.8339,
  "mlx_version": "0.31.2",
  "mlx_lm_version": "0.29.1",
  "platform": "macOS-26.4.1-arm64-arm-64bit-Mach-O",
  "status": "ok",
  "error": null,
  "article_id": 5,
  "run_label": null,
  "benchmark_mode": "standard",
  "draft_model_repo": null,
  "draft_preset": "qwen-0.5b",
  "num_draft_tokens": null,
  "draft_accept_rate": null,
  "prefix_cache_cold_ttft_ms": null,
  "prefix_cache_warm_ttft_ms": null,
  "prefix_system_tokens": null,
  "workload": null,
  "schema_version": 1,
  "trials": {
    "ttft_ms": [
      80.59099991805851,
      71.39449985697865,
      72.70833291113377
    ],
    "throughput_tps": [
      232.38070865986083,
      233.5404000863751,
      232.7934072337318
    ],
    "memory_gb": [
      2.492726476,
      2.492726476,
      2.492726476
    ],
    "prompt_tps": [
      6353.066726068416,
      7171.420782072376,
      7041.833851778465
    ]
  },
  "stats": {
    "ttft_ms": {
      "n": 3,
      "mean": 74.8979,
      "median": 72.7083,
      "p50": 72.7083,
      "p95": 79.8027,
      "std": 4.0612,
      "min": 71.3945,
      "max": 80.591
    },
    "throughput_tps": {
      "n": 3,
      "mean": 232.9048,
      "median": 232.7934,
      "p50": 232.7934,
      "p95": 233.4657,
      "std": 0.48,
      "min": 232.3807,
      "max": 233.5404
    },
    "memory_gb": {
      "n": 3,
      "mean": 2.4927,
      "median": 2.4927,
      "p50": 2.4927,
      "p95": 2.4927,
      "std": 0.0,
      "min": 2.4927,
      "max": 2.4927
    },
    "prompt_tps": {
      "n": 3,
      "mean": 6855.4405,
      "median": 7041.8339,
      "p50": 7041.8339,
      "p95": 7158.4621,
      "std": 359.1497,
      "min": 6353.0667,
      "max": 7171.4208
    }
  },
  "warmup_policy": {
    "warmup_trials": 1,
    "warmup_discarded": true,
    "measured_trials_field": "num_trials",
    "description": "One full generate before timed trials; trials use seed+trial."
  }
}
