{
  "timestamp": "2026-05-23T14:44:20.626698+00:00",
  "hardware": "Mac M5 Max",
  "model_preset": "llama-3.2-3b",
  "configuration": "w4",
  "weight_bits": 4,
  "optimizations": {
    "weight_bits": 4,
    "kv_cache": false,
    "prefill": false
  },
  "model_repo": "mlx-community/Llama-3.2-3B-Instruct-4bit",
  "kv_bits": null,
  "prefill_step_size": 512,
  "prompt_tokens": 512,
  "generation_tokens": 128,
  "num_trials": 3,
  "memory_gb": 2.4927,
  "ttft_ms": 74.203,
  "throughput_tps": 232.3306,
  "prompt_tps": 6899.9906,
  "mlx_version": "0.31.2",
  "mlx_lm_version": "0.29.1",
  "platform": "macOS-26.4.1-arm64-arm-64bit-Mach-O",
  "status": "ok",
  "error": null,
  "article_id": 5,
  "run_label": null,
  "benchmark_mode": "standard",
  "draft_model_repo": null,
  "draft_preset": "qwen-0.5b",
  "num_draft_tokens": null,
  "draft_accept_rate": null,
  "prefix_cache_cold_ttft_ms": null,
  "prefix_cache_warm_ttft_ms": null,
  "prefix_system_tokens": null,
  "workload": null,
  "schema_version": 1,
  "trials": {
    "ttft_ms": [
      75.03720792010427,
      70.60345797799528,
      74.20299993827939
    ],
    "throughput_tps": [
      232.9617876500931,
      230.73458259481194,
      232.33062100326805
    ],
    "memory_gb": [
      2.492726476,
      2.492726476,
      2.492726476
    ],
    "prompt_tps": [
      6823.281598445815,
      7251.769455252081,
      6899.9905721584255
    ]
  },
  "stats": {
    "ttft_ms": {
      "n": 3,
      "mean": 73.2812,
      "median": 74.203,
      "p50": 74.203,
      "p95": 74.9538,
      "std": 1.9238,
      "min": 70.6035,
      "max": 75.0372
    },
    "throughput_tps": {
      "n": 3,
      "mean": 232.009,
      "median": 232.3306,
      "p50": 232.3306,
      "p95": 232.8987,
      "std": 0.9373,
      "min": 230.7346,
      "max": 232.9618
    },
    "memory_gb": {
      "n": 3,
      "mean": 2.4927,
      "median": 2.4927,
      "p50": 2.4927,
      "p95": 2.4927,
      "std": 0.0,
      "min": 2.4927,
      "max": 2.4927
    },
    "prompt_tps": {
      "n": 3,
      "mean": 6991.6805,
      "median": 6899.9906,
      "p50": 6899.9906,
      "p95": 7216.5916,
      "std": 186.5579,
      "min": 6823.2816,
      "max": 7251.7695
    }
  },
  "warmup_policy": {
    "warmup_trials": 1,
    "warmup_discarded": true,
    "measured_trials_field": "num_trials",
    "description": "One full generate before timed trials; trials use seed+trial."
  }
}
