{
  "timestamp": "2026-05-25T05:14:06.500267+00:00",
  "hardware": "Mac M5 Max",
  "model_preset": "llama-3.2-3b",
  "configuration": "w4",
  "weight_bits": 4,
  "optimizations": {
    "weight_bits": 4,
    "kv_cache": false,
    "prefill": false
  },
  "model_repo": "mlx-community/Llama-3.2-3B-Instruct-4bit",
  "kv_bits": null,
  "prefill_step_size": 512,
  "prompt_tokens": 512,
  "generation_tokens": 128,
  "num_trials": 3,
  "memory_gb": 2.4927,
  "ttft_ms": 71.3151,
  "throughput_tps": 228.9493,
  "prompt_tps": 7179.4027,
  "mlx_version": "0.31.2",
  "mlx_lm_version": "0.29.1",
  "platform": "macOS-26.4.1-arm64-arm-64bit-Mach-O",
  "status": "ok",
  "error": null,
  "article_id": 5,
  "run_label": null,
  "benchmark_mode": "standard",
  "draft_model_repo": null,
  "draft_preset": "llama-3.2-1b",
  "num_draft_tokens": null,
  "draft_accept_rate": null,
  "prefix_cache_cold_ttft_ms": null,
  "prefix_cache_warm_ttft_ms": null,
  "prefix_system_tokens": null,
  "workload": null,
  "schema_version": 1,
  "trials": {
    "ttft_ms": [
      70.60645800083876,
      71.31512486375868,
      75.3896669484675
    ],
    "throughput_tps": [
      234.79454947124106,
      224.02822268533495,
      228.9493139248937
    ],
    "memory_gb": [
      2.492726476,
      2.492726476,
      2.492726476
    ],
    "prompt_tps": [
      7251.461332246942,
      7179.402700032164,
      6791.381640536719
    ]
  },
  "stats": {
    "ttft_ms": {
      "n": 3,
      "mean": 72.4371,
      "median": 71.3151,
      "p50": 71.3151,
      "p95": 74.9822,
      "std": 2.1077,
      "min": 70.6065,
      "max": 75.3897
    },
    "throughput_tps": {
      "n": 3,
      "mean": 229.2574,
      "median": 228.9493,
      "p50": 228.9493,
      "p95": 234.21,
      "std": 4.4007,
      "min": 224.0282,
      "max": 234.7945
    },
    "memory_gb": {
      "n": 3,
      "mean": 2.4927,
      "median": 2.4927,
      "p50": 2.4927,
      "p95": 2.4927,
      "std": 0.0,
      "min": 2.4927,
      "max": 2.4927
    },
    "prompt_tps": {
      "n": 3,
      "mean": 7074.0819,
      "median": 7179.4027,
      "p50": 7179.4027,
      "p95": 7244.2555,
      "std": 202.0523,
      "min": 6791.3816,
      "max": 7251.4613
    }
  },
  "warmup_policy": {
    "warmup_trials": 1,
    "warmup_discarded": true,
    "measured_trials_field": "num_trials",
    "description": "One full generate before timed trials; trials use seed+trial."
  }
}
