{
  "timestamp": "2026-05-25T05:13:56.415002+00:00",
  "hardware": "Mac M5 Max",
  "model_preset": "llama-3.2-3b",
  "configuration": "w8+kv_cache+prefill",
  "weight_bits": 8,
  "optimizations": {
    "weight_bits": 8,
    "kv_cache": true,
    "prefill": true
  },
  "model_repo": "mlx-community/Llama-3.2-3B-Instruct-8bit",
  "kv_bits": 4,
  "prefill_step_size": 2048,
  "prompt_tokens": 512,
  "generation_tokens": 128,
  "num_trials": 3,
  "memory_gb": 3.9366,
  "ttft_ms": 109.2419,
  "throughput_tps": 91.4029,
  "prompt_tps": 4686.8457,
  "mlx_version": "0.31.2",
  "mlx_lm_version": "0.29.1",
  "platform": "macOS-26.4.1-arm64-arm-64bit-Mach-O",
  "status": "ok",
  "error": null,
  "article_id": 5,
  "run_label": null,
  "benchmark_mode": "standard",
  "draft_model_repo": null,
  "draft_preset": "llama-3.2-1b",
  "num_draft_tokens": null,
  "draft_accept_rate": null,
  "prefix_cache_cold_ttft_ms": null,
  "prefix_cache_warm_ttft_ms": null,
  "prefix_system_tokens": null,
  "workload": null,
  "schema_version": 1,
  "trials": {
    "ttft_ms": [
      83.39279191568494,
      109.24191609956326,
      268.0347920395434
    ],
    "throughput_tps": [
      128.66662720104875,
      51.054140872428356,
      91.4029323900705
    ],
    "memory_gb": [
      3.936615592,
      3.936615592,
      3.936615592
    ],
    "prompt_tps": [
      6139.619363237801,
      4686.845656692459,
      1910.1997770664946
    ]
  },
  "stats": {
    "ttft_ms": {
      "n": 3,
      "mean": 153.5565,
      "median": 109.2419,
      "p50": 109.2419,
      "p95": 252.1555,
      "std": 81.6333,
      "min": 83.3928,
      "max": 268.0348
    },
    "throughput_tps": {
      "n": 3,
      "mean": 90.3746,
      "median": 91.4029,
      "p50": 91.4029,
      "p95": 124.9403,
      "std": 31.6935,
      "min": 51.0541,
      "max": 128.6666
    },
    "memory_gb": {
      "n": 3,
      "mean": 3.9366,
      "median": 3.9366,
      "p50": 3.9366,
      "p95": 3.9366,
      "std": 0.0,
      "min": 3.9366,
      "max": 3.9366
    },
    "prompt_tps": {
      "n": 3,
      "mean": 4245.5549,
      "median": 4686.8457,
      "p50": 4686.8457,
      "p95": 5994.342,
      "std": 1754.6226,
      "min": 1910.1998,
      "max": 6139.6194
    }
  },
  "warmup_policy": {
    "warmup_trials": 1,
    "warmup_discarded": true,
    "measured_trials_field": "num_trials",
    "description": "One full generate before timed trials; trials use seed+trial."
  }
}
