{
  "timestamp": "2026-05-23T14:43:48.910648+00:00",
  "hardware": "Mac M5 Max",
  "model_preset": "llama-3.2-3b",
  "configuration": "w8+kv_cache",
  "weight_bits": 8,
  "optimizations": {
    "weight_bits": 8,
    "kv_cache": true,
    "prefill": false
  },
  "model_repo": "mlx-community/Llama-3.2-3B-Instruct-8bit",
  "kv_bits": 4,
  "prefill_step_size": 512,
  "prompt_tokens": 512,
  "generation_tokens": 128,
  "num_trials": 3,
  "memory_gb": 3.9366,
  "ttft_ms": 83.7073,
  "throughput_tps": 128.0008,
  "prompt_tps": 6116.5489,
  "mlx_version": "0.31.2",
  "mlx_lm_version": "0.29.1",
  "platform": "macOS-26.4.1-arm64-arm-64bit-Mach-O",
  "status": "ok",
  "error": null,
  "article_id": 5,
  "run_label": null,
  "benchmark_mode": "standard",
  "draft_model_repo": null,
  "draft_preset": "qwen-0.5b",
  "num_draft_tokens": null,
  "draft_accept_rate": null,
  "prefix_cache_cold_ttft_ms": null,
  "prefix_cache_warm_ttft_ms": null,
  "prefix_system_tokens": null,
  "workload": null,
  "schema_version": 1,
  "trials": {
    "ttft_ms": [
      83.70733307674527,
      83.65208306349814,
      84.34958406724036
    ],
    "throughput_tps": [
      127.93264871128261,
      128.00078398469452,
      128.17191595730986
    ],
    "memory_gb": [
      3.936615592,
      3.936615592,
      3.936615592
    ],
    "prompt_tps": [
      6116.548947158354,
      6120.588767781837,
      6069.976582123423
    ]
  },
  "stats": {
    "ttft_ms": {
      "n": 3,
      "mean": 83.903,
      "median": 83.7073,
      "p50": 83.7073,
      "p95": 84.2854,
      "std": 0.3166,
      "min": 83.6521,
      "max": 84.3496
    },
    "throughput_tps": {
      "n": 3,
      "mean": 128.0351,
      "median": 128.0008,
      "p50": 128.0008,
      "p95": 128.1548,
      "std": 0.1007,
      "min": 127.9326,
      "max": 128.1719
    },
    "memory_gb": {
      "n": 3,
      "mean": 3.9366,
      "median": 3.9366,
      "p50": 3.9366,
      "p95": 3.9366,
      "std": 0.0,
      "min": 3.9366,
      "max": 3.9366
    },
    "prompt_tps": {
      "n": 3,
      "mean": 6102.3714,
      "median": 6116.5489,
      "p50": 6116.5489,
      "p95": 6120.1848,
      "std": 22.9659,
      "min": 6069.9766,
      "max": 6120.5888
    }
  },
  "warmup_policy": {
    "warmup_trials": 1,
    "warmup_discarded": true,
    "measured_trials_field": "num_trials",
    "description": "One full generate before timed trials; trials use seed+trial."
  }
}
