{
  "timestamp": "2026-05-25T05:13:29.514133+00:00",
  "hardware": "Mac M5 Max",
  "model_preset": "llama-3.2-3b",
  "configuration": "w8+kv_cache",
  "weight_bits": 8,
  "optimizations": {
    "weight_bits": 8,
    "kv_cache": true,
    "prefill": false
  },
  "model_repo": "mlx-community/Llama-3.2-3B-Instruct-8bit",
  "kv_bits": 4,
  "prefill_step_size": 512,
  "prompt_tokens": 512,
  "generation_tokens": 128,
  "num_trials": 3,
  "memory_gb": 3.9366,
  "ttft_ms": 105.7653,
  "throughput_tps": 96.9192,
  "prompt_tps": 4840.9076,
  "mlx_version": "0.31.2",
  "mlx_lm_version": "0.29.1",
  "platform": "macOS-26.4.1-arm64-arm-64bit-Mach-O",
  "status": "ok",
  "error": null,
  "article_id": 5,
  "run_label": null,
  "benchmark_mode": "standard",
  "draft_model_repo": null,
  "draft_preset": "llama-3.2-1b",
  "num_draft_tokens": null,
  "draft_accept_rate": null,
  "prefix_cache_cold_ttft_ms": null,
  "prefix_cache_warm_ttft_ms": null,
  "prefix_system_tokens": null,
  "workload": null,
  "schema_version": 1,
  "trials": {
    "ttft_ms": [
      83.47216690890491,
      105.76529102399945,
      318.1048750411719
    ],
    "throughput_tps": [
      128.40475322046706,
      46.019328120838246,
      96.91915091959746
    ],
    "memory_gb": [
      3.936615592,
      3.936615592,
      3.936615592
    ],
    "prompt_tps": [
      6133.781102852611,
      4840.907589275397,
      1609.5320762806055
    ]
  },
  "stats": {
    "ttft_ms": {
      "n": 3,
      "mean": 169.1141,
      "median": 105.7653,
      "p50": 105.7653,
      "p95": 296.8709,
      "std": 105.7448,
      "min": 83.4722,
      "max": 318.1049
    },
    "throughput_tps": {
      "n": 3,
      "mean": 90.4477,
      "median": 96.9192,
      "p50": 96.9192,
      "p95": 125.2562,
      "std": 33.9436,
      "min": 46.0193,
      "max": 128.4048
    },
    "memory_gb": {
      "n": 3,
      "mean": 3.9366,
      "median": 3.9366,
      "p50": 3.9366,
      "p95": 3.9366,
      "std": 0.0,
      "min": 3.9366,
      "max": 3.9366
    },
    "prompt_tps": {
      "n": 3,
      "mean": 4194.7403,
      "median": 4840.9076,
      "p50": 4840.9076,
      "p95": 6004.4938,
      "std": 1902.6922,
      "min": 1609.5321,
      "max": 6133.7811
    }
  },
  "warmup_policy": {
    "warmup_trials": 1,
    "warmup_discarded": true,
    "measured_trials_field": "num_trials",
    "description": "One full generate before timed trials; trials use seed+trial."
  }
}
