{
  "timestamp": "2026-05-23T14:44:11.158366+00:00",
  "hardware": "Mac M5 Max",
  "model_preset": "llama-3.2-3b",
  "configuration": "w8+kv_cache+prefill",
  "weight_bits": 8,
  "optimizations": {
    "weight_bits": 8,
    "kv_cache": true,
    "prefill": true
  },
  "model_repo": "mlx-community/Llama-3.2-3B-Instruct-8bit",
  "kv_bits": 4,
  "prefill_step_size": 2048,
  "prompt_tokens": 512,
  "generation_tokens": 128,
  "num_trials": 3,
  "memory_gb": 3.9366,
  "ttft_ms": 84.6015,
  "throughput_tps": 129.0283,
  "prompt_tps": 6051.9022,
  "mlx_version": "0.31.2",
  "mlx_lm_version": "0.29.1",
  "platform": "macOS-26.4.1-arm64-arm-64bit-Mach-O",
  "status": "ok",
  "error": null,
  "article_id": 5,
  "run_label": null,
  "benchmark_mode": "standard",
  "draft_model_repo": null,
  "draft_preset": "qwen-0.5b",
  "num_draft_tokens": null,
  "draft_accept_rate": null,
  "prefix_cache_cold_ttft_ms": null,
  "prefix_cache_warm_ttft_ms": null,
  "prefix_system_tokens": null,
  "workload": null,
  "schema_version": 1,
  "trials": {
    "ttft_ms": [
      93.07541698217392,
      84.10520805045962,
      84.60149983875453
    ],
    "throughput_tps": [
      129.2135358065596,
      128.9643740466672,
      129.02826392613252
    ],
    "memory_gb": [
      3.936615592,
      3.936615592,
      3.936615592
    ],
    "prompt_tps": [
      5500.915457602084,
      6087.613500614864,
      6051.90216456968
    ]
  },
  "stats": {
    "ttft_ms": {
      "n": 3,
      "mean": 87.2607,
      "median": 84.6015,
      "p50": 84.6015,
      "p95": 92.228,
      "std": 4.1166,
      "min": 84.1052,
      "max": 93.0754
    },
    "throughput_tps": {
      "n": 3,
      "mean": 129.0687,
      "median": 129.0283,
      "p50": 129.0283,
      "p95": 129.195,
      "std": 0.1057,
      "min": 128.9644,
      "max": 129.2135
    },
    "memory_gb": {
      "n": 3,
      "mean": 3.9366,
      "median": 3.9366,
      "p50": 3.9366,
      "p95": 3.9366,
      "std": 0.0,
      "min": 3.9366,
      "max": 3.9366
    },
    "prompt_tps": {
      "n": 3,
      "mean": 5880.1437,
      "median": 6051.9022,
      "p50": 6051.9022,
      "p95": 6084.0424,
      "std": 268.5509,
      "min": 5500.9155,
      "max": 6087.6135
    }
  },
  "warmup_policy": {
    "warmup_trials": 1,
    "warmup_discarded": true,
    "measured_trials_field": "num_trials",
    "description": "One full generate before timed trials; trials use seed+trial."
  }
}
