{
  "timestamp": "2026-05-23T14:43:59.941812+00:00",
  "hardware": "Mac M5 Max",
  "model_preset": "llama-3.2-3b",
  "configuration": "w8+prefill",
  "weight_bits": 8,
  "optimizations": {
    "weight_bits": 8,
    "kv_cache": false,
    "prefill": true
  },
  "model_repo": "mlx-community/Llama-3.2-3B-Instruct-8bit",
  "kv_bits": null,
  "prefill_step_size": 2048,
  "prompt_tokens": 512,
  "generation_tokens": 128,
  "num_trials": 3,
  "memory_gb": 3.9366,
  "ttft_ms": 80.5264,
  "throughput_tps": 133.2511,
  "prompt_tps": 6358.1653,
  "mlx_version": "0.31.2",
  "mlx_lm_version": "0.29.1",
  "platform": "macOS-26.4.1-arm64-arm-64bit-Mach-O",
  "status": "ok",
  "error": null,
  "article_id": 5,
  "run_label": null,
  "benchmark_mode": "standard",
  "draft_model_repo": null,
  "draft_preset": "qwen-0.5b",
  "num_draft_tokens": null,
  "draft_accept_rate": null,
  "prefix_cache_cold_ttft_ms": null,
  "prefix_cache_warm_ttft_ms": null,
  "prefix_system_tokens": null,
  "workload": null,
  "schema_version": 1,
  "trials": {
    "ttft_ms": [
      81.20925002731383,
      80.52637497894466,
      79.85379197634757
    ],
    "throughput_tps": [
      132.8262817374428,
      133.76204541834957,
      133.25113290290625
    ],
    "memory_gb": [
      3.936615592,
      3.936615592,
      3.936615592
    ],
    "prompt_tps": [
      6304.70050921286,
      6358.165261181487,
      6411.718057818128
    ]
  },
  "stats": {
    "ttft_ms": {
      "n": 3,
      "mean": 80.5298,
      "median": 80.5264,
      "p50": 80.5264,
      "p95": 81.141,
      "std": 0.5534,
      "min": 79.8538,
      "max": 81.2093
    },
    "throughput_tps": {
      "n": 3,
      "mean": 133.2798,
      "median": 133.2511,
      "p50": 133.2511,
      "p95": 133.711,
      "std": 0.3826,
      "min": 132.8263,
      "max": 133.762
    },
    "memory_gb": {
      "n": 3,
      "mean": 3.9366,
      "median": 3.9366,
      "p50": 3.9366,
      "p95": 3.9366,
      "std": 0.0,
      "min": 3.9366,
      "max": 3.9366
    },
    "prompt_tps": {
      "n": 3,
      "mean": 6358.1946,
      "median": 6358.1653,
      "p50": 6358.1653,
      "p95": 6406.3628,
      "std": 43.6897,
      "min": 6304.7005,
      "max": 6411.7181
    }
  },
  "warmup_policy": {
    "warmup_trials": 1,
    "warmup_discarded": true,
    "measured_trials_field": "num_trials",
    "description": "One full generate before timed trials; trials use seed+trial."
  }
}
