{
  "timestamp": "2026-05-25T05:13:42.713347+00:00",
  "hardware": "Mac M5 Max",
  "model_preset": "llama-3.2-3b",
  "configuration": "w8+prefill",
  "weight_bits": 8,
  "optimizations": {
    "weight_bits": 8,
    "kv_cache": false,
    "prefill": true
  },
  "model_repo": "mlx-community/Llama-3.2-3B-Instruct-8bit",
  "kv_bits": null,
  "prefill_step_size": 2048,
  "prompt_tokens": 512,
  "generation_tokens": 128,
  "num_trials": 3,
  "memory_gb": 3.9366,
  "ttft_ms": 95.7945,
  "throughput_tps": 125.5155,
  "prompt_tps": 5344.7745,
  "mlx_version": "0.31.2",
  "mlx_lm_version": "0.29.1",
  "platform": "macOS-26.4.1-arm64-arm-64bit-Mach-O",
  "status": "ok",
  "error": null,
  "article_id": 5,
  "run_label": null,
  "benchmark_mode": "standard",
  "draft_model_repo": null,
  "draft_preset": "llama-3.2-1b",
  "num_draft_tokens": null,
  "draft_accept_rate": null,
  "prefix_cache_cold_ttft_ms": null,
  "prefix_cache_warm_ttft_ms": null,
  "prefix_system_tokens": null,
  "workload": null,
  "schema_version": 1,
  "trials": {
    "ttft_ms": [
      80.22562507539988,
      95.79450008459389,
      572.4649159237742
    ],
    "throughput_tps": [
      136.40927362869172,
      125.51548891899726,
      56.751293261117866
    ],
    "memory_gb": [
      3.936615592,
      3.936615592,
      3.936615592
    ],
    "prompt_tps": [
      6382.000757473662,
      5344.774486508773,
      894.3779535795599
    ]
  },
  "stats": {
    "ttft_ms": {
      "n": 3,
      "mean": 249.495,
      "median": 95.7945,
      "p50": 95.7945,
      "p95": 524.7979,
      "std": 228.4626,
      "min": 80.2256,
      "max": 572.4649
    },
    "throughput_tps": {
      "n": 3,
      "mean": 106.2254,
      "median": 125.5155,
      "p50": 125.5155,
      "p95": 135.3199,
      "std": 35.265,
      "min": 56.7513,
      "max": 136.4093
    },
    "memory_gb": {
      "n": 3,
      "mean": 3.9366,
      "median": 3.9366,
      "p50": 3.9366,
      "p95": 3.9366,
      "std": 0.0,
      "min": 3.9366,
      "max": 3.9366
    },
    "prompt_tps": {
      "n": 3,
      "mean": 4207.0511,
      "median": 5344.7745,
      "p50": 5344.7745,
      "p95": 6278.2781,
      "std": 2380.3798,
      "min": 894.378,
      "max": 6382.0008
    }
  },
  "warmup_policy": {
    "warmup_trials": 1,
    "warmup_discarded": true,
    "measured_trials_field": "num_trials",
    "description": "One full generate before timed trials; trials use seed+trial."
  }
}
