{
  "timestamp": "2026-05-25T05:13:15.661739+00:00",
  "hardware": "Mac M5 Max",
  "model_preset": "llama-3.2-3b",
  "configuration": "w8",
  "weight_bits": 8,
  "optimizations": {
    "weight_bits": 8,
    "kv_cache": false,
    "prefill": false
  },
  "model_repo": "mlx-community/Llama-3.2-3B-Instruct-8bit",
  "kv_bits": null,
  "prefill_step_size": 512,
  "prompt_tokens": 512,
  "generation_tokens": 128,
  "num_trials": 3,
  "memory_gb": 3.9366,
  "ttft_ms": 80.0359,
  "throughput_tps": 134.524,
  "prompt_tps": 6397.1313,
  "mlx_version": "0.31.2",
  "mlx_lm_version": "0.29.1",
  "platform": "macOS-26.4.1-arm64-arm-64bit-Mach-O",
  "status": "ok",
  "error": null,
  "article_id": 5,
  "run_label": null,
  "benchmark_mode": "standard",
  "draft_model_repo": null,
  "draft_preset": "llama-3.2-1b",
  "num_draft_tokens": null,
  "draft_accept_rate": null,
  "prefix_cache_cold_ttft_ms": null,
  "prefix_cache_warm_ttft_ms": null,
  "prefix_system_tokens": null,
  "workload": null,
  "schema_version": 1,
  "trials": {
    "ttft_ms": [
      79.71304096281528,
      80.03587508574128,
      83.54991604574025
    ],
    "throughput_tps": [
      134.52398749068124,
      135.03494952536988,
      129.1231454212331
    ],
    "memory_gb": [
      3.936615592,
      3.936615592,
      3.936615592
    ],
    "prompt_tps": [
      6423.039364899389,
      6397.131279585583,
      6128.073183457185
    ]
  },
  "stats": {
    "ttft_ms": {
      "n": 3,
      "mean": 81.0996,
      "median": 80.0359,
      "p50": 80.0359,
      "p95": 83.1985,
      "std": 1.7376,
      "min": 79.713,
      "max": 83.5499
    },
    "throughput_tps": {
      "n": 3,
      "mean": 132.894,
      "median": 134.524,
      "p50": 134.524,
      "p95": 134.9839,
      "std": 2.6746,
      "min": 129.1231,
      "max": 135.0349
    },
    "memory_gb": {
      "n": 3,
      "mean": 3.9366,
      "median": 3.9366,
      "p50": 3.9366,
      "p95": 3.9366,
      "std": 0.0,
      "min": 3.9366,
      "max": 3.9366
    },
    "prompt_tps": {
      "n": 3,
      "mean": 6316.0813,
      "median": 6397.1313,
      "p50": 6397.1313,
      "p95": 6420.4486,
      "std": 133.3619,
      "min": 6128.0732,
      "max": 6423.0394
    }
  },
  "warmup_policy": {
    "warmup_trials": 1,
    "warmup_discarded": true,
    "measured_trials_field": "num_trials",
    "description": "One full generate before timed trials; trials use seed+trial."
  }
}
