{
  "timestamp": "2026-05-23T14:43:37.649101+00:00",
  "hardware": "Mac M5 Max",
  "model_preset": "llama-3.2-3b",
  "configuration": "w8",
  "weight_bits": 8,
  "optimizations": {
    "weight_bits": 8,
    "kv_cache": false,
    "prefill": false
  },
  "model_repo": "mlx-community/Llama-3.2-3B-Instruct-8bit",
  "kv_bits": null,
  "prefill_step_size": 512,
  "prompt_tokens": 512,
  "generation_tokens": 128,
  "num_trials": 3,
  "memory_gb": 3.9366,
  "ttft_ms": 80.835,
  "throughput_tps": 132.3276,
  "prompt_tps": 6333.8932,
  "mlx_version": "0.31.2",
  "mlx_lm_version": "0.29.1",
  "platform": "macOS-26.4.1-arm64-arm-64bit-Mach-O",
  "status": "ok",
  "error": null,
  "article_id": 5,
  "run_label": null,
  "benchmark_mode": "standard",
  "draft_model_repo": null,
  "draft_preset": "qwen-0.5b",
  "num_draft_tokens": null,
  "draft_accept_rate": null,
  "prefix_cache_cold_ttft_ms": null,
  "prefix_cache_warm_ttft_ms": null,
  "prefix_system_tokens": null,
  "workload": null,
  "schema_version": 1,
  "trials": {
    "ttft_ms": [
      80.43599990196526,
      80.83495893515646,
      82.00591686181724
    ],
    "throughput_tps": [
      132.6869509440508,
      132.17229376400616,
      132.32757484503094
    ],
    "memory_gb": [
      3.936615592,
      3.936615592,
      3.936615592
    ],
    "prompt_tps": [
      6365.309073350508,
      6333.893240555884,
      6243.451931190983
    ]
  },
  "stats": {
    "ttft_ms": {
      "n": 3,
      "mean": 81.0923,
      "median": 80.835,
      "p50": 80.835,
      "p95": 81.8888,
      "std": 0.6662,
      "min": 80.436,
      "max": 82.0059
    },
    "throughput_tps": {
      "n": 3,
      "mean": 132.3956,
      "median": 132.3276,
      "p50": 132.3276,
      "p95": 132.651,
      "std": 0.2155,
      "min": 132.1723,
      "max": 132.687
    },
    "memory_gb": {
      "n": 3,
      "mean": 3.9366,
      "median": 3.9366,
      "p50": 3.9366,
      "p95": 3.9366,
      "std": 0.0,
      "min": 3.9366,
      "max": 3.9366
    },
    "prompt_tps": {
      "n": 3,
      "mean": 6314.2181,
      "median": 6333.8932,
      "p50": 6333.8932,
      "p95": 6362.1675,
      "std": 51.6567,
      "min": 6243.4519,
      "max": 6365.3091
    }
  },
  "warmup_policy": {
    "warmup_trials": 1,
    "warmup_discarded": true,
    "measured_trials_field": "num_trials",
    "description": "One full generate before timed trials; trials use seed+trial."
  }
}
