{
  "timestamp": "2026-05-20T17:50:01.330681+00:00",
  "hardware": "Mac M3",
  "model_preset": "gemma-2-2b",
  "configuration": "w4",
  "weight_bits": 4,
  "optimizations": {
    "weight_bits": 4,
    "kv_cache": false,
    "prefill": false
  },
  "model_repo": "mlx-community/gemma-2-2b-it-4bit",
  "kv_bits": null,
  "prefill_step_size": 512,
  "prompt_tokens": 512,
  "generation_tokens": 128,
  "num_trials": 3,
  "memory_gb": 2.1192,
  "ttft_ms": 802.5863,
  "throughput_tps": 53.0673,
  "prompt_tps": 637.9376,
  "mlx_version": "0.31.2",
  "mlx_lm_version": "0.31.3",
  "platform": "macOS-26.3.1-arm64-arm-64bit-Mach-O",
  "status": "ok",
  "error": null,
  "article_id": 4,
  "run_label": null,
  "benchmark_mode": "standard",
  "draft_model_repo": null,
  "draft_preset": "qwen-0.5b",
  "num_draft_tokens": null,
  "draft_accept_rate": null,
  "prefix_cache_cold_ttft_ms": null,
  "prefix_cache_warm_ttft_ms": null,
  "prefix_system_tokens": null,
  "workload": null,
  "schema_version": 1,
  "trials": {
    "ttft_ms": [
      802.5862921494991,
      801.9151659682393,
      814.8214579559863
    ],
    "throughput_tps": [
      53.4556670059675,
      53.05589064197757,
      53.067306749208576
    ],
    "memory_gb": [
      2.119156566,
      2.119156566,
      2.119156566
    ],
    "prompt_tps": [
      637.9376336328318,
      638.4715263263624,
      628.3585133906187
    ]
  },
  "stats": {
    "ttft_ms": {
      "n": 3,
      "mean": 806.441,
      "median": 802.5863,
      "p50": 802.5863,
      "p95": 813.5979,
      "std": 5.9322,
      "min": 801.9152,
      "max": 814.8215
    },
    "throughput_tps": {
      "n": 3,
      "mean": 53.193,
      "median": 53.0673,
      "p50": 53.0673,
      "p95": 53.4168,
      "std": 0.1858,
      "min": 53.0559,
      "max": 53.4557
    },
    "memory_gb": {
      "n": 3,
      "mean": 2.1192,
      "median": 2.1192,
      "p50": 2.1192,
      "p95": 2.1192,
      "std": 0.0,
      "min": 2.1192,
      "max": 2.1192
    },
    "prompt_tps": {
      "n": 3,
      "mean": 634.9226,
      "median": 637.9376,
      "p50": 637.9376,
      "p95": 638.4181,
      "std": 4.6466,
      "min": 628.3585,
      "max": 638.4715
    }
  },
  "warmup_policy": {
    "warmup_trials": 1,
    "warmup_discarded": true,
    "measured_trials_field": "num_trials",
    "description": "One full generate before timed trials; trials use seed+trial."
  }
}
