{
  "timestamp": "2026-05-20T17:49:40.055167+00:00",
  "hardware": "Mac M3",
  "model_preset": "gemma-2-2b",
  "configuration": "w8",
  "weight_bits": 8,
  "optimizations": {
    "weight_bits": 8,
    "kv_cache": false,
    "prefill": false
  },
  "model_repo": "mlx-community/gemma-2-2b-it-8bit",
  "kv_bits": null,
  "prefill_step_size": 512,
  "prompt_tokens": 512,
  "generation_tokens": 128,
  "num_trials": 3,
  "memory_gb": 3.3193,
  "ttft_ms": 822.3226,
  "throughput_tps": 30.4332,
  "prompt_tps": 622.6267,
  "mlx_version": "0.31.2",
  "mlx_lm_version": "0.31.3",
  "platform": "macOS-26.3.1-arm64-arm-64bit-Mach-O",
  "status": "ok",
  "error": null,
  "article_id": 4,
  "run_label": null,
  "benchmark_mode": "standard",
  "draft_model_repo": null,
  "draft_preset": "qwen-0.5b",
  "num_draft_tokens": null,
  "draft_accept_rate": null,
  "prefix_cache_cold_ttft_ms": null,
  "prefix_cache_warm_ttft_ms": null,
  "prefix_system_tokens": null,
  "workload": null,
  "schema_version": 1,
  "trials": {
    "ttft_ms": [
      805.1076249685138,
      824.9596660025418,
      822.322583058849
    ],
    "throughput_tps": [
      30.463935393367095,
      30.021845584343275,
      30.43323191921678
    ],
    "memory_gb": [
      3.319296886,
      3.319296886,
      3.319296886
    ],
    "prompt_tps": [
      635.9398223560773,
      620.6364033298356,
      622.6267045901609
    ]
  },
  "stats": {
    "ttft_ms": {
      "n": 3,
      "mean": 817.4633,
      "median": 822.3226,
      "p50": 822.3226,
      "p95": 824.696,
      "std": 8.8029,
      "min": 805.1076,
      "max": 824.9597
    },
    "throughput_tps": {
      "n": 3,
      "mean": 30.3063,
      "median": 30.4332,
      "p50": 30.4332,
      "p95": 30.4609,
      "std": 0.2016,
      "min": 30.0218,
      "max": 30.4639
    },
    "memory_gb": {
      "n": 3,
      "mean": 3.3193,
      "median": 3.3193,
      "p50": 3.3193,
      "p95": 3.3193,
      "std": 0.0,
      "min": 3.3193,
      "max": 3.3193
    },
    "prompt_tps": {
      "n": 3,
      "mean": 626.401,
      "median": 622.6267,
      "p50": 622.6267,
      "p95": 634.6085,
      "std": 6.7937,
      "min": 620.6364,
      "max": 635.9398
    }
  },
  "warmup_policy": {
    "warmup_trials": 1,
    "warmup_discarded": true,
    "measured_trials_field": "num_trials",
    "description": "One full generate before timed trials; trials use seed+trial."
  }
}
