{
  "timestamp": "2026-05-25T05:15:43.617724+00:00",
  "hardware": "Mac M5 Max",
  "model_preset": "qwen-3b",
  "configuration": "fp16+kv_cache+prefill",
  "weight_bits": 16,
  "optimizations": {
    "weight_bits": 16,
    "kv_cache": true,
    "prefill": true
  },
  "model_repo": "mlx-community/Qwen2.5-3B-Instruct-bf16",
  "kv_bits": 4,
  "prefill_step_size": 2048,
  "prompt_tokens": 512,
  "generation_tokens": 128,
  "num_trials": 3,
  "memory_gb": 6.5061,
  "ttft_ms": 118.1208,
  "throughput_tps": 58.4571,
  "prompt_tps": 4334.5444,
  "mlx_version": "0.31.2",
  "mlx_lm_version": "0.29.1",
  "platform": "macOS-26.4.1-arm64-arm-64bit-Mach-O",
  "status": "ok",
  "error": null,
  "article_id": 5,
  "run_label": null,
  "benchmark_mode": "standard",
  "draft_model_repo": null,
  "draft_preset": "qwen-0.5b",
  "num_draft_tokens": null,
  "draft_accept_rate": null,
  "prefix_cache_cold_ttft_ms": null,
  "prefix_cache_warm_ttft_ms": null,
  "prefix_system_tokens": null,
  "workload": null,
  "schema_version": 1,
  "trials": {
    "ttft_ms": [
      94.29879183880985,
      118.12083306722344,
      202.23604119382796
    ],
    "throughput_tps": [
      76.58826790820122,
      44.24588209461443,
      58.45708016195131
    ],
    "memory_gb": [
      6.506080352,
      6.506080352,
      6.506080352
    ],
    "prompt_tps": [
      5429.549944554857,
      4334.5444381400275,
      2531.695127028751
    ]
  },
  "stats": {
    "ttft_ms": {
      "n": 3,
      "mean": 138.2186,
      "median": 118.1208,
      "p50": 118.1208,
      "p95": 193.8245,
      "std": 46.3001,
      "min": 94.2988,
      "max": 202.236
    },
    "throughput_tps": {
      "n": 3,
      "mean": 59.7637,
      "median": 58.4571,
      "p50": 58.4571,
      "p95": 74.7751,
      "std": 13.236,
      "min": 44.2459,
      "max": 76.5883
    },
    "memory_gb": {
      "n": 3,
      "mean": 6.5061,
      "median": 6.5061,
      "p50": 6.5061,
      "p95": 6.5061,
      "std": 0.0,
      "min": 6.5061,
      "max": 6.5061
    },
    "prompt_tps": {
      "n": 3,
      "mean": 4098.5965,
      "median": 4334.5444,
      "p50": 4334.5444,
      "p95": 5320.0494,
      "std": 1194.7508,
      "min": 2531.6951,
      "max": 5429.5499
    }
  },
  "warmup_policy": {
    "warmup_trials": 1,
    "warmup_discarded": true,
    "measured_trials_field": "num_trials",
    "description": "One full generate before timed trials; trials use seed+trial."
  }
}
