{
  "timestamp": "2026-05-25T05:15:11.566292+00:00",
  "hardware": "Mac M5 Max",
  "model_preset": "qwen-3b",
  "configuration": "fp16+kv_cache",
  "weight_bits": 16,
  "optimizations": {
    "weight_bits": 16,
    "kv_cache": true,
    "prefill": false
  },
  "model_repo": "mlx-community/Qwen2.5-3B-Instruct-bf16",
  "kv_bits": 4,
  "prefill_step_size": 512,
  "prompt_tokens": 512,
  "generation_tokens": 128,
  "num_trials": 3,
  "memory_gb": 6.5061,
  "ttft_ms": 249.3927,
  "throughput_tps": 54.1164,
  "prompt_tps": 2052.9874,
  "mlx_version": "0.31.2",
  "mlx_lm_version": "0.29.1",
  "platform": "macOS-26.4.1-arm64-arm-64bit-Mach-O",
  "status": "ok",
  "error": null,
  "article_id": 5,
  "run_label": null,
  "benchmark_mode": "standard",
  "draft_model_repo": null,
  "draft_preset": "qwen-0.5b",
  "num_draft_tokens": null,
  "draft_accept_rate": null,
  "prefix_cache_cold_ttft_ms": null,
  "prefix_cache_warm_ttft_ms": null,
  "prefix_system_tokens": null,
  "workload": null,
  "schema_version": 1,
  "trials": {
    "ttft_ms": [
      85.9242919832468,
      401.80216589942575,
      249.39266592264175
    ],
    "throughput_tps": [
      71.1345393943865,
      46.29809225534339,
      54.116387102503666
    ],
    "memory_gb": [
      6.506080352,
      6.506080352,
      6.506080352
    ],
    "prompt_tps": [
      5958.733999226061,
      1274.2589350007577,
      2052.9873968259176
    ]
  },
  "stats": {
    "ttft_ms": {
      "n": 3,
      "mean": 245.7064,
      "median": 249.3927,
      "p50": 249.3927,
      "p95": 386.5612,
      "std": 128.9829,
      "min": 85.9243,
      "max": 401.8022
    },
    "throughput_tps": {
      "n": 3,
      "mean": 57.183,
      "median": 54.1164,
      "p50": 54.1164,
      "p95": 69.4327,
      "std": 10.3687,
      "min": 46.2981,
      "max": 71.1345
    },
    "memory_gb": {
      "n": 3,
      "mean": 6.5061,
      "median": 6.5061,
      "p50": 6.5061,
      "p95": 6.5061,
      "std": 0.0,
      "min": 6.5061,
      "max": 6.5061
    },
    "prompt_tps": {
      "n": 3,
      "mean": 3095.3268,
      "median": 2052.9874,
      "p50": 2052.9874,
      "p95": 5568.1593,
      "std": 2049.5414,
      "min": 1274.2589,
      "max": 5958.734
    }
  },
  "warmup_policy": {
    "warmup_trials": 1,
    "warmup_discarded": true,
    "measured_trials_field": "num_trials",
    "description": "One full generate before timed trials; trials use seed+trial."
  }
}
