{
  "timestamp": "2026-05-25T05:15:27.156692+00:00",
  "hardware": "Mac M5 Max",
  "model_preset": "qwen-3b",
  "configuration": "fp16+prefill",
  "weight_bits": 16,
  "optimizations": {
    "weight_bits": 16,
    "kv_cache": false,
    "prefill": true
  },
  "model_repo": "mlx-community/Qwen2.5-3B-Instruct-bf16",
  "kv_bits": null,
  "prefill_step_size": 2048,
  "prompt_tokens": 512,
  "generation_tokens": 128,
  "num_trials": 3,
  "memory_gb": 6.5061,
  "ttft_ms": 84.6265,
  "throughput_tps": 78.63,
  "prompt_tps": 6050.1114,
  "mlx_version": "0.31.2",
  "mlx_lm_version": "0.29.1",
  "platform": "macOS-26.4.1-arm64-arm-64bit-Mach-O",
  "status": "ok",
  "error": null,
  "article_id": 5,
  "run_label": null,
  "benchmark_mode": "standard",
  "draft_model_repo": null,
  "draft_preset": "qwen-0.5b",
  "num_draft_tokens": null,
  "draft_accept_rate": null,
  "prefix_cache_cold_ttft_ms": null,
  "prefix_cache_warm_ttft_ms": null,
  "prefix_system_tokens": null,
  "workload": null,
  "schema_version": 1,
  "trials": {
    "ttft_ms": [
      82.79587491415441,
      84.62654100731015,
      116.63733399473132
    ],
    "throughput_tps": [
      79.16704516749505,
      78.62997306500152,
      47.476054264623336
    ],
    "memory_gb": [
      6.506080352,
      6.506080352,
      6.506080352
    ],
    "prompt_tps": [
      6183.8829595177185,
      6050.111394199283,
      4389.675093423584
    ]
  },
  "stats": {
    "ttft_ms": {
      "n": 3,
      "mean": 94.6866,
      "median": 84.6265,
      "p50": 84.6265,
      "p95": 113.4363,
      "std": 15.5395,
      "min": 82.7959,
      "max": 116.6373
    },
    "throughput_tps": {
      "n": 3,
      "mean": 68.4244,
      "median": 78.63,
      "p50": 78.63,
      "p95": 79.1133,
      "std": 14.8143,
      "min": 47.4761,
      "max": 79.167
    },
    "memory_gb": {
      "n": 3,
      "mean": 6.5061,
      "median": 6.5061,
      "p50": 6.5061,
      "p95": 6.5061,
      "std": 0.0,
      "min": 6.5061,
      "max": 6.5061
    },
    "prompt_tps": {
      "n": 3,
      "mean": 5541.2231,
      "median": 6050.1114,
      "p50": 6050.1114,
      "p95": 6170.5058,
      "std": 816.0968,
      "min": 4389.6751,
      "max": 6183.883
    }
  },
  "warmup_policy": {
    "warmup_trials": 1,
    "warmup_discarded": true,
    "measured_trials_field": "num_trials",
    "description": "One full generate before timed trials; trials use seed+trial."
  }
}
