{
  "timestamp": "2026-05-23T14:45:48.217094+00:00",
  "hardware": "Mac M5 Max",
  "model_preset": "qwen-3b",
  "configuration": "fp16+kv_cache+prefill",
  "weight_bits": 16,
  "optimizations": {
    "weight_bits": 16,
    "kv_cache": true,
    "prefill": true
  },
  "model_repo": "mlx-community/Qwen2.5-3B-Instruct-bf16",
  "kv_bits": 4,
  "prefill_step_size": 2048,
  "prompt_tokens": 512,
  "generation_tokens": 128,
  "num_trials": 3,
  "memory_gb": 6.5061,
  "ttft_ms": 86.6385,
  "throughput_tps": 74.3705,
  "prompt_tps": 5909.6101,
  "mlx_version": "0.31.2",
  "mlx_lm_version": "0.29.1",
  "platform": "macOS-26.4.1-arm64-arm-64bit-Mach-O",
  "status": "ok",
  "error": null,
  "article_id": 5,
  "run_label": null,
  "benchmark_mode": "standard",
  "draft_model_repo": null,
  "draft_preset": "qwen-0.5b",
  "num_draft_tokens": null,
  "draft_accept_rate": null,
  "prefix_cache_cold_ttft_ms": null,
  "prefix_cache_warm_ttft_ms": null,
  "prefix_system_tokens": null,
  "workload": null,
  "schema_version": 1,
  "trials": {
    "ttft_ms": [
      95.48954199999571,
      85.77316696755588,
      86.6385418921709
    ],
    "throughput_tps": [
      74.55691605137162,
      74.37052502138799,
      73.95962142672865
    ],
    "memory_gb": [
      6.506080352,
      6.506080352,
      6.506080352
    ],
    "prompt_tps": [
      5361.8437084976595,
      5969.232781082533,
      5909.610074431168
    ]
  },
  "stats": {
    "ttft_ms": {
      "n": 3,
      "mean": 89.3004,
      "median": 86.6385,
      "p50": 86.6385,
      "p95": 94.6044,
      "std": 4.3906,
      "min": 85.7732,
      "max": 95.4895
    },
    "throughput_tps": {
      "n": 3,
      "mean": 74.2957,
      "median": 74.3705,
      "p50": 74.3705,
      "p95": 74.5383,
      "std": 0.2495,
      "min": 73.9596,
      "max": 74.5569
    },
    "memory_gb": {
      "n": 3,
      "mean": 6.5061,
      "median": 6.5061,
      "p50": 6.5061,
      "p95": 6.5061,
      "std": 0.0,
      "min": 6.5061,
      "max": 6.5061
    },
    "prompt_tps": {
      "n": 3,
      "mean": 5746.8955,
      "median": 5909.6101,
      "p50": 5909.6101,
      "p95": 5963.2705,
      "std": 273.3586,
      "min": 5361.8437,
      "max": 5969.2328
    }
  },
  "warmup_policy": {
    "warmup_trials": 1,
    "warmup_discarded": true,
    "measured_trials_field": "num_trials",
    "description": "One full generate before timed trials; trials use seed+trial."
  }
}
