{
  "timestamp": "2026-05-25T05:14:54.647314+00:00",
  "hardware": "Mac M5 Max",
  "model_preset": "qwen-3b",
  "configuration": "fp16",
  "weight_bits": 16,
  "optimizations": {
    "weight_bits": 16,
    "kv_cache": false,
    "prefill": false
  },
  "model_repo": "mlx-community/Qwen2.5-3B-Instruct-bf16",
  "kv_bits": null,
  "prefill_step_size": 512,
  "prompt_tokens": 512,
  "generation_tokens": 128,
  "num_trials": 3,
  "memory_gb": 6.5061,
  "ttft_ms": 83.9711,
  "throughput_tps": 78.49,
  "prompt_tps": 6097.3371,
  "mlx_version": "0.31.2",
  "mlx_lm_version": "0.29.1",
  "platform": "macOS-26.4.1-arm64-arm-64bit-Mach-O",
  "status": "ok",
  "error": null,
  "article_id": 5,
  "run_label": null,
  "benchmark_mode": "standard",
  "draft_model_repo": null,
  "draft_preset": "qwen-0.5b",
  "num_draft_tokens": null,
  "draft_accept_rate": null,
  "prefix_cache_cold_ttft_ms": null,
  "prefix_cache_warm_ttft_ms": null,
  "prefix_system_tokens": null,
  "workload": null,
  "schema_version": 1,
  "trials": {
    "ttft_ms": [
      83.17162492312491,
      83.97108293138444,
      137.68404093571007
    ],
    "throughput_tps": [
      78.77900139816596,
      78.49004371748974,
      44.746350242776955
    ],
    "memory_gb": [
      6.506080352,
      6.506080352,
      6.506080352
    ],
    "prompt_tps": [
      6155.945618150889,
      6097.3371085183235,
      3718.659014657133
    ]
  },
  "stats": {
    "ttft_ms": {
      "n": 3,
      "mean": 101.6089,
      "median": 83.9711,
      "p50": 83.9711,
      "p95": 132.3127,
      "std": 25.5111,
      "min": 83.1716,
      "max": 137.684
    },
    "throughput_tps": {
      "n": 3,
      "mean": 67.3385,
      "median": 78.49,
      "p50": 78.49,
      "p95": 78.7501,
      "std": 15.9755,
      "min": 44.7464,
      "max": 78.779
    },
    "memory_gb": {
      "n": 3,
      "mean": 6.5061,
      "median": 6.5061,
      "p50": 6.5061,
      "p95": 6.5061,
      "std": 0.0,
      "min": 6.5061,
      "max": 6.5061
    },
    "prompt_tps": {
      "n": 3,
      "mean": 5323.9806,
      "median": 6097.3371,
      "p50": 6097.3371,
      "p95": 6150.0848,
      "std": 1135.3859,
      "min": 3718.659,
      "max": 6155.9456
    }
  },
  "warmup_policy": {
    "warmup_trials": 1,
    "warmup_discarded": true,
    "measured_trials_field": "num_trials",
    "description": "One full generate before timed trials; trials use seed+trial."
  }
}
