{
  "timestamp": "2026-05-23T14:45:34.014749+00:00",
  "hardware": "Mac M5 Max",
  "model_preset": "qwen-3b",
  "configuration": "fp16+prefill",
  "weight_bits": 16,
  "optimizations": {
    "weight_bits": 16,
    "kv_cache": false,
    "prefill": true
  },
  "model_repo": "mlx-community/Qwen2.5-3B-Instruct-bf16",
  "kv_bits": null,
  "prefill_step_size": 2048,
  "prompt_tokens": 512,
  "generation_tokens": 128,
  "num_trials": 3,
  "memory_gb": 6.5061,
  "ttft_ms": 83.676,
  "throughput_tps": 78.6614,
  "prompt_tps": 6118.8363,
  "mlx_version": "0.31.2",
  "mlx_lm_version": "0.29.1",
  "platform": "macOS-26.4.1-arm64-arm-64bit-Mach-O",
  "status": "ok",
  "error": null,
  "article_id": 5,
  "run_label": null,
  "benchmark_mode": "standard",
  "draft_model_repo": null,
  "draft_preset": "qwen-0.5b",
  "num_draft_tokens": null,
  "draft_accept_rate": null,
  "prefix_cache_cold_ttft_ms": null,
  "prefix_cache_warm_ttft_ms": null,
  "prefix_system_tokens": null,
  "workload": null,
  "schema_version": 1,
  "trials": {
    "ttft_ms": [
      84.03258305042982,
      83.67604203522205,
      82.90454186499119
    ],
    "throughput_tps": [
      78.66142429095655,
      78.66622439263521,
      77.67016998962289
    ],
    "memory_gb": [
      6.506080352,
      6.506080352,
      6.506080352
    ],
    "prompt_tps": [
      6092.874709001119,
      6118.836258824025,
      6175.777448161819
    ]
  },
  "stats": {
    "ttft_ms": {
      "n": 3,
      "mean": 83.5377,
      "median": 83.676,
      "p50": 83.676,
      "p95": 83.9969,
      "std": 0.4708,
      "min": 82.9045,
      "max": 84.0326
    },
    "throughput_tps": {
      "n": 3,
      "mean": 78.3326,
      "median": 78.6614,
      "p50": 78.6614,
      "p95": 78.6657,
      "std": 0.4684,
      "min": 77.6702,
      "max": 78.6662
    },
    "memory_gb": {
      "n": 3,
      "mean": 6.5061,
      "median": 6.5061,
      "p50": 6.5061,
      "p95": 6.5061,
      "std": 0.0,
      "min": 6.5061,
      "max": 6.5061
    },
    "prompt_tps": {
      "n": 3,
      "mean": 6129.1628,
      "median": 6118.8363,
      "p50": 6118.8363,
      "p95": 6170.0833,
      "std": 34.6236,
      "min": 6092.8747,
      "max": 6175.7774
    }
  },
  "warmup_policy": {
    "warmup_trials": 1,
    "warmup_discarded": true,
    "measured_trials_field": "num_trials",
    "description": "One full generate before timed trials; trials use seed+trial."
  }
}
