{
  "timestamp": "2026-05-25T05:16:59.558139+00:00",
  "hardware": "Mac M5 Max",
  "model_preset": "qwen-3b",
  "configuration": "w4+kv_cache",
  "weight_bits": 4,
  "optimizations": {
    "weight_bits": 4,
    "kv_cache": true,
    "prefill": false
  },
  "model_repo": "mlx-community/Qwen2.5-3B-Instruct-4bit",
  "kv_bits": 4,
  "prefill_step_size": 512,
  "prompt_tokens": 512,
  "generation_tokens": 128,
  "num_trials": 3,
  "memory_gb": 2.4316,
  "ttft_ms": 81.619,
  "throughput_tps": 190.4473,
  "prompt_tps": 6273.0492,
  "mlx_version": "0.31.2",
  "mlx_lm_version": "0.29.1",
  "platform": "macOS-26.4.1-arm64-arm-64bit-Mach-O",
  "status": "ok",
  "error": null,
  "article_id": 5,
  "run_label": null,
  "benchmark_mode": "standard",
  "draft_model_repo": null,
  "draft_preset": "qwen-0.5b",
  "num_draft_tokens": null,
  "draft_accept_rate": null,
  "prefix_cache_cold_ttft_ms": null,
  "prefix_cache_warm_ttft_ms": null,
  "prefix_system_tokens": null,
  "workload": null,
  "schema_version": 1,
  "trials": {
    "ttft_ms": [
      80.69079113192856,
      83.95658293738961,
      81.61900006234646
    ],
    "throughput_tps": [
      190.44728327130036,
      191.6089741648383,
      178.4704869015652
    ],
    "memory_gb": [
      2.431641826,
      2.431641826,
      2.431641826
    ],
    "prompt_tps": [
      6345.209816605783,
      6098.390168902212,
      6273.049162681454
    ]
  },
  "stats": {
    "ttft_ms": {
      "n": 3,
      "mean": 82.0888,
      "median": 81.619,
      "p50": 81.619,
      "p95": 83.7228,
      "std": 1.374,
      "min": 80.6908,
      "max": 83.9566
    },
    "throughput_tps": {
      "n": 3,
      "mean": 186.8422,
      "median": 190.4473,
      "p50": 190.4473,
      "p95": 191.4928,
      "std": 5.9387,
      "min": 178.4705,
      "max": 191.609
    },
    "memory_gb": {
      "n": 3,
      "mean": 2.4316,
      "median": 2.4316,
      "p50": 2.4316,
      "p95": 2.4316,
      "std": 0.0,
      "min": 2.4316,
      "max": 2.4316
    },
    "prompt_tps": {
      "n": 3,
      "mean": 6238.883,
      "median": 6273.0492,
      "p50": 6273.0492,
      "p95": 6337.9938,
      "std": 103.6194,
      "min": 6098.3902,
      "max": 6345.2098
    }
  },
  "warmup_policy": {
    "warmup_trials": 1,
    "warmup_discarded": true,
    "measured_trials_field": "num_trials",
    "description": "One full generate before timed trials; trials use seed+trial."
  }
}
