{
  "timestamp": "2026-05-25T05:17:18.821592+00:00",
  "hardware": "Mac M5 Max",
  "model_preset": "qwen-3b",
  "configuration": "w4+kv_cache+prefill",
  "weight_bits": 4,
  "optimizations": {
    "weight_bits": 4,
    "kv_cache": true,
    "prefill": true
  },
  "model_repo": "mlx-community/Qwen2.5-3B-Instruct-4bit",
  "kv_bits": 4,
  "prefill_step_size": 2048,
  "prompt_tokens": 512,
  "generation_tokens": 128,
  "num_trials": 3,
  "memory_gb": 2.4316,
  "ttft_ms": 80.8833,
  "throughput_tps": 190.6924,
  "prompt_tps": 6330.1084,
  "mlx_version": "0.31.2",
  "mlx_lm_version": "0.29.1",
  "platform": "macOS-26.4.1-arm64-arm-64bit-Mach-O",
  "status": "ok",
  "error": null,
  "article_id": 5,
  "run_label": null,
  "benchmark_mode": "standard",
  "draft_model_repo": null,
  "draft_preset": "qwen-0.5b",
  "num_draft_tokens": null,
  "draft_accept_rate": null,
  "prefix_cache_cold_ttft_ms": null,
  "prefix_cache_warm_ttft_ms": null,
  "prefix_system_tokens": null,
  "workload": null,
  "schema_version": 1,
  "trials": {
    "ttft_ms": [
      98.72658317908645,
      80.61545784585178,
      80.88329085148871
    ],
    "throughput_tps": [
      191.7142020085631,
      190.6923510111322,
      186.94645201564782
    ],
    "memory_gb": [
      2.431641826,
      2.431641826,
      2.431641826
    ],
    "prompt_tps": [
      5186.0399044829755,
      6351.1392688362175,
      6330.10841435832
    ]
  },
  "stats": {
    "ttft_ms": {
      "n": 3,
      "mean": 86.7418,
      "median": 80.8833,
      "p50": 80.8833,
      "p95": 96.9423,
      "std": 8.4752,
      "min": 80.6155,
      "max": 98.7266
    },
    "throughput_tps": {
      "n": 3,
      "mean": 189.7843,
      "median": 190.6924,
      "p50": 190.6924,
      "p95": 191.612,
      "std": 2.0496,
      "min": 186.9465,
      "max": 191.7142
    },
    "memory_gb": {
      "n": 3,
      "mean": 2.4316,
      "median": 2.4316,
      "p50": 2.4316,
      "p95": 2.4316,
      "std": 0.0,
      "min": 2.4316,
      "max": 2.4316
    },
    "prompt_tps": {
      "n": 3,
      "mean": 5955.7625,
      "median": 6330.1084,
      "p50": 6330.1084,
      "p95": 6349.0362,
      "std": 544.3438,
      "min": 5186.0399,
      "max": 6351.1393
    }
  },
  "warmup_policy": {
    "warmup_trials": 1,
    "warmup_discarded": true,
    "measured_trials_field": "num_trials",
    "description": "One full generate before timed trials; trials use seed+trial."
  }
}
