{
  "timestamp": "2026-05-25T05:17:09.009635+00:00",
  "hardware": "Mac M5 Max",
  "model_preset": "qwen-3b",
  "configuration": "w4+prefill",
  "weight_bits": 4,
  "optimizations": {
    "weight_bits": 4,
    "kv_cache": false,
    "prefill": true
  },
  "model_repo": "mlx-community/Qwen2.5-3B-Instruct-4bit",
  "kv_bits": null,
  "prefill_step_size": 2048,
  "prompt_tokens": 512,
  "generation_tokens": 128,
  "num_trials": 3,
  "memory_gb": 2.4316,
  "ttft_ms": 77.017,
  "throughput_tps": 220.152,
  "prompt_tps": 6647.8829,
  "mlx_version": "0.31.2",
  "mlx_lm_version": "0.29.1",
  "platform": "macOS-26.4.1-arm64-arm-64bit-Mach-O",
  "status": "ok",
  "error": null,
  "article_id": 5,
  "run_label": null,
  "benchmark_mode": "standard",
  "draft_model_repo": null,
  "draft_preset": "qwen-0.5b",
  "num_draft_tokens": null,
  "draft_accept_rate": null,
  "prefix_cache_cold_ttft_ms": null,
  "prefix_cache_warm_ttft_ms": null,
  "prefix_system_tokens": null,
  "workload": null,
  "schema_version": 1,
  "trials": {
    "ttft_ms": [
      77.01699994504452,
      78.54437502101064,
      76.66787505149841
    ],
    "throughput_tps": [
      218.8351064813458,
      220.95236943187908,
      220.15199085776976
    ],
    "memory_gb": [
      2.431641826,
      2.431641826,
      2.431641826
    ],
    "prompt_tps": [
      6647.882939680039,
      6518.608109912898,
      6678.155611539847
    ]
  },
  "stats": {
    "ttft_ms": {
      "n": 3,
      "mean": 77.4098,
      "median": 77.017,
      "p50": 77.017,
      "p95": 78.3916,
      "std": 0.8149,
      "min": 76.6679,
      "max": 78.5444
    },
    "throughput_tps": {
      "n": 3,
      "mean": 219.9798,
      "median": 220.152,
      "p50": 220.152,
      "p95": 220.8723,
      "std": 0.8729,
      "min": 218.8351,
      "max": 220.9524
    },
    "memory_gb": {
      "n": 3,
      "mean": 2.4316,
      "median": 2.4316,
      "p50": 2.4316,
      "p95": 2.4316,
      "std": 0.0,
      "min": 2.4316,
      "max": 2.4316
    },
    "prompt_tps": {
      "n": 3,
      "mean": 6614.8822,
      "median": 6647.8829,
      "p50": 6647.8829,
      "p95": 6675.1283,
      "std": 69.1888,
      "min": 6518.6081,
      "max": 6678.1556
    }
  },
  "warmup_policy": {
    "warmup_trials": 1,
    "warmup_discarded": true,
    "measured_trials_field": "num_trials",
    "description": "One full generate before timed trials; trials use seed+trial."
  }
}
