{
  "timestamp": "2026-05-25T05:16:49.422578+00:00",
  "hardware": "Mac M5 Max",
  "model_preset": "qwen-3b",
  "configuration": "w4",
  "weight_bits": 4,
  "optimizations": {
    "weight_bits": 4,
    "kv_cache": false,
    "prefill": false
  },
  "model_repo": "mlx-community/Qwen2.5-3B-Instruct-4bit",
  "kv_bits": null,
  "prefill_step_size": 512,
  "prompt_tokens": 512,
  "generation_tokens": 128,
  "num_trials": 3,
  "memory_gb": 2.4316,
  "ttft_ms": 79.2747,
  "throughput_tps": 206.6808,
  "prompt_tps": 6458.5576,
  "mlx_version": "0.31.2",
  "mlx_lm_version": "0.29.1",
  "platform": "macOS-26.4.1-arm64-arm-64bit-Mach-O",
  "status": "ok",
  "error": null,
  "article_id": 5,
  "run_label": null,
  "benchmark_mode": "standard",
  "draft_model_repo": null,
  "draft_preset": "qwen-0.5b",
  "num_draft_tokens": null,
  "draft_accept_rate": null,
  "prefix_cache_cold_ttft_ms": null,
  "prefix_cache_warm_ttft_ms": null,
  "prefix_system_tokens": null,
  "workload": null,
  "schema_version": 1,
  "trials": {
    "ttft_ms": [
      77.22499989904463,
      79.27466602995992,
      104.57529220730066
    ],
    "throughput_tps": [
      217.06265048935563,
      206.68079519811351,
      105.04520637720042
    ],
    "memory_gb": [
      2.431641826,
      2.431641826,
      2.431641826
    ],
    "prompt_tps": [
      6629.977347611936,
      6458.557640678072,
      4895.993969446025
    ]
  },
  "stats": {
    "ttft_ms": {
      "n": 3,
      "mean": 87.025,
      "median": 79.2747,
      "p50": 79.2747,
      "p95": 102.0452,
      "std": 12.4381,
      "min": 77.225,
      "max": 104.5753
    },
    "throughput_tps": {
      "n": 3,
      "mean": 176.2629,
      "median": 206.6808,
      "p50": 206.6808,
      "p95": 216.0245,
      "std": 50.5365,
      "min": 105.0452,
      "max": 217.0627
    },
    "memory_gb": {
      "n": 3,
      "mean": 2.4316,
      "median": 2.4316,
      "p50": 2.4316,
      "p95": 2.4316,
      "std": 0.0,
      "min": 2.4316,
      "max": 2.4316
    },
    "prompt_tps": {
      "n": 3,
      "mean": 5994.843,
      "median": 6458.5576,
      "p50": 6458.5576,
      "p95": 6612.8354,
      "std": 780.1487,
      "min": 4895.994,
      "max": 6629.9773
    }
  },
  "warmup_policy": {
    "warmup_trials": 1,
    "warmup_discarded": true,
    "measured_trials_field": "num_trials",
    "description": "One full generate before timed trials; trials use seed+trial."
  }
}
