{
  "timestamp": "2026-05-25T05:16:38.756964+00:00",
  "hardware": "Mac M5 Max",
  "model_preset": "qwen-3b",
  "configuration": "w8+kv_cache+prefill",
  "weight_bits": 8,
  "optimizations": {
    "weight_bits": 8,
    "kv_cache": true,
    "prefill": true
  },
  "model_repo": "mlx-community/Qwen2.5-3B-Instruct-8bit",
  "kv_bits": 4,
  "prefill_step_size": 2048,
  "prompt_tokens": 512,
  "generation_tokens": 128,
  "num_trials": 3,
  "memory_gb": 3.7674,
  "ttft_ms": 106.1582,
  "throughput_tps": 84.2517,
  "prompt_tps": 4822.9902,
  "mlx_version": "0.31.2",
  "mlx_lm_version": "0.29.1",
  "platform": "macOS-26.4.1-arm64-arm-64bit-Mach-O",
  "status": "ok",
  "error": null,
  "article_id": 5,
  "run_label": null,
  "benchmark_mode": "standard",
  "draft_model_repo": null,
  "draft_preset": "qwen-0.5b",
  "num_draft_tokens": null,
  "draft_accept_rate": null,
  "prefix_cache_cold_ttft_ms": null,
  "prefix_cache_warm_ttft_ms": null,
  "prefix_system_tokens": null,
  "workload": null,
  "schema_version": 1,
  "trials": {
    "ttft_ms": [
      96.7340839561075,
      106.15820810198784,
      266.0504588857293
    ],
    "throughput_tps": [
      124.01594137718564,
      51.33743629040872,
      84.25172841317082
    ],
    "memory_gb": [
      3.767364028,
      3.762841756,
      3.767364028
    ],
    "prompt_tps": [
      5292.860376207386,
      4822.99022519402,
      1924.446971993038
    ]
  },
  "stats": {
    "ttft_ms": {
      "n": 3,
      "mean": 156.3143,
      "median": 106.1582,
      "p50": 106.1582,
      "p95": 250.0612,
      "std": 77.6905,
      "min": 96.7341,
      "max": 266.0505
    },
    "throughput_tps": {
      "n": 3,
      "mean": 86.535,
      "median": 84.2517,
      "p50": 84.2517,
      "p95": 120.0395,
      "std": 29.7148,
      "min": 51.3374,
      "max": 124.0159
    },
    "memory_gb": {
      "n": 3,
      "mean": 3.7659,
      "median": 3.7674,
      "p50": 3.7674,
      "p95": 3.7674,
      "std": 0.0021,
      "min": 3.7628,
      "max": 3.7674
    },
    "prompt_tps": {
      "n": 3,
      "mean": 4013.4325,
      "median": 4822.9902,
      "p50": 4822.9902,
      "p95": 5245.8734,
      "std": 1489.5391,
      "min": 1924.447,
      "max": 5292.8604
    }
  },
  "warmup_policy": {
    "warmup_trials": 1,
    "warmup_discarded": true,
    "measured_trials_field": "num_trials",
    "description": "One full generate before timed trials; trials use seed+trial."
  }
}
