{
  "timestamp": "2026-05-25T05:16:11.508250+00:00",
  "hardware": "Mac M5 Max",
  "model_preset": "qwen-3b",
  "configuration": "w8+kv_cache",
  "weight_bits": 8,
  "optimizations": {
    "weight_bits": 8,
    "kv_cache": true,
    "prefill": false
  },
  "model_repo": "mlx-community/Qwen2.5-3B-Instruct-8bit",
  "kv_bits": 4,
  "prefill_step_size": 512,
  "prompt_tokens": 512,
  "generation_tokens": 128,
  "num_trials": 3,
  "memory_gb": 3.7674,
  "ttft_ms": 114.6008,
  "throughput_tps": 87.3461,
  "prompt_tps": 4467.6829,
  "mlx_version": "0.31.2",
  "mlx_lm_version": "0.29.1",
  "platform": "macOS-26.4.1-arm64-arm-64bit-Mach-O",
  "status": "ok",
  "error": null,
  "article_id": 5,
  "run_label": null,
  "benchmark_mode": "standard",
  "draft_model_repo": null,
  "draft_preset": "qwen-0.5b",
  "num_draft_tokens": null,
  "draft_accept_rate": null,
  "prefix_cache_cold_ttft_ms": null,
  "prefix_cache_warm_ttft_ms": null,
  "prefix_system_tokens": null,
  "workload": null,
  "schema_version": 1,
  "trials": {
    "ttft_ms": [
      96.94116702303292,
      114.60079206153749,
      231.15537501871586
    ],
    "throughput_tps": [
      123.63036714435009,
      49.53990218285709,
      87.34612782872861
    ],
    "memory_gb": [
      3.767364028,
      3.762841756,
      3.767364028
    ],
    "prompt_tps": [
      5281.553912780423,
      4467.6829085532845,
      2214.9603917215645
    ]
  },
  "stats": {
    "ttft_ms": {
      "n": 3,
      "mean": 147.5658,
      "median": 114.6008,
      "p50": 114.6008,
      "p95": 219.4999,
      "std": 59.5448,
      "min": 96.9412,
      "max": 231.1554
    },
    "throughput_tps": {
      "n": 3,
      "mean": 86.8388,
      "median": 87.3461,
      "p50": 87.3461,
      "p95": 120.0019,
      "std": 30.2494,
      "min": 49.5399,
      "max": 123.6304
    },
    "memory_gb": {
      "n": 3,
      "mean": 3.7659,
      "median": 3.7674,
      "p50": 3.7674,
      "p95": 3.7674,
      "std": 0.0021,
      "min": 3.7628,
      "max": 3.7674
    },
    "prompt_tps": {
      "n": 3,
      "mean": 3988.0657,
      "median": 4467.6829,
      "p50": 4467.6829,
      "p95": 5200.1668,
      "std": 1297.054,
      "min": 2214.9604,
      "max": 5281.5539
    }
  },
  "warmup_policy": {
    "warmup_trials": 1,
    "warmup_discarded": true,
    "measured_trials_field": "num_trials",
    "description": "One full generate before timed trials; trials use seed+trial."
  }
}
