{
  "timestamp": "2026-05-25T05:16:25.009246+00:00",
  "hardware": "Mac M5 Max",
  "model_preset": "qwen-3b",
  "configuration": "w8+prefill",
  "weight_bits": 8,
  "optimizations": {
    "weight_bits": 8,
    "kv_cache": false,
    "prefill": true
  },
  "model_repo": "mlx-community/Qwen2.5-3B-Instruct-8bit",
  "kv_bits": null,
  "prefill_step_size": 2048,
  "prompt_tokens": 512,
  "generation_tokens": 128,
  "num_trials": 3,
  "memory_gb": 3.7674,
  "ttft_ms": 102.2617,
  "throughput_tps": 95.4757,
  "prompt_tps": 5006.7637,
  "mlx_version": "0.31.2",
  "mlx_lm_version": "0.29.1",
  "platform": "macOS-26.4.1-arm64-arm-64bit-Mach-O",
  "status": "ok",
  "error": null,
  "article_id": 5,
  "run_label": null,
  "benchmark_mode": "standard",
  "draft_model_repo": null,
  "draft_preset": "qwen-0.5b",
  "num_draft_tokens": null,
  "draft_accept_rate": null,
  "prefix_cache_cold_ttft_ms": null,
  "prefix_cache_warm_ttft_ms": null,
  "prefix_system_tokens": null,
  "workload": null,
  "schema_version": 1,
  "trials": {
    "ttft_ms": [
      84.6782079897821,
      102.26166690699756,
      280.37775005213916
    ],
    "throughput_tps": [
      136.03616648003188,
      50.755313250136325,
      95.47571894531849
    ],
    "memory_gb": [
      3.762841756,
      3.762841756,
      3.767364028
    ],
    "prompt_tps": [
      6046.41987773031,
      5006.763682677315,
      1826.1078131370562
    ]
  },
  "stats": {
    "ttft_ms": {
      "n": 3,
      "mean": 155.7725,
      "median": 102.2617,
      "p50": 102.2617,
      "p95": 262.5661,
      "std": 88.4011,
      "min": 84.6782,
      "max": 280.3778
    },
    "throughput_tps": {
      "n": 3,
      "mean": 94.0891,
      "median": 95.4757,
      "p50": 95.4757,
      "p95": 131.9801,
      "std": 34.8296,
      "min": 50.7553,
      "max": 136.0362
    },
    "memory_gb": {
      "n": 3,
      "mean": 3.7643,
      "median": 3.7628,
      "p50": 3.7628,
      "p95": 3.7669,
      "std": 0.0021,
      "min": 3.7628,
      "max": 3.7674
    },
    "prompt_tps": {
      "n": 3,
      "mean": 4293.0971,
      "median": 5006.7637,
      "p50": 5006.7637,
      "p95": 5942.4543,
      "std": 1795.3177,
      "min": 1826.1078,
      "max": 6046.4199
    }
  },
  "warmup_policy": {
    "warmup_trials": 1,
    "warmup_discarded": true,
    "measured_trials_field": "num_trials",
    "description": "One full generate before timed trials; trials use seed+trial."
  }
}
