{
  "timestamp": "2026-05-25T05:15:57.700475+00:00",
  "hardware": "Mac M5 Max",
  "model_preset": "qwen-3b",
  "configuration": "w8",
  "weight_bits": 8,
  "optimizations": {
    "weight_bits": 8,
    "kv_cache": false,
    "prefill": false
  },
  "model_repo": "mlx-community/Qwen2.5-3B-Instruct-8bit",
  "kv_bits": null,
  "prefill_step_size": 512,
  "prompt_tokens": 512,
  "generation_tokens": 128,
  "num_trials": 3,
  "memory_gb": 3.7674,
  "ttft_ms": 119.9367,
  "throughput_tps": 92.7658,
  "prompt_tps": 4268.9197,
  "mlx_version": "0.31.2",
  "mlx_lm_version": "0.29.1",
  "platform": "macOS-26.4.1-arm64-arm-64bit-Mach-O",
  "status": "ok",
  "error": null,
  "article_id": 5,
  "run_label": null,
  "benchmark_mode": "standard",
  "draft_model_repo": null,
  "draft_preset": "qwen-0.5b",
  "num_draft_tokens": null,
  "draft_accept_rate": null,
  "prefix_cache_cold_ttft_ms": null,
  "prefix_cache_warm_ttft_ms": null,
  "prefix_system_tokens": null,
  "workload": null,
  "schema_version": 1,
  "trials": {
    "ttft_ms": [
      85.54016682319343,
      119.93666714988649,
      225.05383286625147
    ],
    "throughput_tps": [
      133.20378917956336,
      48.765619478746316,
      92.76580152535239
    ],
    "memory_gb": [
      3.762841756,
      3.762841756,
      3.767364028
    ],
    "prompt_tps": [
      5985.492184721528,
      4268.919690424169,
      2275.011242773543
    ]
  },
  "stats": {
    "ttft_ms": {
      "n": 3,
      "mean": 143.5102,
      "median": 119.9367,
      "p50": 119.9367,
      "p95": 214.5421,
      "std": 59.3453,
      "min": 85.5402,
      "max": 225.0538
    },
    "throughput_tps": {
      "n": 3,
      "mean": 91.5784,
      "median": 92.7658,
      "p50": 92.7658,
      "p95": 129.16,
      "std": 34.482,
      "min": 48.7656,
      "max": 133.2038
    },
    "memory_gb": {
      "n": 3,
      "mean": 3.7643,
      "median": 3.7628,
      "p50": 3.7628,
      "p95": 3.7669,
      "std": 0.0021,
      "min": 3.7628,
      "max": 3.7674
    },
    "prompt_tps": {
      "n": 3,
      "mean": 4176.4744,
      "median": 4268.9197,
      "p50": 4268.9197,
      "p95": 5813.8349,
      "std": 1516.2073,
      "min": 2275.0112,
      "max": 5985.4922
    }
  },
  "warmup_policy": {
    "warmup_trials": 1,
    "warmup_discarded": true,
    "measured_trials_field": "num_trials",
    "description": "One full generate before timed trials; trials use seed+trial."
  }
}
