{
  "timestamp": "2026-05-23T14:45:59.438425+00:00",
  "hardware": "Mac M5 Max",
  "model_preset": "qwen-3b",
  "configuration": "w8",
  "weight_bits": 8,
  "optimizations": {
    "weight_bits": 8,
    "kv_cache": false,
    "prefill": false
  },
  "model_repo": "mlx-community/Qwen2.5-3B-Instruct-8bit",
  "kv_bits": null,
  "prefill_step_size": 512,
  "prompt_tokens": 512,
  "generation_tokens": 128,
  "num_trials": 3,
  "memory_gb": 3.7674,
  "ttft_ms": 84.4191,
  "throughput_tps": 137.1126,
  "prompt_tps": 6064.9764,
  "mlx_version": "0.31.2",
  "mlx_lm_version": "0.29.1",
  "platform": "macOS-26.4.1-arm64-arm-64bit-Mach-O",
  "status": "ok",
  "error": null,
  "article_id": 5,
  "run_label": null,
  "benchmark_mode": "standard",
  "draft_model_repo": null,
  "draft_preset": "qwen-0.5b",
  "num_draft_tokens": null,
  "draft_accept_rate": null,
  "prefix_cache_cold_ttft_ms": null,
  "prefix_cache_warm_ttft_ms": null,
  "prefix_system_tokens": null,
  "workload": null,
  "schema_version": 1,
  "trials": {
    "ttft_ms": [
      99.22741609625518,
      84.41912499256432,
      83.83691706694663
    ],
    "throughput_tps": [
      137.27066598427157,
      137.07852803195783,
      137.1125761117703
    ],
    "memory_gb": [
      3.767364028,
      3.762841756,
      3.762841756
    ],
    "prompt_tps": [
      5159.864280889228,
      6064.976390659074,
      6107.094796808316
    ]
  },
  "stats": {
    "ttft_ms": {
      "n": 3,
      "mean": 89.1612,
      "median": 84.4191,
      "p50": 84.4191,
      "p95": 97.7466,
      "std": 7.1219,
      "min": 83.8369,
      "max": 99.2274
    },
    "throughput_tps": {
      "n": 3,
      "mean": 137.1539,
      "median": 137.1126,
      "p50": 137.1126,
      "p95": 137.2549,
      "std": 0.0837,
      "min": 137.0785,
      "max": 137.2707
    },
    "memory_gb": {
      "n": 3,
      "mean": 3.7643,
      "median": 3.7628,
      "p50": 3.7628,
      "p95": 3.7669,
      "std": 0.0021,
      "min": 3.7628,
      "max": 3.7674
    },
    "prompt_tps": {
      "n": 3,
      "mean": 5777.3118,
      "median": 6064.9764,
      "p50": 6064.9764,
      "p95": 6102.883,
      "std": 436.9398,
      "min": 5159.8643,
      "max": 6107.0948
    }
  },
  "warmup_policy": {
    "warmup_trials": 1,
    "warmup_discarded": true,
    "measured_trials_field": "num_trials",
    "description": "One full generate before timed trials; trials use seed+trial."
  }
}
