{
  "timestamp": "2026-05-20T18:06:58.616545+00:00",
  "hardware": "Mac M3",
  "model_preset": "deepseek-r1-qwen-7b",
  "configuration": "fp16",
  "weight_bits": 16,
  "optimizations": {
    "weight_bits": 16,
    "kv_cache": false,
    "prefill": false
  },
  "model_repo": "mlx-community/DeepSeek-R1-Distill-Qwen-7B-bf16",
  "kv_bits": null,
  "prefill_step_size": 512,
  "prompt_tokens": 512,
  "generation_tokens": 128,
  "num_trials": 3,
  "memory_gb": 15.4931,
  "ttft_ms": 2517.8721,
  "throughput_tps": 6.3571,
  "prompt_tps": 203.3463,
  "mlx_version": "0.31.2",
  "mlx_lm_version": "0.31.3",
  "platform": "macOS-26.3.1-arm64-arm-64bit-Mach-O",
  "status": "ok",
  "error": null,
  "article_id": 4,
  "run_label": null,
  "benchmark_mode": "standard",
  "draft_model_repo": null,
  "draft_preset": "qwen-0.5b",
  "num_draft_tokens": null,
  "draft_accept_rate": null,
  "prefix_cache_cold_ttft_ms": null,
  "prefix_cache_warm_ttft_ms": null,
  "prefix_system_tokens": null,
  "workload": null,
  "schema_version": 1,
  "trials": {
    "ttft_ms": [
      3040.609834017232,
      2517.8721251431853,
      2426.396584138274
    ],
    "throughput_tps": [
      6.270418330488958,
      6.357090618241001,
      6.357187731262301
    ],
    "memory_gb": [
      15.493149756,
      15.493149756,
      15.493149756
    ],
    "prompt_tps": [
      168.38727358963686,
      203.3463077362929,
      211.01249620405105
    ]
  },
  "stats": {
    "ttft_ms": {
      "n": 3,
      "mean": 2661.6262,
      "median": 2517.8721,
      "p50": 2517.8721,
      "p95": 2988.3361,
      "std": 270.5715,
      "min": 2426.3966,
      "max": 3040.6098
    },
    "throughput_tps": {
      "n": 3,
      "mean": 6.3282,
      "median": 6.3571,
      "p50": 6.3571,
      "p95": 6.3572,
      "std": 0.0409,
      "min": 6.2704,
      "max": 6.3572
    },
    "memory_gb": {
      "n": 3,
      "mean": 15.4931,
      "median": 15.4931,
      "p50": 15.4931,
      "p95": 15.4931,
      "std": 0.0,
      "min": 15.4931,
      "max": 15.4931
    },
    "prompt_tps": {
      "n": 3,
      "mean": 194.2487,
      "median": 203.3463,
      "p50": 203.3463,
      "p95": 210.2459,
      "std": 18.5527,
      "min": 168.3873,
      "max": 211.0125
    }
  },
  "warmup_policy": {
    "warmup_trials": 1,
    "warmup_discarded": true,
    "measured_trials_field": "num_trials",
    "description": "One full generate before timed trials; trials use seed+trial."
  }
}
