{
  "timestamp": "2026-05-20T18:10:42.614910+00:00",
  "hardware": "Mac M3",
  "model_preset": "deepseek-r1-qwen-7b",
  "configuration": "w4",
  "weight_bits": 4,
  "optimizations": {
    "weight_bits": 4,
    "kv_cache": false,
    "prefill": false
  },
  "model_repo": "mlx-community/DeepSeek-R1-Distill-Qwen-7B-4bit",
  "kv_bits": null,
  "prefill_step_size": 512,
  "prompt_tokens": 512,
  "generation_tokens": 128,
  "num_trials": 3,
  "memory_gb": 4.717,
  "ttft_ms": 3559.4457,
  "throughput_tps": 18.593,
  "prompt_tps": 143.8426,
  "mlx_version": "0.31.2",
  "mlx_lm_version": "0.31.3",
  "platform": "macOS-26.3.1-arm64-arm-64bit-Mach-O",
  "status": "ok",
  "error": null,
  "article_id": 4,
  "run_label": null,
  "benchmark_mode": "standard",
  "draft_model_repo": null,
  "draft_preset": "qwen-0.5b",
  "num_draft_tokens": null,
  "draft_accept_rate": null,
  "prefix_cache_cold_ttft_ms": null,
  "prefix_cache_warm_ttft_ms": null,
  "prefix_system_tokens": null,
  "workload": null,
  "schema_version": 1,
  "trials": {
    "ttft_ms": [
      3022.0024168957025,
      3559.4456668477505,
      9631.70695817098
    ],
    "throughput_tps": [
      18.592996870202217,
      14.398423530039866,
      20.952725331683585
    ],
    "memory_gb": [
      4.717032544,
      4.717032544,
      4.717032544
    ],
    "prompt_tps": [
      169.4240868695078,
      143.84262267821828,
      53.15776343939212
    ]
  },
  "stats": {
    "ttft_ms": {
      "n": 3,
      "mean": 5404.385,
      "median": 3559.4457,
      "p50": 3559.4457,
      "p95": 9024.4808,
      "std": 2997.2097,
      "min": 3022.0024,
      "max": 9631.707
    },
    "throughput_tps": {
      "n": 3,
      "mean": 17.9814,
      "median": 18.593,
      "p50": 18.593,
      "p95": 20.7168,
      "std": 2.7105,
      "min": 14.3984,
      "max": 20.9527
    },
    "memory_gb": {
      "n": 3,
      "mean": 4.717,
      "median": 4.717,
      "p50": 4.717,
      "p95": 4.717,
      "std": 0.0,
      "min": 4.717,
      "max": 4.717
    },
    "prompt_tps": {
      "n": 3,
      "mean": 122.1415,
      "median": 143.8426,
      "p50": 143.8426,
      "p95": 166.8659,
      "std": 49.8843,
      "min": 53.1578,
      "max": 169.4241
    }
  },
  "warmup_policy": {
    "warmup_trials": 1,
    "warmup_discarded": true,
    "measured_trials_field": "num_trials",
    "description": "One full generate before timed trials; trials use seed+trial."
  }
}
