{
  "timestamp": "2026-05-20T18:09:08.347105+00:00",
  "hardware": "Mac M3",
  "model_preset": "deepseek-r1-qwen-7b",
  "configuration": "w8",
  "weight_bits": 8,
  "optimizations": {
    "weight_bits": 8,
    "kv_cache": false,
    "prefill": false
  },
  "model_repo": "mlx-community/DeepSeek-R1-Distill-Qwen-7B-8bit",
  "kv_bits": null,
  "prefill_step_size": 512,
  "prompt_tokens": 512,
  "generation_tokens": 128,
  "num_trials": 3,
  "memory_gb": 8.5163,
  "ttft_ms": 2722.8629,
  "throughput_tps": 11.8181,
  "prompt_tps": 188.0374,
  "mlx_version": "0.31.2",
  "mlx_lm_version": "0.31.3",
  "platform": "macOS-26.3.1-arm64-arm-64bit-Mach-O",
  "status": "ok",
  "error": null,
  "article_id": 4,
  "run_label": null,
  "benchmark_mode": "standard",
  "draft_model_repo": null,
  "draft_preset": "qwen-0.5b",
  "num_draft_tokens": null,
  "draft_accept_rate": null,
  "prefix_cache_cold_ttft_ms": null,
  "prefix_cache_warm_ttft_ms": null,
  "prefix_system_tokens": null,
  "workload": null,
  "schema_version": 1,
  "trials": {
    "ttft_ms": [
      2626.8879170529544,
      2722.8629160672426,
      2813.072375021875
    ],
    "throughput_tps": [
      11.928200758280438,
      11.818138514209068,
      11.310958958437327
    ],
    "memory_gb": [
      8.516318304,
      8.516318304,
      8.516318304
    ],
    "prompt_tps": [
      194.9074403503295,
      188.03737675472306,
      182.00740391402783
    ]
  },
  "stats": {
    "ttft_ms": {
      "n": 3,
      "mean": 2720.9411,
      "median": 2722.8629,
      "p50": 2722.8629,
      "p95": 2804.0514,
      "std": 76.0216,
      "min": 2626.8879,
      "max": 2813.0724
    },
    "throughput_tps": {
      "n": 3,
      "mean": 11.6858,
      "median": 11.8181,
      "p50": 11.8181,
      "p95": 11.9172,
      "std": 0.2688,
      "min": 11.311,
      "max": 11.9282
    },
    "memory_gb": {
      "n": 3,
      "mean": 8.5163,
      "median": 8.5163,
      "p50": 8.5163,
      "p95": 8.5163,
      "std": 0.0,
      "min": 8.5163,
      "max": 8.5163
    },
    "prompt_tps": {
      "n": 3,
      "mean": 188.3174,
      "median": 188.0374,
      "p50": 188.0374,
      "p95": 194.2204,
      "std": 5.2701,
      "min": 182.0074,
      "max": 194.9074
    }
  },
  "warmup_policy": {
    "warmup_trials": 1,
    "warmup_discarded": true,
    "measured_trials_field": "num_trials",
    "description": "One full generate before timed trials; trials use seed+trial."
  }
}
