{
  "timestamp": "2026-05-23T15:13:59.101614+00:00",
  "hardware": "Mac M5 Max",
  "model_preset": "mistral-nemo-12b",
  "configuration": "fp16+kv_cache+prefill",
  "weight_bits": 16,
  "optimizations": {
    "weight_bits": 16,
    "kv_cache": true,
    "prefill": true
  },
  "model_repo": "mlx-community/Mistral-Nemo-Instruct-2407-bf16",
  "kv_bits": 4,
  "prefill_step_size": 2048,
  "prompt_tokens": 512,
  "generation_tokens": 128,
  "num_trials": 3,
  "memory_gb": 24.8205,
  "ttft_ms": 309.7119,
  "throughput_tps": 22.2717,
  "prompt_tps": 1653.1494,
  "mlx_version": "0.31.2",
  "mlx_lm_version": "0.29.1",
  "platform": "macOS-26.4.1-arm64-arm-64bit-Mach-O",
  "status": "ok",
  "error": null,
  "article_id": 5,
  "run_label": null,
  "benchmark_mode": "standard",
  "draft_model_repo": null,
  "draft_preset": "qwen-0.5b",
  "num_draft_tokens": null,
  "draft_accept_rate": null,
  "prefix_cache_cold_ttft_ms": null,
  "prefix_cache_warm_ttft_ms": null,
  "prefix_system_tokens": null,
  "workload": null,
  "schema_version": 1,
  "trials": {
    "ttft_ms": [
      309.7118749283254,
      310.3812909685075,
      308.5987081285566
    ],
    "throughput_tps": [
      22.302245237721735,
      22.271740920660545,
      21.974397153609978
    ],
    "memory_gb": [
      24.82051078,
      24.82051078,
      24.82051078
    ],
    "prompt_tps": [
      1653.1493993198962,
      1649.5839630100304,
      1659.112583798342
    ]
  },
  "stats": {
    "ttft_ms": {
      "n": 3,
      "mean": 309.564,
      "median": 309.7119,
      "p50": 309.7119,
      "p95": 310.3143,
      "std": 0.7352,
      "min": 308.5987,
      "max": 310.3813
    },
    "throughput_tps": {
      "n": 3,
      "mean": 22.1828,
      "median": 22.2717,
      "p50": 22.2717,
      "p95": 22.2992,
      "std": 0.1479,
      "min": 21.9744,
      "max": 22.3022
    },
    "memory_gb": {
      "n": 3,
      "mean": 24.8205,
      "median": 24.8205,
      "p50": 24.8205,
      "p95": 24.8205,
      "std": 0.0,
      "min": 24.8205,
      "max": 24.8205
    },
    "prompt_tps": {
      "n": 3,
      "mean": 1653.9486,
      "median": 1653.1494,
      "p50": 1653.1494,
      "p95": 1658.5163,
      "std": 3.9309,
      "min": 1649.584,
      "max": 1659.1126
    }
  },
  "warmup_policy": {
    "warmup_trials": 1,
    "warmup_discarded": true,
    "measured_trials_field": "num_trials",
    "description": "One full generate before timed trials; trials use seed+trial."
  }
}
