{
  "timestamp": "2026-05-25T05:42:08.703631+00:00",
  "hardware": "Mac M5 Max",
  "model_preset": "mistral-nemo-12b",
  "configuration": "fp16",
  "weight_bits": 16,
  "optimizations": {
    "weight_bits": 16,
    "kv_cache": false,
    "prefill": false
  },
  "model_repo": "mlx-community/Mistral-Nemo-Instruct-2407-bf16",
  "kv_bits": null,
  "prefill_step_size": 512,
  "prompt_tokens": 512,
  "generation_tokens": 128,
  "num_trials": 3,
  "memory_gb": 24.8205,
  "ttft_ms": 305.2099,
  "throughput_tps": 22.5411,
  "prompt_tps": 1677.534,
  "mlx_version": "0.31.2",
  "mlx_lm_version": "0.29.1",
  "platform": "macOS-26.4.1-arm64-arm-64bit-Mach-O",
  "status": "ok",
  "error": null,
  "article_id": 5,
  "run_label": null,
  "benchmark_mode": "standard",
  "draft_model_repo": null,
  "draft_preset": "qwen-0.5b",
  "num_draft_tokens": null,
  "draft_accept_rate": null,
  "prefix_cache_cold_ttft_ms": null,
  "prefix_cache_warm_ttft_ms": null,
  "prefix_system_tokens": null,
  "workload": null,
  "schema_version": 1,
  "trials": {
    "ttft_ms": [
      305.2099170163274,
      304.66345814056695,
      306.14629201591015
    ],
    "throughput_tps": [
      22.54113211704595,
      22.812166056419453,
      22.468824723526744
    ],
    "memory_gb": [
      24.82051078,
      24.82051078,
      24.82051078
    ],
    "prompt_tps": [
      1677.5339576289398,
      1680.542862359854,
      1672.4030744536726
    ]
  },
  "stats": {
    "ttft_ms": {
      "n": 3,
      "mean": 305.3399,
      "median": 305.2099,
      "p50": 305.2099,
      "p95": 306.0527,
      "std": 0.6123,
      "min": 304.6635,
      "max": 306.1463
    },
    "throughput_tps": {
      "n": 3,
      "mean": 22.6074,
      "median": 22.5411,
      "p50": 22.5411,
      "p95": 22.7851,
      "std": 0.1478,
      "min": 22.4688,
      "max": 22.8122
    },
    "memory_gb": {
      "n": 3,
      "mean": 24.8205,
      "median": 24.8205,
      "p50": 24.8205,
      "p95": 24.8205,
      "std": 0.0,
      "min": 24.8205,
      "max": 24.8205
    },
    "prompt_tps": {
      "n": 3,
      "mean": 1676.8266,
      "median": 1677.534,
      "p50": 1677.534,
      "p95": 1680.242,
      "std": 3.3605,
      "min": 1672.4031,
      "max": 1680.5429
    }
  },
  "warmup_policy": {
    "warmup_trials": 1,
    "warmup_discarded": true,
    "measured_trials_field": "num_trials",
    "description": "One full generate before timed trials; trials use seed+trial."
  }
}
