{
  "timestamp": "2026-05-25T05:43:20.711284+00:00",
  "hardware": "Mac M5 Max",
  "model_preset": "mistral-nemo-12b",
  "configuration": "fp16+prefill",
  "weight_bits": 16,
  "optimizations": {
    "weight_bits": 16,
    "kv_cache": false,
    "prefill": true
  },
  "model_repo": "mlx-community/Mistral-Nemo-Instruct-2407-bf16",
  "kv_bits": null,
  "prefill_step_size": 2048,
  "prompt_tokens": 512,
  "generation_tokens": 128,
  "num_trials": 3,
  "memory_gb": 24.8205,
  "ttft_ms": 306.1148,
  "throughput_tps": 22.5795,
  "prompt_tps": 1672.5752,
  "mlx_version": "0.31.2",
  "mlx_lm_version": "0.29.1",
  "platform": "macOS-26.4.1-arm64-arm-64bit-Mach-O",
  "status": "ok",
  "error": null,
  "article_id": 5,
  "run_label": null,
  "benchmark_mode": "standard",
  "draft_model_repo": null,
  "draft_preset": "qwen-0.5b",
  "num_draft_tokens": null,
  "draft_accept_rate": null,
  "prefix_cache_cold_ttft_ms": null,
  "prefix_cache_warm_ttft_ms": null,
  "prefix_system_tokens": null,
  "workload": null,
  "schema_version": 1,
  "trials": {
    "ttft_ms": [
      306.1147921252996,
      313.6246660724282,
      305.8641660027206
    ],
    "throughput_tps": [
      22.579494370841466,
      22.74547409060252,
      22.517626638468577
    ],
    "memory_gb": [
      24.82051078,
      24.82051078,
      24.82051078
    ],
    "prompt_tps": [
      1672.5751684369013,
      1632.5246557034488,
      1673.9456821347483
    ]
  },
  "stats": {
    "ttft_ms": {
      "n": 3,
      "mean": 308.5345,
      "median": 306.1148,
      "p50": 306.1148,
      "p95": 312.8737,
      "std": 3.6007,
      "min": 305.8642,
      "max": 313.6247
    },
    "throughput_tps": {
      "n": 3,
      "mean": 22.6142,
      "median": 22.5795,
      "p50": 22.5795,
      "p95": 22.7289,
      "std": 0.0962,
      "min": 22.5176,
      "max": 22.7455
    },
    "memory_gb": {
      "n": 3,
      "mean": 24.8205,
      "median": 24.8205,
      "p50": 24.8205,
      "p95": 24.8205,
      "std": 0.0,
      "min": 24.8205,
      "max": 24.8205
    },
    "prompt_tps": {
      "n": 3,
      "mean": 1659.6818,
      "median": 1672.5752,
      "p50": 1672.5752,
      "p95": 1673.8086,
      "std": 19.2112,
      "min": 1632.5247,
      "max": 1673.9457
    }
  },
  "warmup_policy": {
    "warmup_trials": 1,
    "warmup_discarded": true,
    "measured_trials_field": "num_trials",
    "description": "One full generate before timed trials; trials use seed+trial."
  }
}
