{
  "timestamp": "2026-05-25T05:43:56.819139+00:00",
  "hardware": "Mac M5 Max",
  "model_preset": "mistral-nemo-12b",
  "configuration": "fp16+kv_cache+prefill",
  "weight_bits": 16,
  "optimizations": {
    "weight_bits": 16,
    "kv_cache": true,
    "prefill": true
  },
  "model_repo": "mlx-community/Mistral-Nemo-Instruct-2407-bf16",
  "kv_bits": 4,
  "prefill_step_size": 2048,
  "prompt_tokens": 512,
  "generation_tokens": 128,
  "num_trials": 3,
  "memory_gb": 24.8205,
  "ttft_ms": 309.0449,
  "throughput_tps": 22.1159,
  "prompt_tps": 1656.7173,
  "mlx_version": "0.31.2",
  "mlx_lm_version": "0.29.1",
  "platform": "macOS-26.4.1-arm64-arm-64bit-Mach-O",
  "status": "ok",
  "error": null,
  "article_id": 5,
  "run_label": null,
  "benchmark_mode": "standard",
  "draft_model_repo": null,
  "draft_preset": "qwen-0.5b",
  "num_draft_tokens": null,
  "draft_accept_rate": null,
  "prefix_cache_cold_ttft_ms": null,
  "prefix_cache_warm_ttft_ms": null,
  "prefix_system_tokens": null,
  "workload": null,
  "schema_version": 1,
  "trials": {
    "ttft_ms": [
      309.0448749717325,
      317.1591251157224,
      307.83312511630356
    ],
    "throughput_tps": [
      22.043953861540334,
      22.397673252536652,
      22.11593725876482
    ],
    "memory_gb": [
      24.82051078,
      24.82051078,
      24.82051078
    ],
    "prompt_tps": [
      1656.7173296332167,
      1614.3316066128814,
      1663.2388077357152
    ]
  },
  "stats": {
    "ttft_ms": {
      "n": 3,
      "mean": 311.3457,
      "median": 309.0449,
      "p50": 309.0449,
      "p95": 316.3477,
      "std": 4.1404,
      "min": 307.8331,
      "max": 317.1591
    },
    "throughput_tps": {
      "n": 3,
      "mean": 22.1859,
      "median": 22.1159,
      "p50": 22.1159,
      "p95": 22.3695,
      "std": 0.1526,
      "min": 22.044,
      "max": 22.3977
    },
    "memory_gb": {
      "n": 3,
      "mean": 24.8205,
      "median": 24.8205,
      "p50": 24.8205,
      "p95": 24.8205,
      "std": 0.0,
      "min": 24.8205,
      "max": 24.8205
    },
    "prompt_tps": {
      "n": 3,
      "mean": 1644.7626,
      "median": 1656.7173,
      "p50": 1656.7173,
      "p95": 1662.5867,
      "std": 21.682,
      "min": 1614.3316,
      "max": 1663.2388
    }
  },
  "warmup_policy": {
    "warmup_trials": 1,
    "warmup_discarded": true,
    "measured_trials_field": "num_trials",
    "description": "One full generate before timed trials; trials use seed+trial."
  }
}
