{
  "timestamp": "2026-05-25T05:42:45.093334+00:00",
  "hardware": "Mac M5 Max",
  "model_preset": "mistral-nemo-12b",
  "configuration": "fp16+kv_cache",
  "weight_bits": 16,
  "optimizations": {
    "weight_bits": 16,
    "kv_cache": true,
    "prefill": false
  },
  "model_repo": "mlx-community/Mistral-Nemo-Instruct-2407-bf16",
  "kv_bits": 4,
  "prefill_step_size": 512,
  "prompt_tokens": 512,
  "generation_tokens": 128,
  "num_trials": 3,
  "memory_gb": 24.8205,
  "ttft_ms": 309.675,
  "throughput_tps": 22.408,
  "prompt_tps": 1653.346,
  "mlx_version": "0.31.2",
  "mlx_lm_version": "0.29.1",
  "platform": "macOS-26.4.1-arm64-arm-64bit-Mach-O",
  "status": "ok",
  "error": null,
  "article_id": 5,
  "run_label": null,
  "benchmark_mode": "standard",
  "draft_model_repo": null,
  "draft_preset": "qwen-0.5b",
  "num_draft_tokens": null,
  "draft_accept_rate": null,
  "prefix_cache_cold_ttft_ms": null,
  "prefix_cache_warm_ttft_ms": null,
  "prefix_system_tokens": null,
  "workload": null,
  "schema_version": 1,
  "trials": {
    "ttft_ms": [
      309.90850017406046,
      308.29704203642905,
      309.67504205182195
    ],
    "throughput_tps": [
      22.02491394618691,
      22.40798398883778,
      22.434904272938603
    ],
    "memory_gb": [
      24.82051078,
      24.82051078,
      24.82051078
    ],
    "prompt_tps": [
      1652.1005384248404,
      1660.7360116659859,
      1653.3460255874297
    ]
  },
  "stats": {
    "ttft_ms": {
      "n": 3,
      "mean": 309.2935,
      "median": 309.675,
      "p50": 309.675,
      "p95": 309.8852,
      "std": 0.711,
      "min": 308.297,
      "max": 309.9085
    },
    "throughput_tps": {
      "n": 3,
      "mean": 22.2893,
      "median": 22.408,
      "p50": 22.408,
      "p95": 22.4322,
      "std": 0.1872,
      "min": 22.0249,
      "max": 22.4349
    },
    "memory_gb": {
      "n": 3,
      "mean": 24.8205,
      "median": 24.8205,
      "p50": 24.8205,
      "p95": 24.8205,
      "std": 0.0,
      "min": 24.8205,
      "max": 24.8205
    },
    "prompt_tps": {
      "n": 3,
      "mean": 1655.3942,
      "median": 1653.346,
      "p50": 1653.346,
      "p95": 1659.997,
      "std": 3.8113,
      "min": 1652.1005,
      "max": 1660.736
    }
  },
  "warmup_policy": {
    "warmup_trials": 1,
    "warmup_discarded": true,
    "measured_trials_field": "num_trials",
    "description": "One full generate before timed trials; trials use seed+trial."
  }
}
