{
  "timestamp": "2026-05-23T15:13:22.817862+00:00",
  "hardware": "Mac M5 Max",
  "model_preset": "mistral-nemo-12b",
  "configuration": "fp16+prefill",
  "weight_bits": 16,
  "optimizations": {
    "weight_bits": 16,
    "kv_cache": false,
    "prefill": true
  },
  "model_repo": "mlx-community/Mistral-Nemo-Instruct-2407-bf16",
  "kv_bits": null,
  "prefill_step_size": 2048,
  "prompt_tokens": 512,
  "generation_tokens": 128,
  "num_trials": 3,
  "memory_gb": 24.8205,
  "ttft_ms": 306.5144,
  "throughput_tps": 22.6793,
  "prompt_tps": 1670.3947,
  "mlx_version": "0.31.2",
  "mlx_lm_version": "0.29.1",
  "platform": "macOS-26.4.1-arm64-arm-64bit-Mach-O",
  "status": "ok",
  "error": null,
  "article_id": 5,
  "run_label": null,
  "benchmark_mode": "standard",
  "draft_model_repo": null,
  "draft_preset": "qwen-0.5b",
  "num_draft_tokens": null,
  "draft_accept_rate": null,
  "prefix_cache_cold_ttft_ms": null,
  "prefix_cache_warm_ttft_ms": null,
  "prefix_system_tokens": null,
  "workload": null,
  "schema_version": 1,
  "trials": {
    "ttft_ms": [
      304.61749993264675,
      306.51437514461577,
      307.0372499059886
    ],
    "throughput_tps": [
      22.83129016033043,
      22.381278410365354,
      22.67930621599962
    ],
    "memory_gb": [
      24.82051078,
      24.82051078,
      24.82051078
    ],
    "prompt_tps": [
      1680.7964089824357,
      1670.3947400784534,
      1667.5501104728132
    ]
  },
  "stats": {
    "ttft_ms": {
      "n": 3,
      "mean": 306.0564,
      "median": 306.5144,
      "p50": 306.5144,
      "p95": 306.985,
      "std": 1.0396,
      "min": 304.6175,
      "max": 307.0372
    },
    "throughput_tps": {
      "n": 3,
      "mean": 22.6306,
      "median": 22.6793,
      "p50": 22.6793,
      "p95": 22.8161,
      "std": 0.1869,
      "min": 22.3813,
      "max": 22.8313
    },
    "memory_gb": {
      "n": 3,
      "mean": 24.8205,
      "median": 24.8205,
      "p50": 24.8205,
      "p95": 24.8205,
      "std": 0.0,
      "min": 24.8205,
      "max": 24.8205
    },
    "prompt_tps": {
      "n": 3,
      "mean": 1672.9138,
      "median": 1670.3947,
      "p50": 1670.3947,
      "p95": 1679.7562,
      "std": 5.6936,
      "min": 1667.5501,
      "max": 1680.7964
    }
  },
  "warmup_policy": {
    "warmup_trials": 1,
    "warmup_discarded": true,
    "measured_trials_field": "num_trials",
    "description": "One full generate before timed trials; trials use seed+trial."
  }
}
