{
  "timestamp": "2026-05-25T05:45:52.323077+00:00",
  "hardware": "Mac M5 Max",
  "model_preset": "mistral-nemo-12b",
  "configuration": "w4+kv_cache",
  "weight_bits": 4,
  "optimizations": {
    "weight_bits": 4,
    "kv_cache": true,
    "prefill": false
  },
  "model_repo": "mlx-community/Mistral-Nemo-Instruct-2407-4bit",
  "kv_bits": 4,
  "prefill_step_size": 512,
  "prompt_tokens": 512,
  "generation_tokens": 128,
  "num_trials": 3,
  "memory_gb": 7.479,
  "ttft_ms": 253.9165,
  "throughput_tps": 70.6491,
  "prompt_tps": 2016.4109,
  "mlx_version": "0.31.2",
  "mlx_lm_version": "0.29.1",
  "platform": "macOS-26.4.1-arm64-arm-64bit-Mach-O",
  "status": "ok",
  "error": null,
  "article_id": 5,
  "run_label": null,
  "benchmark_mode": "standard",
  "draft_model_repo": null,
  "draft_preset": "qwen-0.5b",
  "num_draft_tokens": null,
  "draft_accept_rate": null,
  "prefix_cache_cold_ttft_ms": null,
  "prefix_cache_warm_ttft_ms": null,
  "prefix_system_tokens": null,
  "workload": null,
  "schema_version": 1,
  "trials": {
    "ttft_ms": [
      255.3950420115143,
      253.91649990342557,
      252.13633384555578
    ],
    "throughput_tps": [
      70.72166228185891,
      70.64910357684188,
      70.30071631837336
    ],
    "memory_gb": [
      7.479013484,
      7.479013484,
      7.479013484
    ],
    "prompt_tps": [
      2004.7374293856371,
      2016.4109075020085,
      2030.6474366111065
    ]
  },
  "stats": {
    "ttft_ms": {
      "n": 3,
      "mean": 253.816,
      "median": 253.9165,
      "p50": 253.9165,
      "p95": 255.2472,
      "std": 1.3323,
      "min": 252.1363,
      "max": 255.395
    },
    "throughput_tps": {
      "n": 3,
      "mean": 70.5572,
      "median": 70.6491,
      "p50": 70.6491,
      "p95": 70.7144,
      "std": 0.1837,
      "min": 70.3007,
      "max": 70.7217
    },
    "memory_gb": {
      "n": 3,
      "mean": 7.479,
      "median": 7.479,
      "p50": 7.479,
      "p95": 7.479,
      "std": 0.0,
      "min": 7.479,
      "max": 7.479
    },
    "prompt_tps": {
      "n": 3,
      "mean": 2017.2653,
      "median": 2016.4109,
      "p50": 2016.4109,
      "p95": 2029.2238,
      "std": 10.595,
      "min": 2004.7374,
      "max": 2030.6474
    }
  },
  "warmup_policy": {
    "warmup_trials": 1,
    "warmup_discarded": true,
    "measured_trials_field": "num_trials",
    "description": "One full generate before timed trials; trials use seed+trial."
  }
}
