{
  "timestamp": "2026-05-23T15:15:54.730833+00:00",
  "hardware": "Mac M5 Max",
  "model_preset": "mistral-nemo-12b",
  "configuration": "w4+kv_cache",
  "weight_bits": 4,
  "optimizations": {
    "weight_bits": 4,
    "kv_cache": true,
    "prefill": false
  },
  "model_repo": "mlx-community/Mistral-Nemo-Instruct-2407-4bit",
  "kv_bits": 4,
  "prefill_step_size": 512,
  "prompt_tokens": 512,
  "generation_tokens": 128,
  "num_trials": 3,
  "memory_gb": 7.479,
  "ttft_ms": 253.9126,
  "throughput_tps": 70.7435,
  "prompt_tps": 2016.4417,
  "mlx_version": "0.31.2",
  "mlx_lm_version": "0.29.1",
  "platform": "macOS-26.4.1-arm64-arm-64bit-Mach-O",
  "status": "ok",
  "error": null,
  "article_id": 5,
  "run_label": null,
  "benchmark_mode": "standard",
  "draft_model_repo": null,
  "draft_preset": "qwen-0.5b",
  "num_draft_tokens": null,
  "draft_accept_rate": null,
  "prefix_cache_cold_ttft_ms": null,
  "prefix_cache_warm_ttft_ms": null,
  "prefix_system_tokens": null,
  "workload": null,
  "schema_version": 1,
  "trials": {
    "ttft_ms": [
      252.3237920831889,
      255.19766588695347,
      253.9126251358539
    ],
    "throughput_tps": [
      70.74860801131031,
      70.74352804981123,
      70.19604393938586
    ],
    "memory_gb": [
      7.479013484,
      7.479013484,
      7.479013484
    ],
    "prompt_tps": [
      2029.1388131611393,
      2006.2879424093317,
      2016.4416784161817
    ]
  },
  "stats": {
    "ttft_ms": {
      "n": 3,
      "mean": 253.8114,
      "median": 253.9126,
      "p50": 253.9126,
      "p95": 255.0692,
      "std": 1.1754,
      "min": 252.3238,
      "max": 255.1977
    },
    "throughput_tps": {
      "n": 3,
      "mean": 70.5627,
      "median": 70.7435,
      "p50": 70.7435,
      "p95": 70.7481,
      "std": 0.2593,
      "min": 70.196,
      "max": 70.7486
    },
    "memory_gb": {
      "n": 3,
      "mean": 7.479,
      "median": 7.479,
      "p50": 7.479,
      "p95": 7.479,
      "std": 0.0,
      "min": 7.479,
      "max": 7.479
    },
    "prompt_tps": {
      "n": 3,
      "mean": 2017.2895,
      "median": 2016.4417,
      "p50": 2016.4417,
      "p95": 2027.8691,
      "std": 9.3481,
      "min": 2006.2879,
      "max": 2029.1388
    }
  },
  "warmup_policy": {
    "warmup_trials": 1,
    "warmup_discarded": true,
    "measured_trials_field": "num_trials",
    "description": "One full generate before timed trials; trials use seed+trial."
  }
}
