{
  "timestamp": "2026-05-23T15:15:39.400500+00:00",
  "hardware": "Mac M5 Max",
  "model_preset": "mistral-nemo-12b",
  "configuration": "w4",
  "weight_bits": 4,
  "optimizations": {
    "weight_bits": 4,
    "kv_cache": false,
    "prefill": false
  },
  "model_repo": "mlx-community/Mistral-Nemo-Instruct-2407-4bit",
  "kv_bits": null,
  "prefill_step_size": 512,
  "prompt_tokens": 512,
  "generation_tokens": 128,
  "num_trials": 3,
  "memory_gb": 7.479,
  "ttft_ms": 251.3179,
  "throughput_tps": 73.728,
  "prompt_tps": 2037.2606,
  "mlx_version": "0.31.2",
  "mlx_lm_version": "0.29.1",
  "platform": "macOS-26.4.1-arm64-arm-64bit-Mach-O",
  "status": "ok",
  "error": null,
  "article_id": 5,
  "run_label": null,
  "benchmark_mode": "standard",
  "draft_model_repo": null,
  "draft_preset": "qwen-0.5b",
  "num_draft_tokens": null,
  "draft_accept_rate": null,
  "prefix_cache_cold_ttft_ms": null,
  "prefix_cache_warm_ttft_ms": null,
  "prefix_system_tokens": null,
  "workload": null,
  "schema_version": 1,
  "trials": {
    "ttft_ms": [
      251.31787499412894,
      250.88241696357727,
      251.62587501108646
    ],
    "throughput_tps": [
      73.58186230416942,
      73.92532322448477,
      73.7280383488969
    ],
    "memory_gb": [
      7.479013484,
      7.479013484,
      7.479013484
    ],
    "prompt_tps": [
      2037.260580895652,
      2040.7966656122073,
      2034.7668934184198
    ]
  },
  "stats": {
    "ttft_ms": {
      "n": 3,
      "mean": 251.2754,
      "median": 251.3179,
      "p50": 251.3179,
      "p95": 251.5951,
      "std": 0.305,
      "min": 250.8824,
      "max": 251.6259
    },
    "throughput_tps": {
      "n": 3,
      "mean": 73.7451,
      "median": 73.728,
      "p50": 73.728,
      "p95": 73.9056,
      "std": 0.1407,
      "min": 73.5819,
      "max": 73.9253
    },
    "memory_gb": {
      "n": 3,
      "mean": 7.479,
      "median": 7.479,
      "p50": 7.479,
      "p95": 7.479,
      "std": 0.0,
      "min": 7.479,
      "max": 7.479
    },
    "prompt_tps": {
      "n": 3,
      "mean": 2037.608,
      "median": 2037.2606,
      "p50": 2037.2606,
      "p95": 2040.4431,
      "std": 2.4739,
      "min": 2034.7669,
      "max": 2040.7967
    }
  },
  "warmup_policy": {
    "warmup_trials": 1,
    "warmup_discarded": true,
    "measured_trials_field": "num_trials",
    "description": "One full generate before timed trials; trials use seed+trial."
  }
}
