{
  "timestamp": "2026-05-25T05:45:37.102258+00:00",
  "hardware": "Mac M5 Max",
  "model_preset": "mistral-nemo-12b",
  "configuration": "w4",
  "weight_bits": 4,
  "optimizations": {
    "weight_bits": 4,
    "kv_cache": false,
    "prefill": false
  },
  "model_repo": "mlx-community/Mistral-Nemo-Instruct-2407-4bit",
  "kv_bits": null,
  "prefill_step_size": 512,
  "prompt_tokens": 512,
  "generation_tokens": 128,
  "num_trials": 3,
  "memory_gb": 7.479,
  "ttft_ms": 250.8491,
  "throughput_tps": 73.7797,
  "prompt_tps": 2041.0678,
  "mlx_version": "0.31.2",
  "mlx_lm_version": "0.29.1",
  "platform": "macOS-26.4.1-arm64-arm-64bit-Mach-O",
  "status": "ok",
  "error": null,
  "article_id": 5,
  "run_label": null,
  "benchmark_mode": "standard",
  "draft_model_repo": null,
  "draft_preset": "qwen-0.5b",
  "num_draft_tokens": null,
  "draft_accept_rate": null,
  "prefix_cache_cold_ttft_ms": null,
  "prefix_cache_warm_ttft_ms": null,
  "prefix_system_tokens": null,
  "workload": null,
  "schema_version": 1,
  "trials": {
    "ttft_ms": [
      259.65766585431993,
      250.00604195520282,
      250.8490839973092
    ],
    "throughput_tps": [
      73.94512117924057,
      73.77968297330176,
      73.6782383290787
    ],
    "memory_gb": [
      7.479013484,
      7.479013484,
      7.479013484
    ],
    "prompt_tps": [
      1971.8270142937197,
      2047.9505054991528,
      2041.067847812002
    ]
  },
  "stats": {
    "ttft_ms": {
      "n": 3,
      "mean": 253.5043,
      "median": 250.8491,
      "p50": 250.8491,
      "p95": 258.7768,
      "std": 4.3647,
      "min": 250.006,
      "max": 259.6577
    },
    "throughput_tps": {
      "n": 3,
      "mean": 73.801,
      "median": 73.7797,
      "p50": 73.7797,
      "p95": 73.9286,
      "std": 0.11,
      "min": 73.6782,
      "max": 73.9451
    },
    "memory_gb": {
      "n": 3,
      "mean": 7.479,
      "median": 7.479,
      "p50": 7.479,
      "p95": 7.479,
      "std": 0.0,
      "min": 7.479,
      "max": 7.479
    },
    "prompt_tps": {
      "n": 3,
      "mean": 2020.2818,
      "median": 2041.0678,
      "p50": 2041.0678,
      "p95": 2047.2622,
      "std": 34.3777,
      "min": 1971.827,
      "max": 2047.9505
    }
  },
  "warmup_policy": {
    "warmup_trials": 1,
    "warmup_discarded": true,
    "measured_trials_field": "num_trials",
    "description": "One full generate before timed trials; trials use seed+trial."
  }
}
