{
  "timestamp": "2026-05-23T15:14:42.065984+00:00",
  "hardware": "Mac M5 Max",
  "model_preset": "mistral-nemo-12b",
  "configuration": "w8+kv_cache",
  "weight_bits": 8,
  "optimizations": {
    "weight_bits": 8,
    "kv_cache": true,
    "prefill": false
  },
  "model_repo": "mlx-community/Mistral-Nemo-Instruct-2407-8bit",
  "kv_bits": 4,
  "prefill_step_size": 512,
  "prompt_tokens": 512,
  "generation_tokens": 128,
  "num_trials": 3,
  "memory_gb": 13.4822,
  "ttft_ms": 294.4829,
  "throughput_tps": 40.2132,
  "prompt_tps": 1738.6408,
  "mlx_version": "0.31.2",
  "mlx_lm_version": "0.29.1",
  "platform": "macOS-26.4.1-arm64-arm-64bit-Mach-O",
  "status": "ok",
  "error": null,
  "article_id": 5,
  "run_label": null,
  "benchmark_mode": "standard",
  "draft_model_repo": null,
  "draft_preset": "qwen-0.5b",
  "num_draft_tokens": null,
  "draft_accept_rate": null,
  "prefix_cache_cold_ttft_ms": null,
  "prefix_cache_warm_ttft_ms": null,
  "prefix_system_tokens": null,
  "workload": null,
  "schema_version": 1,
  "trials": {
    "ttft_ms": [
      294.48291612789035,
      294.2980828229338,
      294.9008750729263
    ],
    "throughput_tps": [
      40.04209425221269,
      40.32904563127481,
      40.213179070978576
    ],
    "memory_gb": [
      13.482192992,
      13.482192992,
      13.482192992
    ],
    "prompt_tps": [
      1738.640756252375,
      1739.7327059994743,
      1736.17660467568
    ]
  },
  "stats": {
    "ttft_ms": {
      "n": 3,
      "mean": 294.5606,
      "median": 294.4829,
      "p50": 294.4829,
      "p95": 294.8591,
      "std": 0.2521,
      "min": 294.2981,
      "max": 294.9009
    },
    "throughput_tps": {
      "n": 3,
      "mean": 40.1948,
      "median": 40.2132,
      "p50": 40.2132,
      "p95": 40.3175,
      "std": 0.1179,
      "min": 40.0421,
      "max": 40.329
    },
    "memory_gb": {
      "n": 3,
      "mean": 13.4822,
      "median": 13.4822,
      "p50": 13.4822,
      "p95": 13.4822,
      "std": 0.0,
      "min": 13.4822,
      "max": 13.4822
    },
    "prompt_tps": {
      "n": 3,
      "mean": 1738.1834,
      "median": 1738.6408,
      "p50": 1738.6408,
      "p95": 1739.6235,
      "std": 1.4874,
      "min": 1736.1766,
      "max": 1739.7327
    }
  },
  "warmup_policy": {
    "warmup_trials": 1,
    "warmup_discarded": true,
    "measured_trials_field": "num_trials",
    "description": "One full generate before timed trials; trials use seed+trial."
  }
}
