{
  "timestamp": "2026-05-25T05:44:39.836618+00:00",
  "hardware": "Mac M5 Max",
  "model_preset": "mistral-nemo-12b",
  "configuration": "w8+kv_cache",
  "weight_bits": 8,
  "optimizations": {
    "weight_bits": 8,
    "kv_cache": true,
    "prefill": false
  },
  "model_repo": "mlx-community/Mistral-Nemo-Instruct-2407-8bit",
  "kv_bits": 4,
  "prefill_step_size": 512,
  "prompt_tokens": 512,
  "generation_tokens": 128,
  "num_trials": 3,
  "memory_gb": 13.4822,
  "ttft_ms": 295.3235,
  "throughput_tps": 40.162,
  "prompt_tps": 1733.692,
  "mlx_version": "0.31.2",
  "mlx_lm_version": "0.29.1",
  "platform": "macOS-26.4.1-arm64-arm-64bit-Mach-O",
  "status": "ok",
  "error": null,
  "article_id": 5,
  "run_label": null,
  "benchmark_mode": "standard",
  "draft_model_repo": null,
  "draft_preset": "qwen-0.5b",
  "num_draft_tokens": null,
  "draft_accept_rate": null,
  "prefix_cache_cold_ttft_ms": null,
  "prefix_cache_warm_ttft_ms": null,
  "prefix_system_tokens": null,
  "workload": null,
  "schema_version": 1,
  "trials": {
    "ttft_ms": [
      293.8978329766542,
      295.32349994406104,
      295.6456250976771
    ],
    "throughput_tps": [
      40.16195359278496,
      40.243140350333015,
      40.128061286298184
    ],
    "memory_gb": [
      13.482192992,
      13.482192992,
      13.482192992
    ],
    "prompt_tps": [
      1742.101991070723,
      1733.6920363499041,
      1731.8030660214995
    ]
  },
  "stats": {
    "ttft_ms": {
      "n": 3,
      "mean": 294.9557,
      "median": 295.3235,
      "p50": 295.3235,
      "p95": 295.6134,
      "std": 0.7595,
      "min": 293.8978,
      "max": 295.6456
    },
    "throughput_tps": {
      "n": 3,
      "mean": 40.1777,
      "median": 40.162,
      "p50": 40.162,
      "p95": 40.235,
      "std": 0.0483,
      "min": 40.1281,
      "max": 40.2431
    },
    "memory_gb": {
      "n": 3,
      "mean": 13.4822,
      "median": 13.4822,
      "p50": 13.4822,
      "p95": 13.4822,
      "std": 0.0,
      "min": 13.4822,
      "max": 13.4822
    },
    "prompt_tps": {
      "n": 3,
      "mean": 1735.8657,
      "median": 1733.692,
      "p50": 1733.692,
      "p95": 1741.261,
      "std": 4.4766,
      "min": 1731.8031,
      "max": 1742.102
    }
  },
  "warmup_policy": {
    "warmup_trials": 1,
    "warmup_discarded": true,
    "measured_trials_field": "num_trials",
    "description": "One full generate before timed trials; trials use seed+trial."
  }
}
