{
  "timestamp": "2026-05-25T05:45:21.753743+00:00",
  "hardware": "Mac M5 Max",
  "model_preset": "mistral-nemo-12b",
  "configuration": "w8+kv_cache+prefill",
  "weight_bits": 8,
  "optimizations": {
    "weight_bits": 8,
    "kv_cache": true,
    "prefill": true
  },
  "model_repo": "mlx-community/Mistral-Nemo-Instruct-2407-8bit",
  "kv_bits": 4,
  "prefill_step_size": 2048,
  "prompt_tokens": 512,
  "generation_tokens": 128,
  "num_trials": 3,
  "memory_gb": 13.4822,
  "ttft_ms": 294.1649,
  "throughput_tps": 40.0995,
  "prompt_tps": 1740.5205,
  "mlx_version": "0.31.2",
  "mlx_lm_version": "0.29.1",
  "platform": "macOS-26.4.1-arm64-arm-64bit-Mach-O",
  "status": "ok",
  "error": null,
  "article_id": 5,
  "run_label": null,
  "benchmark_mode": "standard",
  "draft_model_repo": null,
  "draft_preset": "qwen-0.5b",
  "num_draft_tokens": null,
  "draft_accept_rate": null,
  "prefix_cache_cold_ttft_ms": null,
  "prefix_cache_warm_ttft_ms": null,
  "prefix_system_tokens": null,
  "workload": null,
  "schema_version": 1,
  "trials": {
    "ttft_ms": [
      293.9654591027647,
      294.16487482376397,
      295.28554109856486
    ],
    "throughput_tps": [
      40.09947280742314,
      39.96042824845343,
      40.10293819021016
    ],
    "memory_gb": [
      13.482192992,
      13.482192992,
      13.482192992
    ],
    "prompt_tps": [
      1741.7012242278931,
      1740.5205169609133,
      1733.914901810573
    ]
  },
  "stats": {
    "ttft_ms": {
      "n": 3,
      "mean": 294.472,
      "median": 294.1649,
      "p50": 294.1649,
      "p95": 295.1735,
      "std": 0.581,
      "min": 293.9655,
      "max": 295.2855
    },
    "throughput_tps": {
      "n": 3,
      "mean": 40.0543,
      "median": 40.0995,
      "p50": 40.0995,
      "p95": 40.1026,
      "std": 0.0664,
      "min": 39.9604,
      "max": 40.1029
    },
    "memory_gb": {
      "n": 3,
      "mean": 13.4822,
      "median": 13.4822,
      "p50": 13.4822,
      "p95": 13.4822,
      "std": 0.0,
      "min": 13.4822,
      "max": 13.4822
    },
    "prompt_tps": {
      "n": 3,
      "mean": 1738.7122,
      "median": 1740.5205,
      "p50": 1740.5205,
      "p95": 1741.5832,
      "std": 3.4263,
      "min": 1733.9149,
      "max": 1741.7012
    }
  },
  "warmup_policy": {
    "warmup_trials": 1,
    "warmup_discarded": true,
    "measured_trials_field": "num_trials",
    "description": "One full generate before timed trials; trials use seed+trial."
  }
}
