{
  "timestamp": "2026-05-23T15:15:23.990495+00:00",
  "hardware": "Mac M5 Max",
  "model_preset": "mistral-nemo-12b",
  "configuration": "w8+kv_cache+prefill",
  "weight_bits": 8,
  "optimizations": {
    "weight_bits": 8,
    "kv_cache": true,
    "prefill": true
  },
  "model_repo": "mlx-community/Mistral-Nemo-Instruct-2407-8bit",
  "kv_bits": 4,
  "prefill_step_size": 2048,
  "prompt_tokens": 512,
  "generation_tokens": 128,
  "num_trials": 3,
  "memory_gb": 13.4822,
  "ttft_ms": 294.2271,
  "throughput_tps": 40.1505,
  "prompt_tps": 1740.1525,
  "mlx_version": "0.31.2",
  "mlx_lm_version": "0.29.1",
  "platform": "macOS-26.4.1-arm64-arm-64bit-Mach-O",
  "status": "ok",
  "error": null,
  "article_id": 5,
  "run_label": null,
  "benchmark_mode": "standard",
  "draft_model_repo": null,
  "draft_preset": "qwen-0.5b",
  "num_draft_tokens": null,
  "draft_accept_rate": null,
  "prefix_cache_cold_ttft_ms": null,
  "prefix_cache_warm_ttft_ms": null,
  "prefix_system_tokens": null,
  "workload": null,
  "schema_version": 1,
  "trials": {
    "ttft_ms": [
      295.5432920716703,
      293.1126249022782,
      294.22708391211927
    ],
    "throughput_tps": [
      40.1505089870455,
      40.30573210442999,
      40.14508842842486
    ],
    "memory_gb": [
      13.482192992,
      13.482192992,
      13.482192992
    ],
    "prompt_tps": [
      1732.4027096369969,
      1746.7688407167634,
      1740.152514827377
    ]
  },
  "stats": {
    "ttft_ms": {
      "n": 3,
      "mean": 294.2943,
      "median": 294.2271,
      "p50": 294.2271,
      "p95": 295.4117,
      "std": 0.9935,
      "min": 293.1126,
      "max": 295.5433
    },
    "throughput_tps": {
      "n": 3,
      "mean": 40.2004,
      "median": 40.1505,
      "p50": 40.1505,
      "p95": 40.2902,
      "std": 0.0745,
      "min": 40.1451,
      "max": 40.3057
    },
    "memory_gb": {
      "n": 3,
      "mean": 13.4822,
      "median": 13.4822,
      "p50": 13.4822,
      "p95": 13.4822,
      "std": 0.0,
      "min": 13.4822,
      "max": 13.4822
    },
    "prompt_tps": {
      "n": 3,
      "mean": 1739.7747,
      "median": 1740.1525,
      "p50": 1740.1525,
      "p95": 1746.1072,
      "std": 5.871,
      "min": 1732.4027,
      "max": 1746.7688
    }
  },
  "warmup_policy": {
    "warmup_trials": 1,
    "warmup_discarded": true,
    "measured_trials_field": "num_trials",
    "description": "One full generate before timed trials; trials use seed+trial."
  }
}
