{
  "timestamp": "2026-05-25T05:45:00.546890+00:00",
  "hardware": "Mac M5 Max",
  "model_preset": "mistral-nemo-12b",
  "configuration": "w8+prefill",
  "weight_bits": 8,
  "optimizations": {
    "weight_bits": 8,
    "kv_cache": false,
    "prefill": true
  },
  "model_repo": "mlx-community/Mistral-Nemo-Instruct-2407-8bit",
  "kv_bits": null,
  "prefill_step_size": 2048,
  "prompt_tokens": 512,
  "generation_tokens": 128,
  "num_trials": 3,
  "memory_gb": 13.4822,
  "ttft_ms": 290.6467,
  "throughput_tps": 41.4723,
  "prompt_tps": 1761.5889,
  "mlx_version": "0.31.2",
  "mlx_lm_version": "0.29.1",
  "platform": "macOS-26.4.1-arm64-arm-64bit-Mach-O",
  "status": "ok",
  "error": null,
  "article_id": 5,
  "run_label": null,
  "benchmark_mode": "standard",
  "draft_model_repo": null,
  "draft_preset": "qwen-0.5b",
  "num_draft_tokens": null,
  "draft_accept_rate": null,
  "prefix_cache_cold_ttft_ms": null,
  "prefix_cache_warm_ttft_ms": null,
  "prefix_system_tokens": null,
  "workload": null,
  "schema_version": 1,
  "trials": {
    "ttft_ms": [
      290.6467078719288,
      290.1040001306683,
      291.39054100960493
    ],
    "throughput_tps": [
      41.49734972579454,
      41.47226654995478,
      41.46332273086115
    ],
    "memory_gb": [
      13.482192992,
      13.482192992,
      13.482192992
    ],
    "prompt_tps": [
      1761.588850425269,
      1764.8843165533244,
      1757.092039522049
    ]
  },
  "stats": {
    "ttft_ms": {
      "n": 3,
      "mean": 290.7137,
      "median": 290.6467,
      "p50": 290.6467,
      "p95": 291.3162,
      "std": 0.5274,
      "min": 290.104,
      "max": 291.3905
    },
    "throughput_tps": {
      "n": 3,
      "mean": 41.4776,
      "median": 41.4723,
      "p50": 41.4723,
      "p95": 41.4948,
      "std": 0.0144,
      "min": 41.4633,
      "max": 41.4973
    },
    "memory_gb": {
      "n": 3,
      "mean": 13.4822,
      "median": 13.4822,
      "p50": 13.4822,
      "p95": 13.4822,
      "std": 0.0,
      "min": 13.4822,
      "max": 13.4822
    },
    "prompt_tps": {
      "n": 3,
      "mean": 1761.1884,
      "median": 1761.5889,
      "p50": 1761.5889,
      "p95": 1764.5548,
      "std": 3.1938,
      "min": 1757.092,
      "max": 1764.8843
    }
  },
  "warmup_policy": {
    "warmup_trials": 1,
    "warmup_discarded": true,
    "measured_trials_field": "num_trials",
    "description": "One full generate before timed trials; trials use seed+trial."
  }
}
