{
  "timestamp": "2026-05-23T15:14:20.897980+00:00",
  "hardware": "Mac M5 Max",
  "model_preset": "mistral-nemo-12b",
  "configuration": "w8",
  "weight_bits": 8,
  "optimizations": {
    "weight_bits": 8,
    "kv_cache": false,
    "prefill": false
  },
  "model_repo": "mlx-community/Mistral-Nemo-Instruct-2407-8bit",
  "kv_bits": null,
  "prefill_step_size": 512,
  "prompt_tokens": 512,
  "generation_tokens": 128,
  "num_trials": 3,
  "memory_gb": 13.4822,
  "ttft_ms": 291.3611,
  "throughput_tps": 41.5233,
  "prompt_tps": 1757.2697,
  "mlx_version": "0.31.2",
  "mlx_lm_version": "0.29.1",
  "platform": "macOS-26.4.1-arm64-arm-64bit-Mach-O",
  "status": "ok",
  "error": null,
  "article_id": 5,
  "run_label": null,
  "benchmark_mode": "standard",
  "draft_model_repo": null,
  "draft_preset": "qwen-0.5b",
  "num_draft_tokens": null,
  "draft_accept_rate": null,
  "prefix_cache_cold_ttft_ms": null,
  "prefix_cache_warm_ttft_ms": null,
  "prefix_system_tokens": null,
  "workload": null,
  "schema_version": 1,
  "trials": {
    "ttft_ms": [
      291.3610830437392,
      290.2470000553876,
      291.87375004403293
    ],
    "throughput_tps": [
      41.42183691280948,
      41.55428669396675,
      41.5233001058457
    ],
    "memory_gb": [
      13.482192992,
      13.482192992,
      13.482192992
    ],
    "prompt_tps": [
      1757.2696897311382,
      1764.0147870685844,
      1754.1831011619174
    ]
  },
  "stats": {
    "ttft_ms": {
      "n": 3,
      "mean": 291.1606,
      "median": 291.3611,
      "p50": 291.3611,
      "p95": 291.8225,
      "std": 0.6791,
      "min": 290.247,
      "max": 291.8738
    },
    "throughput_tps": {
      "n": 3,
      "mean": 41.4998,
      "median": 41.5233,
      "p50": 41.5233,
      "p95": 41.5512,
      "std": 0.0566,
      "min": 41.4218,
      "max": 41.5543
    },
    "memory_gb": {
      "n": 3,
      "mean": 13.4822,
      "median": 13.4822,
      "p50": 13.4822,
      "p95": 13.4822,
      "std": 0.0,
      "min": 13.4822,
      "max": 13.4822
    },
    "prompt_tps": {
      "n": 3,
      "mean": 1758.4892,
      "median": 1757.2697,
      "p50": 1757.2697,
      "p95": 1763.3403,
      "std": 4.1054,
      "min": 1754.1831,
      "max": 1764.0148
    }
  },
  "warmup_policy": {
    "warmup_trials": 1,
    "warmup_discarded": true,
    "measured_trials_field": "num_trials",
    "description": "One full generate before timed trials; trials use seed+trial."
  }
}
