{
  "timestamp": "2026-05-25T05:44:18.594414+00:00",
  "hardware": "Mac M5 Max",
  "model_preset": "mistral-nemo-12b",
  "configuration": "w8",
  "weight_bits": 8,
  "optimizations": {
    "weight_bits": 8,
    "kv_cache": false,
    "prefill": false
  },
  "model_repo": "mlx-community/Mistral-Nemo-Instruct-2407-8bit",
  "kv_bits": null,
  "prefill_step_size": 512,
  "prompt_tokens": 512,
  "generation_tokens": 128,
  "num_trials": 3,
  "memory_gb": 13.4822,
  "ttft_ms": 291.7068,
  "throughput_tps": 41.6017,
  "prompt_tps": 1755.1869,
  "mlx_version": "0.31.2",
  "mlx_lm_version": "0.29.1",
  "platform": "macOS-26.4.1-arm64-arm-64bit-Mach-O",
  "status": "ok",
  "error": null,
  "article_id": 5,
  "run_label": null,
  "benchmark_mode": "standard",
  "draft_model_repo": null,
  "draft_preset": "qwen-0.5b",
  "num_draft_tokens": null,
  "draft_accept_rate": null,
  "prefix_cache_cold_ttft_ms": null,
  "prefix_cache_warm_ttft_ms": null,
  "prefix_system_tokens": null,
  "workload": null,
  "schema_version": 1,
  "trials": {
    "ttft_ms": [
      306.20391690172255,
      290.78558390028775,
      291.70683305710554
    ],
    "throughput_tps": [
      41.601676464919066,
      41.646354701526434,
      41.44887064953597
    ],
    "memory_gb": [
      13.482192992,
      13.482192992,
      13.482192992
    ],
    "prompt_tps": [
      1672.088342894479,
      1760.747534773141,
      1755.1868587862975
    ]
  },
  "stats": {
    "ttft_ms": {
      "n": 3,
      "mean": 296.2321,
      "median": 291.7068,
      "p50": 291.7068,
      "p95": 304.7542,
      "std": 7.0612,
      "min": 290.7856,
      "max": 306.2039
    },
    "throughput_tps": {
      "n": 3,
      "mean": 41.5656,
      "median": 41.6017,
      "p50": 41.6017,
      "p95": 41.6419,
      "std": 0.0846,
      "min": 41.4489,
      "max": 41.6464
    },
    "memory_gb": {
      "n": 3,
      "mean": 13.4822,
      "median": 13.4822,
      "p50": 13.4822,
      "p95": 13.4822,
      "std": 0.0,
      "min": 13.4822,
      "max": 13.4822
    },
    "prompt_tps": {
      "n": 3,
      "mean": 1729.3409,
      "median": 1755.1869,
      "p50": 1755.1869,
      "p95": 1760.1915,
      "std": 40.5473,
      "min": 1672.0883,
      "max": 1760.7475
    }
  },
  "warmup_policy": {
    "warmup_trials": 1,
    "warmup_discarded": true,
    "measured_trials_field": "num_trials",
    "description": "One full generate before timed trials; trials use seed+trial."
  }
}
