{
  "timestamp": "2026-05-25T04:41:49.216479+00:00",
  "hardware": "Mac M5 Max",
  "model_preset": "phi-3-mini",
  "configuration": "fp16",
  "weight_bits": 16,
  "optimizations": {
    "weight_bits": 16,
    "kv_cache": false,
    "prefill": false
  },
  "model_repo": "mlx-community/Phi-3-mini-4k-instruct-8bit",
  "kv_bits": null,
  "prefill_step_size": 512,
  "prompt_tokens": 512,
  "generation_tokens": 128,
  "num_trials": 3,
  "memory_gb": 4.8373,
  "ttft_ms": 108.0155,
  "throughput_tps": 112.8439,
  "prompt_tps": 4740.0605,
  "mlx_version": "0.31.2",
  "mlx_lm_version": "0.29.1",
  "platform": "macOS-26.4.1-arm64-arm-64bit-Mach-O",
  "status": "ok",
  "error": null,
  "article_id": 4,
  "run_label": null,
  "benchmark_mode": "standard",
  "draft_model_repo": null,
  "draft_preset": "qwen-0.5b",
  "num_draft_tokens": null,
  "draft_accept_rate": null,
  "prefix_cache_cold_ttft_ms": null,
  "prefix_cache_warm_ttft_ms": null,
  "prefix_system_tokens": null,
  "workload": null,
  "schema_version": 1,
  "trials": {
    "ttft_ms": [
      107.89033398032188,
      108.01550000905992,
      109.61533291265368
    ],
    "throughput_tps": [
      112.50650428842059,
      113.78902183779176,
      112.84394814967725
    ],
    "memory_gb": [
      4.837303388,
      4.837303388,
      4.837303388
    ],
    "prompt_tps": [
      4745.559505760578,
      4740.060453889076,
      4670.879396114995
    ]
  },
  "stats": {
    "ttft_ms": {
      "n": 3,
      "mean": 108.5071,
      "median": 108.0155,
      "p50": 108.0155,
      "p95": 109.4553,
      "std": 0.7853,
      "min": 107.8903,
      "max": 109.6153
    },
    "throughput_tps": {
      "n": 3,
      "mean": 113.0465,
      "median": 112.8439,
      "p50": 112.8439,
      "p95": 113.6945,
      "std": 0.5428,
      "min": 112.5065,
      "max": 113.789
    },
    "memory_gb": {
      "n": 3,
      "mean": 4.8373,
      "median": 4.8373,
      "p50": 4.8373,
      "p95": 4.8373,
      "std": 0.0,
      "min": 4.8373,
      "max": 4.8373
    },
    "prompt_tps": {
      "n": 3,
      "mean": 4718.8331,
      "median": 4740.0605,
      "p50": 4740.0605,
      "p95": 4745.0096,
      "std": 33.9826,
      "min": 4670.8794,
      "max": 4745.5595
    }
  },
  "warmup_policy": {
    "warmup_trials": 1,
    "warmup_discarded": true,
    "measured_trials_field": "num_trials",
    "description": "One full generate before timed trials; trials use seed+trial."
  }
}
