{
  "timestamp": "2026-05-23T03:51:34.783433+00:00",
  "hardware": "Mac M5 Max",
  "model_preset": "phi-3-mini",
  "configuration": "w4",
  "weight_bits": 4,
  "optimizations": {
    "weight_bits": 4,
    "kv_cache": false,
    "prefill": false
  },
  "model_repo": "mlx-community/Phi-3-mini-4k-instruct-4bit",
  "kv_bits": null,
  "prefill_step_size": 512,
  "prompt_tokens": 512,
  "generation_tokens": 128,
  "num_trials": 3,
  "memory_gb": 3.2083,
  "ttft_ms": 101.6713,
  "throughput_tps": 194.7444,
  "prompt_tps": 5035.8344,
  "mlx_version": "0.31.2",
  "mlx_lm_version": "0.29.1",
  "platform": "macOS-26.4.1-arm64-arm-64bit-Mach-O",
  "status": "ok",
  "error": null,
  "article_id": 4,
  "run_label": null,
  "benchmark_mode": "standard",
  "draft_model_repo": null,
  "draft_preset": "qwen-0.5b",
  "num_draft_tokens": null,
  "draft_accept_rate": null,
  "prefix_cache_cold_ttft_ms": null,
  "prefix_cache_warm_ttft_ms": null,
  "prefix_system_tokens": null,
  "workload": null,
  "schema_version": 1,
  "trials": {
    "ttft_ms": [
      101.67133389040828,
      103.20537490770221,
      100.93433293513952
    ],
    "throughput_tps": [
      194.74444830682828,
      194.55590532757154,
      195.17099206441185
    ],
    "memory_gb": [
      3.186249888,
      3.208253552,
      3.208253552
    ],
    "prompt_tps": [
      5035.834393122901,
      4960.981930038893,
      5072.604980993054
    ]
  },
  "stats": {
    "ttft_ms": {
      "n": 3,
      "mean": 101.937,
      "median": 101.6713,
      "p50": 101.6713,
      "p95": 103.052,
      "std": 0.946,
      "min": 100.9343,
      "max": 103.2054
    },
    "throughput_tps": {
      "n": 3,
      "mean": 194.8238,
      "median": 194.7444,
      "p50": 194.7444,
      "p95": 195.1283,
      "std": 0.2573,
      "min": 194.5559,
      "max": 195.171
    },
    "memory_gb": {
      "n": 3,
      "mean": 3.2009,
      "median": 3.2083,
      "p50": 3.2083,
      "p95": 3.2083,
      "std": 0.0104,
      "min": 3.1862,
      "max": 3.2083
    },
    "prompt_tps": {
      "n": 3,
      "mean": 5023.1404,
      "median": 5035.8344,
      "p50": 5035.8344,
      "p95": 5068.9279,
      "std": 46.4455,
      "min": 4960.9819,
      "max": 5072.605
    }
  },
  "warmup_policy": {
    "warmup_trials": 1,
    "warmup_discarded": true,
    "measured_trials_field": "num_trials",
    "description": "One full generate before timed trials; trials use seed+trial."
  }
}
