{
  "timestamp": "2026-05-25T04:42:10.713285+00:00",
  "hardware": "Mac M5 Max",
  "model_preset": "phi-3-mini",
  "configuration": "w4",
  "weight_bits": 4,
  "optimizations": {
    "weight_bits": 4,
    "kv_cache": false,
    "prefill": false
  },
  "model_repo": "mlx-community/Phi-3-mini-4k-instruct-4bit",
  "kv_bits": null,
  "prefill_step_size": 512,
  "prompt_tokens": 512,
  "generation_tokens": 128,
  "num_trials": 3,
  "memory_gb": 3.2083,
  "ttft_ms": 100.8894,
  "throughput_tps": 195.6527,
  "prompt_tps": 5074.8633,
  "mlx_version": "0.31.2",
  "mlx_lm_version": "0.29.1",
  "platform": "macOS-26.4.1-arm64-arm-64bit-Mach-O",
  "status": "ok",
  "error": null,
  "article_id": 4,
  "run_label": null,
  "benchmark_mode": "standard",
  "draft_model_repo": null,
  "draft_preset": "qwen-0.5b",
  "num_draft_tokens": null,
  "draft_accept_rate": null,
  "prefix_cache_cold_ttft_ms": null,
  "prefix_cache_warm_ttft_ms": null,
  "prefix_system_tokens": null,
  "workload": null,
  "schema_version": 1,
  "trials": {
    "ttft_ms": [
      98.7488750834018,
      102.20112511888146,
      100.88941687718034
    ],
    "throughput_tps": [
      195.65271381279442,
      195.86025900689324,
      195.43807322396069
    ],
    "memory_gb": [
      3.208253552,
      3.208253552,
      3.186249888
    ],
    "prompt_tps": [
      5184.869190333283,
      5009.729583744172,
      5074.863309233841
    ]
  },
  "stats": {
    "ttft_ms": {
      "n": 3,
      "mean": 100.6131,
      "median": 100.8894,
      "p50": 100.8894,
      "p95": 102.07,
      "std": 1.4229,
      "min": 98.7489,
      "max": 102.2011
    },
    "throughput_tps": {
      "n": 3,
      "mean": 195.6503,
      "median": 195.6527,
      "p50": 195.6527,
      "p95": 195.8395,
      "std": 0.1724,
      "min": 195.4381,
      "max": 195.8603
    },
    "memory_gb": {
      "n": 3,
      "mean": 3.2009,
      "median": 3.2083,
      "p50": 3.2083,
      "p95": 3.2083,
      "std": 0.0104,
      "min": 3.1862,
      "max": 3.2083
    },
    "prompt_tps": {
      "n": 3,
      "mean": 5089.8207,
      "median": 5074.8633,
      "p50": 5074.8633,
      "p95": 5173.8686,
      "std": 72.2785,
      "min": 5009.7296,
      "max": 5184.8692
    }
  },
  "warmup_policy": {
    "warmup_trials": 1,
    "warmup_discarded": true,
    "measured_trials_field": "num_trials",
    "description": "One full generate before timed trials; trials use seed+trial."
  }
}
