{
  "timestamp": "2026-05-25T04:42:01.001393+00:00",
  "hardware": "Mac M5 Max",
  "model_preset": "phi-3-mini",
  "configuration": "w8",
  "weight_bits": 8,
  "optimizations": {
    "weight_bits": 8,
    "kv_cache": false,
    "prefill": false
  },
  "model_repo": "mlx-community/Phi-3-mini-4k-instruct-8bit",
  "kv_bits": null,
  "prefill_step_size": 512,
  "prompt_tokens": 512,
  "generation_tokens": 128,
  "num_trials": 3,
  "memory_gb": 4.8373,
  "ttft_ms": 108.667,
  "throughput_tps": 112.8591,
  "prompt_tps": 4711.6402,
  "mlx_version": "0.31.2",
  "mlx_lm_version": "0.29.1",
  "platform": "macOS-26.4.1-arm64-arm-64bit-Mach-O",
  "status": "ok",
  "error": null,
  "article_id": 4,
  "run_label": null,
  "benchmark_mode": "standard",
  "draft_model_repo": null,
  "draft_preset": "qwen-0.5b",
  "num_draft_tokens": null,
  "draft_accept_rate": null,
  "prefix_cache_cold_ttft_ms": null,
  "prefix_cache_warm_ttft_ms": null,
  "prefix_system_tokens": null,
  "workload": null,
  "schema_version": 1,
  "trials": {
    "ttft_ms": [
      108.66704210639,
      109.41274999640882,
      108.47433307208121
    ],
    "throughput_tps": [
      112.85913791332692,
      112.54324926087432,
      113.70494757909569
    ],
    "memory_gb": [
      4.837303388,
      4.837303388,
      4.837303388
    ],
    "prompt_tps": [
      4711.640163157553,
      4679.527751718196,
      4720.0105822247915
    ]
  },
  "stats": {
    "ttft_ms": {
      "n": 3,
      "mean": 108.8514,
      "median": 108.667,
      "p50": 108.667,
      "p95": 109.3382,
      "std": 0.4047,
      "min": 108.4743,
      "max": 109.4127
    },
    "throughput_tps": {
      "n": 3,
      "mean": 113.0358,
      "median": 112.8591,
      "p50": 112.8591,
      "p95": 113.6204,
      "std": 0.4904,
      "min": 112.5432,
      "max": 113.7049
    },
    "memory_gb": {
      "n": 3,
      "mean": 4.8373,
      "median": 4.8373,
      "p50": 4.8373,
      "p95": 4.8373,
      "std": 0.0,
      "min": 4.8373,
      "max": 4.8373
    },
    "prompt_tps": {
      "n": 3,
      "mean": 4703.7262,
      "median": 4711.6402,
      "p50": 4711.6402,
      "p95": 4719.1735,
      "std": 17.4488,
      "min": 4679.5278,
      "max": 4720.0106
    }
  },
  "warmup_policy": {
    "warmup_trials": 1,
    "warmup_discarded": true,
    "measured_trials_field": "num_trials",
    "description": "One full generate before timed trials; trials use seed+trial."
  }
}
