{
  "timestamp": "2026-05-25T04:12:03.315350+00:00",
  "hardware": "Mac M5 Max",
  "model_preset": "gemma-2-2b",
  "configuration": "w4",
  "weight_bits": 4,
  "optimizations": {
    "weight_bits": 4,
    "kv_cache": false,
    "prefill": false
  },
  "model_repo": "mlx-community/gemma-2-2b-it-4bit",
  "kv_bits": null,
  "prefill_step_size": 512,
  "prompt_tokens": 512,
  "generation_tokens": 128,
  "num_trials": 3,
  "memory_gb": 2.1443,
  "ttft_ms": 75.371,
  "throughput_tps": 223.8786,
  "prompt_tps": 6793.0599,
  "mlx_version": "0.31.2",
  "mlx_lm_version": "0.29.1",
  "platform": "macOS-26.4.1-arm64-arm-64bit-Mach-O",
  "status": "ok",
  "error": null,
  "article_id": 1,
  "run_label": null,
  "benchmark_mode": "standard",
  "draft_model_repo": null,
  "draft_preset": "qwen-0.5b",
  "num_draft_tokens": null,
  "draft_accept_rate": null,
  "prefix_cache_cold_ttft_ms": null,
  "prefix_cache_warm_ttft_ms": null,
  "prefix_system_tokens": null,
  "workload": null,
  "schema_version": 1,
  "trials": {
    "ttft_ms": [
      75.37104189395905,
      75.3184580244124,
      75.94554196111858
    ],
    "throughput_tps": [
      225.14003631292033,
      223.72066830731393,
      223.87863889641787
    ],
    "memory_gb": [
      2.144273242,
      2.144273242,
      2.144273242
    ],
    "prompt_tps": [
      6793.059869337385,
      6797.802470067157,
      6741.672872149966
    ]
  },
  "stats": {
    "ttft_ms": {
      "n": 3,
      "mean": 75.545,
      "median": 75.371,
      "p50": 75.371,
      "p95": 75.8881,
      "std": 0.284,
      "min": 75.3185,
      "max": 75.9455
    },
    "throughput_tps": {
      "n": 3,
      "mean": 224.2464,
      "median": 223.8786,
      "p50": 223.8786,
      "p95": 225.0139,
      "std": 0.6351,
      "min": 223.7207,
      "max": 225.14
    },
    "memory_gb": {
      "n": 3,
      "mean": 2.1443,
      "median": 2.1443,
      "p50": 2.1443,
      "p95": 2.1443,
      "std": 0.0,
      "min": 2.1443,
      "max": 2.1443
    },
    "prompt_tps": {
      "n": 3,
      "mean": 6777.5117,
      "median": 6793.0599,
      "p50": 6793.0599,
      "p95": 6797.3282,
      "std": 25.4158,
      "min": 6741.6729,
      "max": 6797.8025
    }
  },
  "warmup_policy": {
    "warmup_trials": 1,
    "warmup_discarded": true,
    "measured_trials_field": "num_trials",
    "description": "One full generate before timed trials; trials use seed+trial."
  }
}
