{
  "timestamp": "2026-05-25T05:32:01.739478+00:00",
  "hardware": "Mac M5 Max",
  "model_preset": "llama3-8b",
  "configuration": "fp16+kv_cache",
  "weight_bits": 16,
  "optimizations": {
    "weight_bits": 16,
    "kv_cache": true,
    "prefill": false
  },
  "model_repo": "mlx-community/Meta-Llama-3.1-8B-Instruct-bf16",
  "kv_bits": 4,
  "prefill_step_size": 512,
  "prompt_tokens": 512,
  "generation_tokens": 128,
  "num_trials": 3,
  "memory_gb": 16.4555,
  "ttft_ms": 191.4355,
  "throughput_tps": 34.2985,
  "prompt_tps": 2674.5295,
  "mlx_version": "0.31.2",
  "mlx_lm_version": "0.29.1",
  "platform": "macOS-26.4.1-arm64-arm-64bit-Mach-O",
  "status": "ok",
  "error": null,
  "article_id": 5,
  "run_label": null,
  "benchmark_mode": "standard",
  "draft_model_repo": null,
  "draft_preset": "llama-3.2-1b",
  "num_draft_tokens": null,
  "draft_accept_rate": null,
  "prefix_cache_cold_ttft_ms": null,
  "prefix_cache_warm_ttft_ms": null,
  "prefix_system_tokens": null,
  "workload": null,
  "schema_version": 1,
  "trials": {
    "ttft_ms": [
      190.80095901153982,
      192.0043749269098,
      191.4355419576168
    ],
    "throughput_tps": [
      34.29850846489742,
      34.616175907799594,
      34.279238341568956
    ],
    "memory_gb": [
      16.455534652,
      16.455534652,
      16.455534652
    ],
    "prompt_tps": [
      2683.424667530281,
      2666.6059051774355,
      2674.5294774643003
    ]
  },
  "stats": {
    "ttft_ms": {
      "n": 3,
      "mean": 191.4136,
      "median": 191.4355,
      "p50": 191.4355,
      "p95": 191.9475,
      "std": 0.4915,
      "min": 190.801,
      "max": 192.0044
    },
    "throughput_tps": {
      "n": 3,
      "mean": 34.398,
      "median": 34.2985,
      "p50": 34.2985,
      "p95": 34.5844,
      "std": 0.1545,
      "min": 34.2792,
      "max": 34.6162
    },
    "memory_gb": {
      "n": 3,
      "mean": 16.4555,
      "median": 16.4555,
      "p50": 16.4555,
      "p95": 16.4555,
      "std": 0.0,
      "min": 16.4555,
      "max": 16.4555
    },
    "prompt_tps": {
      "n": 3,
      "mean": 2674.8534,
      "median": 2674.5295,
      "p50": 2674.5295,
      "p95": 2682.5351,
      "std": 6.87,
      "min": 2666.6059,
      "max": 2683.4247
    }
  },
  "warmup_policy": {
    "warmup_trials": 1,
    "warmup_discarded": true,
    "measured_trials_field": "num_trials",
    "description": "One full generate before timed trials; trials use seed+trial."
  }
}
