{
  "timestamp": "2026-05-23T15:36:36.680203+00:00",
  "hardware": "Mac M5 Max",
  "model_preset": "llama3-8b",
  "configuration": "fp16",
  "weight_bits": 16,
  "optimizations": {
    "weight_bits": 16,
    "kv_cache": false,
    "prefill": false
  },
  "model_repo": "mlx-community/Meta-Llama-3.1-8B-Instruct-bf16",
  "kv_bits": null,
  "prefill_step_size": 512,
  "prompt_tokens": 512,
  "generation_tokens": 128,
  "num_trials": 3,
  "memory_gb": 16.4555,
  "ttft_ms": 193.137,
  "throughput_tps": 34.9619,
  "prompt_tps": 2650.9685,
  "mlx_version": "0.31.2",
  "mlx_lm_version": "0.29.1",
  "platform": "macOS-26.4.1-arm64-arm-64bit-Mach-O",
  "status": "ok",
  "error": null,
  "article_id": 5,
  "run_label": "fp16",
  "benchmark_mode": "standard",
  "draft_model_repo": null,
  "draft_preset": "qwen-0.5b",
  "num_draft_tokens": null,
  "draft_accept_rate": null,
  "prefix_cache_cold_ttft_ms": null,
  "prefix_cache_warm_ttft_ms": null,
  "prefix_system_tokens": null,
  "workload": null,
  "schema_version": 1,
  "trials": {
    "ttft_ms": [
      193.13695887103677,
      189.40916704013944,
      193.60475009307265
    ],
    "throughput_tps": [
      34.96192951637951,
      34.551316345254435,
      35.20568883262275
    ],
    "memory_gb": [
      16.455534652,
      16.455534652,
      16.455534652
    ],
    "prompt_tps": [
      2650.9685302742987,
      2703.1426619995505,
      2644.5632132159126
    ]
  },
  "stats": {
    "ttft_ms": {
      "n": 3,
      "mean": 192.0503,
      "median": 193.137,
      "p50": 193.137,
      "p95": 193.558,
      "std": 1.8773,
      "min": 189.4092,
      "max": 193.6048
    },
    "throughput_tps": {
      "n": 3,
      "mean": 34.9063,
      "median": 34.9619,
      "p50": 34.9619,
      "p95": 35.1813,
      "std": 0.27,
      "min": 34.5513,
      "max": 35.2057
    },
    "memory_gb": {
      "n": 3,
      "mean": 16.4555,
      "median": 16.4555,
      "p50": 16.4555,
      "p95": 16.4555,
      "std": 0.0,
      "min": 16.4555,
      "max": 16.4555
    },
    "prompt_tps": {
      "n": 3,
      "mean": 2666.2248,
      "median": 2650.9685,
      "p50": 2650.9685,
      "p95": 2697.9252,
      "std": 26.2355,
      "min": 2644.5632,
      "max": 2703.1427
    }
  },
  "warmup_policy": {
    "warmup_trials": 1,
    "warmup_discarded": true,
    "measured_trials_field": "num_trials",
    "description": "One full generate before timed trials; trials use seed+trial."
  }
}
