{
  "timestamp": "2026-05-25T06:06:18.047988+00:00",
  "hardware": "Mac M5 Max",
  "model_preset": "llama3-8b",
  "configuration": "fp16",
  "weight_bits": 16,
  "optimizations": {
    "weight_bits": 16,
    "kv_cache": false,
    "prefill": false
  },
  "model_repo": "mlx-community/Meta-Llama-3.1-8B-Instruct-bf16",
  "kv_bits": null,
  "prefill_step_size": 512,
  "prompt_tokens": 512,
  "generation_tokens": 128,
  "num_trials": 3,
  "memory_gb": 16.4555,
  "ttft_ms": 188.5565,
  "throughput_tps": 35.1122,
  "prompt_tps": 2715.3665,
  "mlx_version": "0.31.2",
  "mlx_lm_version": "0.29.1",
  "platform": "macOS-26.4.1-arm64-arm-64bit-Mach-O",
  "status": "ok",
  "error": null,
  "article_id": 5,
  "run_label": "fp16",
  "benchmark_mode": "standard",
  "draft_model_repo": null,
  "draft_preset": "llama-3.2-1b",
  "num_draft_tokens": null,
  "draft_accept_rate": null,
  "prefix_cache_cold_ttft_ms": null,
  "prefix_cache_warm_ttft_ms": null,
  "prefix_system_tokens": null,
  "workload": null,
  "schema_version": 1,
  "trials": {
    "ttft_ms": [
      188.55650001205504,
      188.5892921127379,
      188.15195793285966
    ],
    "throughput_tps": [
      35.24008379022424,
      35.11216811844429,
      34.95203822701333
    ],
    "memory_gb": [
      16.455534652,
      16.455534652,
      16.455534652
    ],
    "prompt_tps": [
      2715.3664814910444,
      2714.89433076576,
      2721.204741237413
    ]
  },
  "stats": {
    "ttft_ms": {
      "n": 3,
      "mean": 188.4326,
      "median": 188.5565,
      "p50": 188.5565,
      "p95": 188.586,
      "std": 0.1989,
      "min": 188.152,
      "max": 188.5893
    },
    "throughput_tps": {
      "n": 3,
      "mean": 35.1014,
      "median": 35.1122,
      "p50": 35.1122,
      "p95": 35.2273,
      "std": 0.1178,
      "min": 34.952,
      "max": 35.2401
    },
    "memory_gb": {
      "n": 3,
      "mean": 16.4555,
      "median": 16.4555,
      "p50": 16.4555,
      "p95": 16.4555,
      "std": 0.0,
      "min": 16.4555,
      "max": 16.4555
    },
    "prompt_tps": {
      "n": 3,
      "mean": 2717.1552,
      "median": 2715.3665,
      "p50": 2715.3665,
      "p95": 2720.6209,
      "std": 2.8699,
      "min": 2714.8943,
      "max": 2721.2047
    }
  },
  "warmup_policy": {
    "warmup_trials": 1,
    "warmup_discarded": true,
    "measured_trials_field": "num_trials",
    "description": "One full generate before timed trials; trials use seed+trial."
  }
}
