{
  "timestamp": "2026-05-23T15:02:00.759145+00:00",
  "hardware": "Mac M5 Max",
  "model_preset": "llama3-8b",
  "configuration": "fp16+kv_cache",
  "weight_bits": 16,
  "optimizations": {
    "weight_bits": 16,
    "kv_cache": true,
    "prefill": false
  },
  "model_repo": "mlx-community/Meta-Llama-3.1-8B-Instruct-bf16",
  "kv_bits": 4,
  "prefill_step_size": 512,
  "prompt_tokens": 512,
  "generation_tokens": 128,
  "num_trials": 3,
  "memory_gb": 16.4555,
  "ttft_ms": 192.9981,
  "throughput_tps": 34.2635,
  "prompt_tps": 2652.8761,
  "mlx_version": "0.31.2",
  "mlx_lm_version": "0.29.1",
  "platform": "macOS-26.4.1-arm64-arm-64bit-Mach-O",
  "status": "ok",
  "error": null,
  "article_id": 5,
  "run_label": null,
  "benchmark_mode": "standard",
  "draft_model_repo": null,
  "draft_preset": "qwen-0.5b",
  "num_draft_tokens": null,
  "draft_accept_rate": null,
  "prefix_cache_cold_ttft_ms": null,
  "prefix_cache_warm_ttft_ms": null,
  "prefix_system_tokens": null,
  "workload": null,
  "schema_version": 1,
  "trials": {
    "ttft_ms": [
      191.5363329462707,
      193.73625004664066,
      192.99808307550848
    ],
    "throughput_tps": [
      34.306982314926536,
      34.06623004496002,
      34.26349005299246
    ],
    "memory_gb": [
      16.455534652,
      16.455534652,
      16.455534652
    ],
    "prompt_tps": [
      2673.122076236183,
      2642.7681958164235,
      2652.8760899645067
    ]
  },
  "stats": {
    "ttft_ms": {
      "n": 3,
      "mean": 192.7569,
      "median": 192.9981,
      "p50": 192.9981,
      "p95": 193.6624,
      "std": 0.9142,
      "min": 191.5363,
      "max": 193.7363
    },
    "throughput_tps": {
      "n": 3,
      "mean": 34.2122,
      "median": 34.2635,
      "p50": 34.2635,
      "p95": 34.3026,
      "std": 0.1048,
      "min": 34.0662,
      "max": 34.307
    },
    "memory_gb": {
      "n": 3,
      "mean": 16.4555,
      "median": 16.4555,
      "p50": 16.4555,
      "p95": 16.4555,
      "std": 0.0,
      "min": 16.4555,
      "max": 16.4555
    },
    "prompt_tps": {
      "n": 3,
      "mean": 2656.2555,
      "median": 2652.8761,
      "p50": 2652.8761,
      "p95": 2671.0975,
      "std": 12.6202,
      "min": 2642.7682,
      "max": 2673.1221
    }
  },
  "warmup_policy": {
    "warmup_trials": 1,
    "warmup_discarded": true,
    "measured_trials_field": "num_trials",
    "description": "One full generate before timed trials; trials use seed+trial."
  }
}
