{
  "timestamp": "2026-05-23T15:02:48.048405+00:00",
  "hardware": "Mac M5 Max",
  "model_preset": "llama3-8b",
  "configuration": "fp16+kv_cache+prefill",
  "weight_bits": 16,
  "optimizations": {
    "weight_bits": 16,
    "kv_cache": true,
    "prefill": true
  },
  "model_repo": "mlx-community/Meta-Llama-3.1-8B-Instruct-bf16",
  "kv_bits": 4,
  "prefill_step_size": 2048,
  "prompt_tokens": 512,
  "generation_tokens": 128,
  "num_trials": 3,
  "memory_gb": 16.4555,
  "ttft_ms": 191.8488,
  "throughput_tps": 34.3961,
  "prompt_tps": 2668.7684,
  "mlx_version": "0.31.2",
  "mlx_lm_version": "0.29.1",
  "platform": "macOS-26.4.1-arm64-arm-64bit-Mach-O",
  "status": "ok",
  "error": null,
  "article_id": 5,
  "run_label": null,
  "benchmark_mode": "standard",
  "draft_model_repo": null,
  "draft_preset": "qwen-0.5b",
  "num_draft_tokens": null,
  "draft_accept_rate": null,
  "prefix_cache_cold_ttft_ms": null,
  "prefix_cache_warm_ttft_ms": null,
  "prefix_system_tokens": null,
  "workload": null,
  "schema_version": 1,
  "trials": {
    "ttft_ms": [
      197.7247081231326,
      191.84879190288487,
      191.7279581539333
    ],
    "throughput_tps": [
      33.56195668122983,
      34.39609504691386,
      34.40165708387099
    ],
    "memory_gb": [
      16.455534652,
      16.455534652,
      16.455534652
    ],
    "prompt_tps": [
      2589.458873704106,
      2668.7684343572923,
      2670.450386734567
    ]
  },
  "stats": {
    "ttft_ms": {
      "n": 3,
      "mean": 193.7672,
      "median": 191.8488,
      "p50": 191.8488,
      "p95": 197.1371,
      "std": 2.7988,
      "min": 191.728,
      "max": 197.7247
    },
    "throughput_tps": {
      "n": 3,
      "mean": 34.1199,
      "median": 34.3961,
      "p50": 34.3961,
      "p95": 34.4011,
      "std": 0.3945,
      "min": 33.562,
      "max": 34.4017
    },
    "memory_gb": {
      "n": 3,
      "mean": 16.4555,
      "median": 16.4555,
      "p50": 16.4555,
      "p95": 16.4555,
      "std": 0.0,
      "min": 16.4555,
      "max": 16.4555
    },
    "prompt_tps": {
      "n": 3,
      "mean": 2642.8926,
      "median": 2668.7684,
      "p50": 2668.7684,
      "p95": 2670.2822,
      "std": 37.7896,
      "min": 2589.4589,
      "max": 2670.4504
    }
  },
  "warmup_policy": {
    "warmup_trials": 1,
    "warmup_discarded": true,
    "measured_trials_field": "num_trials",
    "description": "One full generate before timed trials; trials use seed+trial."
  }
}
