{
  "timestamp": "2026-05-25T05:32:49.040427+00:00",
  "hardware": "Mac M5 Max",
  "model_preset": "llama3-8b",
  "configuration": "fp16+kv_cache+prefill",
  "weight_bits": 16,
  "optimizations": {
    "weight_bits": 16,
    "kv_cache": true,
    "prefill": true
  },
  "model_repo": "mlx-community/Meta-Llama-3.1-8B-Instruct-bf16",
  "kv_bits": 4,
  "prefill_step_size": 2048,
  "prompt_tokens": 512,
  "generation_tokens": 128,
  "num_trials": 3,
  "memory_gb": 16.4555,
  "ttft_ms": 191.7402,
  "throughput_tps": 34.3872,
  "prompt_tps": 2670.2792,
  "mlx_version": "0.31.2",
  "mlx_lm_version": "0.29.1",
  "platform": "macOS-26.4.1-arm64-arm-64bit-Mach-O",
  "status": "ok",
  "error": null,
  "article_id": 5,
  "run_label": null,
  "benchmark_mode": "standard",
  "draft_model_repo": null,
  "draft_preset": "llama-3.2-1b",
  "num_draft_tokens": null,
  "draft_accept_rate": null,
  "prefix_cache_cold_ttft_ms": null,
  "prefix_cache_warm_ttft_ms": null,
  "prefix_system_tokens": null,
  "workload": null,
  "schema_version": 1,
  "trials": {
    "ttft_ms": [
      191.05845806188879,
      191.74024998210373,
      192.6842499524355
    ],
    "throughput_tps": [
      34.387153700372586,
      34.27598311807192,
      34.52926623164007
    ],
    "memory_gb": [
      16.455534652,
      16.455534652,
      16.455534652
    ],
    "prompt_tps": [
      2679.808081745064,
      2670.2791930634703,
      2657.196943322499
    ]
  },
  "stats": {
    "ttft_ms": {
      "n": 3,
      "mean": 191.8277,
      "median": 191.7402,
      "p50": 191.7402,
      "p95": 192.5898,
      "std": 0.6666,
      "min": 191.0585,
      "max": 192.6842
    },
    "throughput_tps": {
      "n": 3,
      "mean": 34.3975,
      "median": 34.3872,
      "p50": 34.3872,
      "p95": 34.5151,
      "std": 0.1037,
      "min": 34.276,
      "max": 34.5293
    },
    "memory_gb": {
      "n": 3,
      "mean": 16.4555,
      "median": 16.4555,
      "p50": 16.4555,
      "p95": 16.4555,
      "std": 0.0,
      "min": 16.4555,
      "max": 16.4555
    },
    "prompt_tps": {
      "n": 3,
      "mean": 2669.0947,
      "median": 2670.2792,
      "p50": 2670.2792,
      "p95": 2678.8552,
      "std": 9.2689,
      "min": 2657.1969,
      "max": 2679.8081
    }
  },
  "warmup_policy": {
    "warmup_trials": 1,
    "warmup_discarded": true,
    "measured_trials_field": "num_trials",
    "description": "One full generate before timed trials; trials use seed+trial."
  }
}
