{
  "timestamp": "2026-05-25T05:32:25.332084+00:00",
  "hardware": "Mac M5 Max",
  "model_preset": "llama3-8b",
  "configuration": "fp16+prefill",
  "weight_bits": 16,
  "optimizations": {
    "weight_bits": 16,
    "kv_cache": false,
    "prefill": true
  },
  "model_repo": "mlx-community/Meta-Llama-3.1-8B-Instruct-bf16",
  "kv_bits": null,
  "prefill_step_size": 2048,
  "prompt_tokens": 512,
  "generation_tokens": 128,
  "num_trials": 3,
  "memory_gb": 16.4555,
  "ttft_ms": 190.0089,
  "throughput_tps": 35.1451,
  "prompt_tps": 2694.6104,
  "mlx_version": "0.31.2",
  "mlx_lm_version": "0.29.1",
  "platform": "macOS-26.4.1-arm64-arm-64bit-Mach-O",
  "status": "ok",
  "error": null,
  "article_id": 5,
  "run_label": null,
  "benchmark_mode": "standard",
  "draft_model_repo": null,
  "draft_preset": "llama-3.2-1b",
  "num_draft_tokens": null,
  "draft_accept_rate": null,
  "prefix_cache_cold_ttft_ms": null,
  "prefix_cache_warm_ttft_ms": null,
  "prefix_system_tokens": null,
  "workload": null,
  "schema_version": 1,
  "trials": {
    "ttft_ms": [
      189.848291920498,
      190.32954215072098,
      190.00891712494195
    ],
    "throughput_tps": [
      35.20288539327709,
      35.063669494180616,
      35.145122353580696
    ],
    "memory_gb": [
      16.455534652,
      16.455534652,
      16.455534652
    ],
    "prompt_tps": [
      2696.8902107078643,
      2690.0710957132965,
      2694.610378013628
    ]
  },
  "stats": {
    "ttft_ms": {
      "n": 3,
      "mean": 190.0623,
      "median": 190.0089,
      "p50": 190.0089,
      "p95": 190.2975,
      "std": 0.2001,
      "min": 189.8483,
      "max": 190.3295
    },
    "throughput_tps": {
      "n": 3,
      "mean": 35.1372,
      "median": 35.1451,
      "p50": 35.1451,
      "p95": 35.1971,
      "std": 0.0571,
      "min": 35.0637,
      "max": 35.2029
    },
    "memory_gb": {
      "n": 3,
      "mean": 16.4555,
      "median": 16.4555,
      "p50": 16.4555,
      "p95": 16.4555,
      "std": 0.0,
      "min": 16.4555,
      "max": 16.4555
    },
    "prompt_tps": {
      "n": 3,
      "mean": 2693.8572,
      "median": 2694.6104,
      "p50": 2694.6104,
      "p95": 2696.6622,
      "std": 2.8344,
      "min": 2690.0711,
      "max": 2696.8902
    }
  },
  "warmup_policy": {
    "warmup_trials": 1,
    "warmup_discarded": true,
    "measured_trials_field": "num_trials",
    "description": "One full generate before timed trials; trials use seed+trial."
  }
}
