{
  "timestamp": "2026-05-23T15:36:49.630729+00:00",
  "hardware": "Mac M5 Max",
  "model_preset": "llama3-8b",
  "configuration": "w4+kv_cache+prefill",
  "weight_bits": 4,
  "optimizations": {
    "weight_bits": 4,
    "kv_cache": true,
    "prefill": true
  },
  "model_repo": "mlx-community/Meta-Llama-3.1-8B-Instruct-4bit",
  "kv_bits": 4,
  "prefill_step_size": 2048,
  "prompt_tokens": 512,
  "generation_tokens": 128,
  "num_trials": 3,
  "memory_gb": 5.1148,
  "ttft_ms": 193.5506,
  "throughput_tps": 105.5405,
  "prompt_tps": 2645.3033,
  "mlx_version": "0.31.2",
  "mlx_lm_version": "0.29.1",
  "platform": "macOS-26.4.1-arm64-arm-64bit-Mach-O",
  "status": "ok",
  "error": null,
  "article_id": 5,
  "run_label": "optimized",
  "benchmark_mode": "standard",
  "draft_model_repo": null,
  "draft_preset": "qwen-0.5b",
  "num_draft_tokens": null,
  "draft_accept_rate": null,
  "prefix_cache_cold_ttft_ms": null,
  "prefix_cache_warm_ttft_ms": null,
  "prefix_system_tokens": null,
  "workload": null,
  "schema_version": 1,
  "trials": {
    "ttft_ms": [
      172.11262485943735,
      201.51933399029076,
      193.55058390647173
    ],
    "throughput_tps": [
      105.2455160286596,
      105.54046197523705,
      105.62695632993696
    ],
    "memory_gb": [
      5.11480844,
      5.11480844,
      5.11480844
    ],
    "prompt_tps": [
      2974.796302236081,
      2540.699147133288,
      2645.303308655533
    ]
  },
  "stats": {
    "ttft_ms": {
      "n": 3,
      "mean": 189.0608,
      "median": 193.5506,
      "p50": 193.5506,
      "p95": 200.7225,
      "std": 12.4179,
      "min": 172.1126,
      "max": 201.5193
    },
    "throughput_tps": {
      "n": 3,
      "mean": 105.471,
      "median": 105.5405,
      "p50": 105.5405,
      "p95": 105.6183,
      "std": 0.1633,
      "min": 105.2455,
      "max": 105.627
    },
    "memory_gb": {
      "n": 3,
      "mean": 5.1148,
      "median": 5.1148,
      "p50": 5.1148,
      "p95": 5.1148,
      "std": 0.0,
      "min": 5.1148,
      "max": 5.1148
    },
    "prompt_tps": {
      "n": 3,
      "mean": 2720.2663,
      "median": 2645.3033,
      "p50": 2645.3033,
      "p95": 2941.847,
      "std": 184.9769,
      "min": 2540.6991,
      "max": 2974.7963
    }
  },
  "warmup_policy": {
    "warmup_trials": 1,
    "warmup_discarded": true,
    "measured_trials_field": "num_trials",
    "description": "One full generate before timed trials; trials use seed+trial."
  }
}
