{
  "timestamp": "2026-05-25T06:06:30.616327+00:00",
  "hardware": "Mac M5 Max",
  "model_preset": "llama3-8b",
  "configuration": "w4+kv_cache+prefill",
  "weight_bits": 4,
  "optimizations": {
    "weight_bits": 4,
    "kv_cache": true,
    "prefill": true
  },
  "model_repo": "mlx-community/Meta-Llama-3.1-8B-Instruct-4bit",
  "kv_bits": 4,
  "prefill_step_size": 2048,
  "prompt_tokens": 512,
  "generation_tokens": 128,
  "num_trials": 3,
  "memory_gb": 5.1148,
  "ttft_ms": 164.9246,
  "throughput_tps": 107.699,
  "prompt_tps": 3104.4492,
  "mlx_version": "0.31.2",
  "mlx_lm_version": "0.29.1",
  "platform": "macOS-26.4.1-arm64-arm-64bit-Mach-O",
  "status": "ok",
  "error": null,
  "article_id": 5,
  "run_label": "optimized",
  "benchmark_mode": "standard",
  "draft_model_repo": null,
  "draft_preset": "llama-3.2-1b",
  "num_draft_tokens": null,
  "draft_accept_rate": null,
  "prefix_cache_cold_ttft_ms": null,
  "prefix_cache_warm_ttft_ms": null,
  "prefix_system_tokens": null,
  "workload": null,
  "schema_version": 1,
  "trials": {
    "ttft_ms": [
      164.92458386346698,
      164.5120419561863,
      170.41875002905726
    ],
    "throughput_tps": [
      107.63276039467334,
      108.26392037597192,
      107.69896119638982
    ],
    "memory_gb": [
      5.11480844,
      5.11480844,
      5.11480844
    ],
    "prompt_tps": [
      3104.449245867795,
      3112.2341800143636,
      3004.364249313537
    ]
  },
  "stats": {
    "ttft_ms": {
      "n": 3,
      "mean": 166.6185,
      "median": 164.9246,
      "p50": 164.9246,
      "p95": 169.8693,
      "std": 2.6925,
      "min": 164.512,
      "max": 170.4188
    },
    "throughput_tps": {
      "n": 3,
      "mean": 107.8652,
      "median": 107.699,
      "p50": 107.699,
      "p95": 108.2074,
      "std": 0.2832,
      "min": 107.6328,
      "max": 108.2639
    },
    "memory_gb": {
      "n": 3,
      "mean": 5.1148,
      "median": 5.1148,
      "p50": 5.1148,
      "p95": 5.1148,
      "std": 0.0,
      "min": 5.1148,
      "max": 5.1148
    },
    "prompt_tps": {
      "n": 3,
      "mean": 3073.6826,
      "median": 3104.4492,
      "p50": 3104.4492,
      "p95": 3111.4557,
      "std": 49.1184,
      "min": 3004.3642,
      "max": 3112.2342
    }
  },
  "warmup_policy": {
    "warmup_trials": 1,
    "warmup_discarded": true,
    "measured_trials_field": "num_trials",
    "description": "One full generate before timed trials; trials use seed+trial."
  }
}
