{
  "timestamp": "2026-05-25T05:35:24.779122+00:00",
  "hardware": "Mac M5 Max",
  "model_preset": "llama3-8b",
  "configuration": "w2+kv_cache+prefill",
  "weight_bits": 2,
  "optimizations": {
    "weight_bits": 2,
    "kv_cache": true,
    "prefill": true
  },
  "model_repo": "mlx-community/Llama-3-8B-Instruct-262k-2bit",
  "kv_bits": 4,
  "prefill_step_size": 2048,
  "prompt_tokens": 512,
  "generation_tokens": 128,
  "num_trials": 3,
  "memory_gb": 3.2635,
  "ttft_ms": 156.6091,
  "throughput_tps": 161.497,
  "prompt_tps": 3269.2859,
  "mlx_version": "0.31.2",
  "mlx_lm_version": "0.29.1",
  "platform": "macOS-26.4.1-arm64-arm-64bit-Mach-O",
  "status": "ok",
  "error": null,
  "article_id": 5,
  "run_label": null,
  "benchmark_mode": "standard",
  "draft_model_repo": null,
  "draft_preset": "llama-3.2-1b",
  "num_draft_tokens": null,
  "draft_accept_rate": null,
  "prefix_cache_cold_ttft_ms": null,
  "prefix_cache_warm_ttft_ms": null,
  "prefix_system_tokens": null,
  "workload": null,
  "schema_version": 1,
  "trials": {
    "ttft_ms": [
      159.09962495788932,
      156.55766613781452,
      156.60912496969104
    ],
    "throughput_tps": [
      161.94827128800497,
      161.49703551524138,
      160.75396949870094
    ],
    "memory_gb": [
      3.26347382,
      3.26347382,
      3.26347382
    ],
    "prompt_tps": [
      3218.109408714928,
      3270.3604533124353,
      3269.2858739814087
    ]
  },
  "stats": {
    "ttft_ms": {
      "n": 3,
      "mean": 157.4221,
      "median": 156.6091,
      "p50": 156.6091,
      "p95": 158.8506,
      "std": 1.1863,
      "min": 156.5577,
      "max": 159.0996
    },
    "throughput_tps": {
      "n": 3,
      "mean": 161.3998,
      "median": 161.497,
      "p50": 161.497,
      "p95": 161.9031,
      "std": 0.4924,
      "min": 160.754,
      "max": 161.9483
    },
    "memory_gb": {
      "n": 3,
      "mean": 3.2635,
      "median": 3.2635,
      "p50": 3.2635,
      "p95": 3.2635,
      "std": 0.0,
      "min": 3.2635,
      "max": 3.2635
    },
    "prompt_tps": {
      "n": 3,
      "mean": 3252.5852,
      "median": 3269.2859,
      "p50": 3269.2859,
      "p95": 3270.253,
      "std": 24.382,
      "min": 3218.1094,
      "max": 3270.3605
    }
  },
  "warmup_policy": {
    "warmup_trials": 1,
    "warmup_discarded": true,
    "measured_trials_field": "num_trials",
    "description": "One full generate before timed trials; trials use seed+trial."
  }
}
