{
  "timestamp": "2026-05-25T05:35:03.817842+00:00",
  "hardware": "Mac M5 Max",
  "model_preset": "llama3-8b",
  "configuration": "w2+kv_cache",
  "weight_bits": 2,
  "optimizations": {
    "weight_bits": 2,
    "kv_cache": true,
    "prefill": false
  },
  "model_repo": "mlx-community/Llama-3-8B-Instruct-262k-2bit",
  "kv_bits": 4,
  "prefill_step_size": 512,
  "prompt_tokens": 512,
  "generation_tokens": 128,
  "num_trials": 3,
  "memory_gb": 3.2635,
  "ttft_ms": 156.7272,
  "throughput_tps": 162.2952,
  "prompt_tps": 3266.8236,
  "mlx_version": "0.31.2",
  "mlx_lm_version": "0.29.1",
  "platform": "macOS-26.4.1-arm64-arm-64bit-Mach-O",
  "status": "ok",
  "error": null,
  "article_id": 5,
  "run_label": null,
  "benchmark_mode": "standard",
  "draft_model_repo": null,
  "draft_preset": "llama-3.2-1b",
  "num_draft_tokens": null,
  "draft_accept_rate": null,
  "prefix_cache_cold_ttft_ms": null,
  "prefix_cache_warm_ttft_ms": null,
  "prefix_system_tokens": null,
  "workload": null,
  "schema_version": 1,
  "trials": {
    "ttft_ms": [
      157.2265001013875,
      156.32691700011492,
      156.72716684639454
    ],
    "throughput_tps": [
      162.29517495389382,
      162.0465722411876,
      162.42576961584984
    ],
    "memory_gb": [
      3.26347382,
      3.26347382,
      3.26347382
    ],
    "prompt_tps": [
      3256.448497357868,
      3275.1877272653155,
      3266.8235526888707
    ]
  },
  "stats": {
    "ttft_ms": {
      "n": 3,
      "mean": 156.7602,
      "median": 156.7272,
      "p50": 156.7272,
      "p95": 157.1766,
      "std": 0.368,
      "min": 156.3269,
      "max": 157.2265
    },
    "throughput_tps": {
      "n": 3,
      "mean": 162.2558,
      "median": 162.2952,
      "p50": 162.2952,
      "p95": 162.4127,
      "std": 0.1573,
      "min": 162.0466,
      "max": 162.4258
    },
    "memory_gb": {
      "n": 3,
      "mean": 3.2635,
      "median": 3.2635,
      "p50": 3.2635,
      "p95": 3.2635,
      "std": 0.0,
      "min": 3.2635,
      "max": 3.2635
    },
    "prompt_tps": {
      "n": 3,
      "mean": 3266.1533,
      "median": 3266.8236,
      "p50": 3266.8236,
      "p95": 3274.3513,
      "std": 7.6649,
      "min": 3256.4485,
      "max": 3275.1877
    }
  },
  "warmup_policy": {
    "warmup_trials": 1,
    "warmup_discarded": true,
    "measured_trials_field": "num_trials",
    "description": "One full generate before timed trials; trials use seed+trial."
  }
}
