{
  "timestamp": "2026-05-23T15:05:02.872499+00:00",
  "hardware": "Mac M5 Max",
  "model_preset": "llama3-8b",
  "configuration": "w2+kv_cache",
  "weight_bits": 2,
  "optimizations": {
    "weight_bits": 2,
    "kv_cache": true,
    "prefill": false
  },
  "model_repo": "mlx-community/Llama-3-8B-Instruct-262k-2bit",
  "kv_bits": 4,
  "prefill_step_size": 512,
  "prompt_tokens": 512,
  "generation_tokens": 128,
  "num_trials": 3,
  "memory_gb": 3.2635,
  "ttft_ms": 156.9228,
  "throughput_tps": 162.1769,
  "prompt_tps": 3262.751,
  "mlx_version": "0.31.2",
  "mlx_lm_version": "0.29.1",
  "platform": "macOS-26.4.1-arm64-arm-64bit-Mach-O",
  "status": "ok",
  "error": null,
  "article_id": 5,
  "run_label": null,
  "benchmark_mode": "standard",
  "draft_model_repo": null,
  "draft_preset": "qwen-0.5b",
  "num_draft_tokens": null,
  "draft_accept_rate": null,
  "prefix_cache_cold_ttft_ms": null,
  "prefix_cache_warm_ttft_ms": null,
  "prefix_system_tokens": null,
  "workload": null,
  "schema_version": 1,
  "trials": {
    "ttft_ms": [
      158.46437495201826,
      155.82320815883577,
      156.92279092036188
    ],
    "throughput_tps": [
      162.7486208009917,
      162.05439394792597,
      162.17687833672412
    ],
    "memory_gb": [
      3.26347382,
      3.26347382,
      3.26347382
    ],
    "prompt_tps": [
      3231.010125493692,
      3285.774988524825,
      3262.7510446193846
    ]
  },
  "stats": {
    "ttft_ms": {
      "n": 3,
      "mean": 157.0701,
      "median": 156.9228,
      "p50": 156.9228,
      "p95": 158.3102,
      "std": 1.0833,
      "min": 155.8232,
      "max": 158.4644
    },
    "throughput_tps": {
      "n": 3,
      "mean": 162.3266,
      "median": 162.1769,
      "p50": 162.1769,
      "p95": 162.6914,
      "std": 0.3026,
      "min": 162.0544,
      "max": 162.7486
    },
    "memory_gb": {
      "n": 3,
      "mean": 3.2635,
      "median": 3.2635,
      "p50": 3.2635,
      "p95": 3.2635,
      "std": 0.0,
      "min": 3.2635,
      "max": 3.2635
    },
    "prompt_tps": {
      "n": 3,
      "mean": 3259.8454,
      "median": 3262.751,
      "p50": 3262.751,
      "p95": 3283.4726,
      "std": 22.4519,
      "min": 3231.0101,
      "max": 3285.775
    }
  },
  "warmup_policy": {
    "warmup_trials": 1,
    "warmup_discarded": true,
    "measured_trials_field": "num_trials",
    "description": "One full generate before timed trials; trials use seed+trial."
  }
}
