{
  "timestamp": "2026-05-23T15:05:23.918470+00:00",
  "hardware": "Mac M5 Max",
  "model_preset": "llama3-8b",
  "configuration": "w2+kv_cache+prefill",
  "weight_bits": 2,
  "optimizations": {
    "weight_bits": 2,
    "kv_cache": true,
    "prefill": true
  },
  "model_repo": "mlx-community/Llama-3-8B-Instruct-262k-2bit",
  "kv_bits": 4,
  "prefill_step_size": 2048,
  "prompt_tokens": 512,
  "generation_tokens": 128,
  "num_trials": 3,
  "memory_gb": 3.2635,
  "ttft_ms": 157.9093,
  "throughput_tps": 161.7463,
  "prompt_tps": 3242.3678,
  "mlx_version": "0.31.2",
  "mlx_lm_version": "0.29.1",
  "platform": "macOS-26.4.1-arm64-arm-64bit-Mach-O",
  "status": "ok",
  "error": null,
  "article_id": 5,
  "run_label": null,
  "benchmark_mode": "standard",
  "draft_model_repo": null,
  "draft_preset": "qwen-0.5b",
  "num_draft_tokens": null,
  "draft_accept_rate": null,
  "prefix_cache_cold_ttft_ms": null,
  "prefix_cache_warm_ttft_ms": null,
  "prefix_system_tokens": null,
  "workload": null,
  "schema_version": 1,
  "trials": {
    "ttft_ms": [
      157.90929202921689,
      156.6938750911504,
      160.77629197388887
    ],
    "throughput_tps": [
      161.74628692670348,
      162.3476311872727,
      161.72064864088006
    ],
    "memory_gb": [
      3.26347382,
      3.26347382,
      3.26347382
    ],
    "prompt_tps": [
      3242.3677759587963,
      3267.5176339991876,
      3184.5491254590706
    ]
  },
  "stats": {
    "ttft_ms": {
      "n": 3,
      "mean": 158.4598,
      "median": 157.9093,
      "p50": 157.9093,
      "p95": 160.4896,
      "std": 1.7115,
      "min": 156.6939,
      "max": 160.7763
    },
    "throughput_tps": {
      "n": 3,
      "mean": 161.9382,
      "median": 161.7463,
      "p50": 161.7463,
      "p95": 162.2875,
      "std": 0.2897,
      "min": 161.7206,
      "max": 162.3476
    },
    "memory_gb": {
      "n": 3,
      "mean": 3.2635,
      "median": 3.2635,
      "p50": 3.2635,
      "p95": 3.2635,
      "std": 0.0,
      "min": 3.2635,
      "max": 3.2635
    },
    "prompt_tps": {
      "n": 3,
      "mean": 3231.4782,
      "median": 3242.3678,
      "p50": 3242.3678,
      "p95": 3265.0026,
      "std": 34.736,
      "min": 3184.5491,
      "max": 3267.5176
    }
  },
  "warmup_policy": {
    "warmup_trials": 1,
    "warmup_discarded": true,
    "measured_trials_field": "num_trials",
    "description": "One full generate before timed trials; trials use seed+trial."
  }
}
