{
  "timestamp": "2026-05-23T15:05:13.283783+00:00",
  "hardware": "Mac M5 Max",
  "model_preset": "llama3-8b",
  "configuration": "w2+prefill",
  "weight_bits": 2,
  "optimizations": {
    "weight_bits": 2,
    "kv_cache": false,
    "prefill": true
  },
  "model_repo": "mlx-community/Llama-3-8B-Instruct-262k-2bit",
  "kv_bits": null,
  "prefill_step_size": 2048,
  "prompt_tokens": 512,
  "generation_tokens": 128,
  "num_trials": 3,
  "memory_gb": 3.2635,
  "ttft_ms": 152.3449,
  "throughput_tps": 177.188,
  "prompt_tps": 3360.7948,
  "mlx_version": "0.31.2",
  "mlx_lm_version": "0.29.1",
  "platform": "macOS-26.4.1-arm64-arm-64bit-Mach-O",
  "status": "ok",
  "error": null,
  "article_id": 5,
  "run_label": null,
  "benchmark_mode": "standard",
  "draft_model_repo": null,
  "draft_preset": "qwen-0.5b",
  "num_draft_tokens": null,
  "draft_accept_rate": null,
  "prefix_cache_cold_ttft_ms": null,
  "prefix_cache_warm_ttft_ms": null,
  "prefix_system_tokens": null,
  "workload": null,
  "schema_version": 1,
  "trials": {
    "ttft_ms": [
      151.4469999819994,
      152.49037509784102,
      152.34491601586342
    ],
    "throughput_tps": [
      177.18804308151093,
      175.8792487574592,
      177.32345808155748
    ],
    "memory_gb": [
      3.26347382,
      3.26347382,
      3.26347382
    ],
    "prompt_tps": [
      3380.7206485493607,
      3357.588960427765,
      3360.7947898089774
    ]
  },
  "stats": {
    "ttft_ms": {
      "n": 3,
      "mean": 152.0941,
      "median": 152.3449,
      "p50": 152.3449,
      "p95": 152.4758,
      "std": 0.4614,
      "min": 151.447,
      "max": 152.4904
    },
    "throughput_tps": {
      "n": 3,
      "mean": 176.7969,
      "median": 177.188,
      "p50": 177.188,
      "p95": 177.3099,
      "std": 0.6512,
      "min": 175.8792,
      "max": 177.3235
    },
    "memory_gb": {
      "n": 3,
      "mean": 3.2635,
      "median": 3.2635,
      "p50": 3.2635,
      "p95": 3.2635,
      "std": 0.0,
      "min": 3.2635,
      "max": 3.2635
    },
    "prompt_tps": {
      "n": 3,
      "mean": 3366.3681,
      "median": 3360.7948,
      "p50": 3360.7948,
      "p95": 3378.7281,
      "std": 10.2328,
      "min": 3357.589,
      "max": 3380.7206
    }
  },
  "warmup_policy": {
    "warmup_trials": 1,
    "warmup_discarded": true,
    "measured_trials_field": "num_trials",
    "description": "One full generate before timed trials; trials use seed+trial."
  }
}
