{
  "timestamp": "2026-05-25T05:35:14.182222+00:00",
  "hardware": "Mac M5 Max",
  "model_preset": "llama3-8b",
  "configuration": "w2+prefill",
  "weight_bits": 2,
  "optimizations": {
    "weight_bits": 2,
    "kv_cache": false,
    "prefill": true
  },
  "model_repo": "mlx-community/Llama-3-8B-Instruct-262k-2bit",
  "kv_bits": null,
  "prefill_step_size": 2048,
  "prompt_tokens": 512,
  "generation_tokens": 128,
  "num_trials": 3,
  "memory_gb": 3.2635,
  "ttft_ms": 154.3126,
  "throughput_tps": 177.4973,
  "prompt_tps": 3317.9407,
  "mlx_version": "0.31.2",
  "mlx_lm_version": "0.29.1",
  "platform": "macOS-26.4.1-arm64-arm-64bit-Mach-O",
  "status": "ok",
  "error": null,
  "article_id": 5,
  "run_label": null,
  "benchmark_mode": "standard",
  "draft_model_repo": null,
  "draft_preset": "llama-3.2-1b",
  "num_draft_tokens": null,
  "draft_accept_rate": null,
  "prefix_cache_cold_ttft_ms": null,
  "prefix_cache_warm_ttft_ms": null,
  "prefix_system_tokens": null,
  "workload": null,
  "schema_version": 1,
  "trials": {
    "ttft_ms": [
      151.14362491294742,
      154.51379190199077,
      154.31258315220475
    ],
    "throughput_tps": [
      178.13247591996796,
      177.4972950821873,
      177.30493385016064
    ],
    "memory_gb": [
      3.26347382,
      3.26347382,
      3.26347382
    ],
    "prompt_tps": [
      3387.5064217554077,
      3313.6200574558766,
      3317.9406989447752
    ]
  },
  "stats": {
    "ttft_ms": {
      "n": 3,
      "mean": 153.3233,
      "median": 154.3126,
      "p50": 154.3126,
      "p95": 154.4937,
      "std": 1.5435,
      "min": 151.1436,
      "max": 154.5138
    },
    "throughput_tps": {
      "n": 3,
      "mean": 177.6449,
      "median": 177.4973,
      "p50": 177.4973,
      "p95": 178.069,
      "std": 0.3536,
      "min": 177.3049,
      "max": 178.1325
    },
    "memory_gb": {
      "n": 3,
      "mean": 3.2635,
      "median": 3.2635,
      "p50": 3.2635,
      "p95": 3.2635,
      "std": 0.0,
      "min": 3.2635,
      "max": 3.2635
    },
    "prompt_tps": {
      "n": 3,
      "mean": 3339.6891,
      "median": 3317.9407,
      "p50": 3317.9407,
      "p95": 3380.5498,
      "std": 33.858,
      "min": 3313.6201,
      "max": 3387.5064
    }
  },
  "warmup_policy": {
    "warmup_trials": 1,
    "warmup_discarded": true,
    "measured_trials_field": "num_trials",
    "description": "One full generate before timed trials; trials use seed+trial."
  }
}
