{
  "timestamp": "2026-05-25T05:34:53.207506+00:00",
  "hardware": "Mac M5 Max",
  "model_preset": "llama3-8b",
  "configuration": "w2",
  "weight_bits": 2,
  "optimizations": {
    "weight_bits": 2,
    "kv_cache": false,
    "prefill": false
  },
  "model_repo": "mlx-community/Llama-3-8B-Instruct-262k-2bit",
  "kv_bits": null,
  "prefill_step_size": 512,
  "prompt_tokens": 512,
  "generation_tokens": 128,
  "num_trials": 3,
  "memory_gb": 3.2635,
  "ttft_ms": 151.9894,
  "throughput_tps": 178.0065,
  "prompt_tps": 3368.6565,
  "mlx_version": "0.31.2",
  "mlx_lm_version": "0.29.1",
  "platform": "macOS-26.4.1-arm64-arm-64bit-Mach-O",
  "status": "ok",
  "error": null,
  "article_id": 5,
  "run_label": null,
  "benchmark_mode": "standard",
  "draft_model_repo": null,
  "draft_preset": "llama-3.2-1b",
  "num_draft_tokens": null,
  "draft_accept_rate": null,
  "prefix_cache_cold_ttft_ms": null,
  "prefix_cache_warm_ttft_ms": null,
  "prefix_system_tokens": null,
  "workload": null,
  "schema_version": 1,
  "trials": {
    "ttft_ms": [
      151.98937500827014,
      151.5750838443637,
      152.33279205858707
    ],
    "throughput_tps": [
      178.0294812867714,
      178.00648718135724,
      177.36845474437712
    ],
    "memory_gb": [
      3.26347382,
      3.26347382,
      3.26347382
    ],
    "prompt_tps": [
      3368.6565259719023,
      3377.8638745515605,
      3361.0622708411015
    ]
  },
  "stats": {
    "ttft_ms": {
      "n": 3,
      "mean": 151.9658,
      "median": 151.9894,
      "p50": 151.9894,
      "p95": 152.2985,
      "std": 0.3098,
      "min": 151.5751,
      "max": 152.3328
    },
    "throughput_tps": {
      "n": 3,
      "mean": 177.8015,
      "median": 178.0065,
      "p50": 178.0065,
      "p95": 178.0272,
      "std": 0.3063,
      "min": 177.3685,
      "max": 178.0295
    },
    "memory_gb": {
      "n": 3,
      "mean": 3.2635,
      "median": 3.2635,
      "p50": 3.2635,
      "p95": 3.2635,
      "std": 0.0,
      "min": 3.2635,
      "max": 3.2635
    },
    "prompt_tps": {
      "n": 3,
      "mean": 3369.1942,
      "median": 3368.6565,
      "p50": 3368.6565,
      "p95": 3376.9431,
      "std": 6.8698,
      "min": 3361.0623,
      "max": 3377.8639
    }
  },
  "warmup_policy": {
    "warmup_trials": 1,
    "warmup_discarded": true,
    "measured_trials_field": "num_trials",
    "description": "One full generate before timed trials; trials use seed+trial."
  }
}
