{
  "timestamp": "2026-05-23T15:04:52.197202+00:00",
  "hardware": "Mac M5 Max",
  "model_preset": "llama3-8b",
  "configuration": "w2",
  "weight_bits": 2,
  "optimizations": {
    "weight_bits": 2,
    "kv_cache": false,
    "prefill": false
  },
  "model_repo": "mlx-community/Llama-3-8B-Instruct-262k-2bit",
  "kv_bits": null,
  "prefill_step_size": 512,
  "prompt_tokens": 512,
  "generation_tokens": 128,
  "num_trials": 3,
  "memory_gb": 3.2635,
  "ttft_ms": 152.2841,
  "throughput_tps": 177.8032,
  "prompt_tps": 3362.1373,
  "mlx_version": "0.31.2",
  "mlx_lm_version": "0.29.1",
  "platform": "macOS-26.4.1-arm64-arm-64bit-Mach-O",
  "status": "ok",
  "error": null,
  "article_id": 5,
  "run_label": null,
  "benchmark_mode": "standard",
  "draft_model_repo": null,
  "draft_preset": "qwen-0.5b",
  "num_draft_tokens": null,
  "draft_accept_rate": null,
  "prefix_cache_cold_ttft_ms": null,
  "prefix_cache_warm_ttft_ms": null,
  "prefix_system_tokens": null,
  "workload": null,
  "schema_version": 1,
  "trials": {
    "ttft_ms": [
      152.2840829566121,
      152.19774981960654,
      153.78945809789002
    ],
    "throughput_tps": [
      177.81064385193318,
      177.38019166152438,
      177.80322389434943
    ],
    "memory_gb": [
      3.26347382,
      3.26347382,
      3.26347382
    ],
    "prompt_tps": [
      3362.1373295190415,
      3364.044479020561,
      3329.2268945645283
    ]
  },
  "stats": {
    "ttft_ms": {
      "n": 3,
      "mean": 152.7571,
      "median": 152.2841,
      "p50": 152.2841,
      "p95": 153.6389,
      "std": 0.7308,
      "min": 152.1977,
      "max": 153.7895
    },
    "throughput_tps": {
      "n": 3,
      "mean": 177.6647,
      "median": 177.8032,
      "p50": 177.8032,
      "p95": 177.8099,
      "std": 0.2012,
      "min": 177.3802,
      "max": 177.8106
    },
    "memory_gb": {
      "n": 3,
      "mean": 3.2635,
      "median": 3.2635,
      "p50": 3.2635,
      "p95": 3.2635,
      "std": 0.0,
      "min": 3.2635,
      "max": 3.2635
    },
    "prompt_tps": {
      "n": 3,
      "mean": 3351.8029,
      "median": 3362.1373,
      "p50": 3362.1373,
      "p95": 3363.8538,
      "std": 15.9826,
      "min": 3329.2269,
      "max": 3364.0445
    }
  },
  "warmup_policy": {
    "warmup_trials": 1,
    "warmup_discarded": true,
    "measured_trials_field": "num_trials",
    "description": "One full generate before timed trials; trials use seed+trial."
  }
}
