{
  "timestamp": "2026-05-25T05:34:18.229134+00:00",
  "hardware": "Mac M5 Max",
  "model_preset": "llama3-8b",
  "configuration": "w4+kv_cache",
  "weight_bits": 4,
  "optimizations": {
    "weight_bits": 4,
    "kv_cache": true,
    "prefill": false
  },
  "model_repo": "mlx-community/Meta-Llama-3.1-8B-Instruct-4bit",
  "kv_bits": 4,
  "prefill_step_size": 512,
  "prompt_tokens": 512,
  "generation_tokens": 128,
  "num_trials": 3,
  "memory_gb": 5.1148,
  "ttft_ms": 165.5139,
  "throughput_tps": 107.3351,
  "prompt_tps": 3093.3962,
  "mlx_version": "0.31.2",
  "mlx_lm_version": "0.29.1",
  "platform": "macOS-26.4.1-arm64-arm-64bit-Mach-O",
  "status": "ok",
  "error": null,
  "article_id": 5,
  "run_label": null,
  "benchmark_mode": "standard",
  "draft_model_repo": null,
  "draft_preset": "llama-3.2-1b",
  "num_draft_tokens": null,
  "draft_accept_rate": null,
  "prefix_cache_cold_ttft_ms": null,
  "prefix_cache_warm_ttft_ms": null,
  "prefix_system_tokens": null,
  "workload": null,
  "schema_version": 1,
  "trials": {
    "ttft_ms": [
      165.9659999422729,
      165.1622080244124,
      165.5138749629259
    ],
    "throughput_tps": [
      106.93245314520422,
      107.56181998239921,
      107.33506600098127
    ],
    "memory_gb": [
      5.11480844,
      5.11480844,
      5.11480844
    ],
    "prompt_tps": [
      3084.969211634228,
      3099.9827752624983,
      3093.396249194727
    ]
  },
  "stats": {
    "ttft_ms": {
      "n": 3,
      "mean": 165.5474,
      "median": 165.5139,
      "p50": 165.5139,
      "p95": 165.9208,
      "std": 0.329,
      "min": 165.1622,
      "max": 165.966
    },
    "throughput_tps": {
      "n": 3,
      "mean": 107.2764,
      "median": 107.3351,
      "p50": 107.3351,
      "p95": 107.5391,
      "std": 0.2603,
      "min": 106.9325,
      "max": 107.5618
    },
    "memory_gb": {
      "n": 3,
      "mean": 5.1148,
      "median": 5.1148,
      "p50": 5.1148,
      "p95": 5.1148,
      "std": 0.0,
      "min": 5.1148,
      "max": 5.1148
    },
    "prompt_tps": {
      "n": 3,
      "mean": 3092.7827,
      "median": 3093.3962,
      "p50": 3093.3962,
      "p95": 3099.3241,
      "std": 6.1446,
      "min": 3084.9692,
      "max": 3099.9828
    }
  },
  "warmup_policy": {
    "warmup_trials": 1,
    "warmup_discarded": true,
    "measured_trials_field": "num_trials",
    "description": "One full generate before timed trials; trials use seed+trial."
  }
}
