{
  "timestamp": "2026-05-23T15:04:41.730337+00:00",
  "hardware": "Mac M5 Max",
  "model_preset": "llama3-8b",
  "configuration": "w4+kv_cache+prefill",
  "weight_bits": 4,
  "optimizations": {
    "weight_bits": 4,
    "kv_cache": true,
    "prefill": true
  },
  "model_repo": "mlx-community/Meta-Llama-3.1-8B-Instruct-4bit",
  "kv_bits": 4,
  "prefill_step_size": 2048,
  "prompt_tokens": 512,
  "generation_tokens": 128,
  "num_trials": 3,
  "memory_gb": 5.1148,
  "ttft_ms": 165.7575,
  "throughput_tps": 107.8868,
  "prompt_tps": 3088.8497,
  "mlx_version": "0.31.2",
  "mlx_lm_version": "0.29.1",
  "platform": "macOS-26.4.1-arm64-arm-64bit-Mach-O",
  "status": "ok",
  "error": null,
  "article_id": 5,
  "run_label": null,
  "benchmark_mode": "standard",
  "draft_model_repo": null,
  "draft_preset": "qwen-0.5b",
  "num_draft_tokens": null,
  "draft_accept_rate": null,
  "prefix_cache_cold_ttft_ms": null,
  "prefix_cache_warm_ttft_ms": null,
  "prefix_system_tokens": null,
  "workload": null,
  "schema_version": 1,
  "trials": {
    "ttft_ms": [
      166.14737501367927,
      165.75750010088086,
      165.07466696202755
    ],
    "throughput_tps": [
      108.15247509247838,
      107.02771797811262,
      107.88678756987882
    ],
    "memory_gb": [
      5.11480844,
      5.11480844,
      5.11480844
    ],
    "prompt_tps": [
      3081.6014996195154,
      3088.8496730971096,
      3101.6267330575706
    ]
  },
  "stats": {
    "ttft_ms": {
      "n": 3,
      "mean": 165.6598,
      "median": 165.7575,
      "p50": 165.7575,
      "p95": 166.1084,
      "std": 0.4433,
      "min": 165.0747,
      "max": 166.1474
    },
    "throughput_tps": {
      "n": 3,
      "mean": 107.689,
      "median": 107.8868,
      "p50": 107.8868,
      "p95": 108.1259,
      "std": 0.48,
      "min": 107.0277,
      "max": 108.1525
    },
    "memory_gb": {
      "n": 3,
      "mean": 5.1148,
      "median": 5.1148,
      "p50": 5.1148,
      "p95": 5.1148,
      "std": 0.0,
      "min": 5.1148,
      "max": 5.1148
    },
    "prompt_tps": {
      "n": 3,
      "mean": 3090.6926,
      "median": 3088.8497,
      "p50": 3088.8497,
      "p95": 3100.349,
      "std": 8.2785,
      "min": 3081.6015,
      "max": 3101.6267
    }
  },
  "warmup_policy": {
    "warmup_trials": 1,
    "warmup_discarded": true,
    "measured_trials_field": "num_trials",
    "description": "One full generate before timed trials; trials use seed+trial."
  }
}
