{
  "timestamp": "2026-05-25T05:34:42.687253+00:00",
  "hardware": "Mac M5 Max",
  "model_preset": "llama3-8b",
  "configuration": "w4+kv_cache+prefill",
  "weight_bits": 4,
  "optimizations": {
    "weight_bits": 4,
    "kv_cache": true,
    "prefill": true
  },
  "model_repo": "mlx-community/Meta-Llama-3.1-8B-Instruct-4bit",
  "kv_bits": 4,
  "prefill_step_size": 2048,
  "prompt_tokens": 512,
  "generation_tokens": 128,
  "num_trials": 3,
  "memory_gb": 5.1148,
  "ttft_ms": 166.1766,
  "throughput_tps": 106.8147,
  "prompt_tps": 3081.0591,
  "mlx_version": "0.31.2",
  "mlx_lm_version": "0.29.1",
  "platform": "macOS-26.4.1-arm64-arm-64bit-Mach-O",
  "status": "ok",
  "error": null,
  "article_id": 5,
  "run_label": null,
  "benchmark_mode": "standard",
  "draft_model_repo": null,
  "draft_preset": "llama-3.2-1b",
  "num_draft_tokens": null,
  "draft_accept_rate": null,
  "prefix_cache_cold_ttft_ms": null,
  "prefix_cache_warm_ttft_ms": null,
  "prefix_system_tokens": null,
  "workload": null,
  "schema_version": 1,
  "trials": {
    "ttft_ms": [
      173.6615418922156,
      166.17662482894957,
      164.6145828999579
    ],
    "throughput_tps": [
      107.10553158244143,
      106.81473860018798,
      106.63701936741896
    ],
    "memory_gb": [
      5.11480844,
      5.11480844,
      5.11480844
    ],
    "prompt_tps": [
      2948.263584563684,
      3081.0590871430713,
      3110.2955216984665
    ]
  },
  "stats": {
    "ttft_ms": {
      "n": 3,
      "mean": 168.1509,
      "median": 166.1766,
      "p50": 166.1766,
      "p95": 172.9131,
      "std": 3.9484,
      "min": 164.6146,
      "max": 173.6615
    },
    "throughput_tps": {
      "n": 3,
      "mean": 106.8524,
      "median": 106.8147,
      "p50": 106.8147,
      "p95": 107.0765,
      "std": 0.1931,
      "min": 106.637,
      "max": 107.1055
    },
    "memory_gb": {
      "n": 3,
      "mean": 5.1148,
      "median": 5.1148,
      "p50": 5.1148,
      "p95": 5.1148,
      "std": 0.0,
      "min": 5.1148,
      "max": 5.1148
    },
    "prompt_tps": {
      "n": 3,
      "mean": 3046.5394,
      "median": 3081.0591,
      "p50": 3081.0591,
      "p95": 3107.3719,
      "std": 70.5091,
      "min": 2948.2636,
      "max": 3110.2955
    }
  },
  "warmup_policy": {
    "warmup_trials": 1,
    "warmup_discarded": true,
    "measured_trials_field": "num_trials",
    "description": "One full generate before timed trials; trials use seed+trial."
  }
}
