{
  "timestamp": "2026-05-25T05:34:30.336317+00:00",
  "hardware": "Mac M5 Max",
  "model_preset": "llama3-8b",
  "configuration": "w4+prefill",
  "weight_bits": 4,
  "optimizations": {
    "weight_bits": 4,
    "kv_cache": false,
    "prefill": true
  },
  "model_repo": "mlx-community/Meta-Llama-3.1-8B-Instruct-4bit",
  "kv_bits": null,
  "prefill_step_size": 2048,
  "prompt_tokens": 512,
  "generation_tokens": 128,
  "num_trials": 3,
  "memory_gb": 5.1148,
  "ttft_ms": 161.9001,
  "throughput_tps": 111.9517,
  "prompt_tps": 3162.4435,
  "mlx_version": "0.31.2",
  "mlx_lm_version": "0.29.1",
  "platform": "macOS-26.4.1-arm64-arm-64bit-Mach-O",
  "status": "ok",
  "error": null,
  "article_id": 5,
  "run_label": null,
  "benchmark_mode": "standard",
  "draft_model_repo": null,
  "draft_preset": "llama-3.2-1b",
  "num_draft_tokens": null,
  "draft_accept_rate": null,
  "prefix_cache_cold_ttft_ms": null,
  "prefix_cache_warm_ttft_ms": null,
  "prefix_system_tokens": null,
  "workload": null,
  "schema_version": 1,
  "trials": {
    "ttft_ms": [
      161.9001249782741,
      161.84491710737348,
      162.39245817996562
    ],
    "throughput_tps": [
      111.12904176149,
      111.95168810295566,
      113.18428966873665
    ],
    "memory_gb": [
      5.11480844,
      5.11480844,
      5.11480844
    ],
    "prompt_tps": [
      3162.44351305292,
      3163.5222727465803,
      3152.8557775299782
    ]
  },
  "stats": {
    "ttft_ms": {
      "n": 3,
      "mean": 162.0458,
      "median": 161.9001,
      "p50": 161.9001,
      "p95": 162.3432,
      "std": 0.2461,
      "min": 161.8449,
      "max": 162.3925
    },
    "throughput_tps": {
      "n": 3,
      "mean": 112.0883,
      "median": 111.9517,
      "p50": 111.9517,
      "p95": 113.061,
      "std": 0.8446,
      "min": 111.129,
      "max": 113.1843
    },
    "memory_gb": {
      "n": 3,
      "mean": 5.1148,
      "median": 5.1148,
      "p50": 5.1148,
      "p95": 5.1148,
      "std": 0.0,
      "min": 5.1148,
      "max": 5.1148
    },
    "prompt_tps": {
      "n": 3,
      "mean": 3159.6072,
      "median": 3162.4435,
      "p50": 3162.4435,
      "p95": 3163.4144,
      "std": 4.7942,
      "min": 3152.8558,
      "max": 3163.5223
    }
  },
  "warmup_policy": {
    "warmup_trials": 1,
    "warmup_discarded": true,
    "measured_trials_field": "num_trials",
    "description": "One full generate before timed trials; trials use seed+trial."
  }
}
