{
  "timestamp": "2026-05-25T05:34:05.870887+00:00",
  "hardware": "Mac M5 Max",
  "model_preset": "llama3-8b",
  "configuration": "w4",
  "weight_bits": 4,
  "optimizations": {
    "weight_bits": 4,
    "kv_cache": false,
    "prefill": false
  },
  "model_repo": "mlx-community/Meta-Llama-3.1-8B-Instruct-4bit",
  "kv_bits": null,
  "prefill_step_size": 512,
  "prompt_tokens": 512,
  "generation_tokens": 128,
  "num_trials": 3,
  "memory_gb": 5.1148,
  "ttft_ms": 162.9954,
  "throughput_tps": 112.4571,
  "prompt_tps": 3141.1934,
  "mlx_version": "0.31.2",
  "mlx_lm_version": "0.29.1",
  "platform": "macOS-26.4.1-arm64-arm-64bit-Mach-O",
  "status": "ok",
  "error": null,
  "article_id": 5,
  "run_label": null,
  "benchmark_mode": "standard",
  "draft_model_repo": null,
  "draft_preset": "llama-3.2-1b",
  "num_draft_tokens": null,
  "draft_accept_rate": null,
  "prefix_cache_cold_ttft_ms": null,
  "prefix_cache_warm_ttft_ms": null,
  "prefix_system_tokens": null,
  "workload": null,
  "schema_version": 1,
  "trials": {
    "ttft_ms": [
      164.43995898589492,
      162.61649993248284,
      162.99537499435246
    ],
    "throughput_tps": [
      113.04358061767051,
      112.45713940915415,
      112.42061119082351
    ],
    "memory_gb": [
      5.11480844,
      5.11480844,
      5.11480844
    ],
    "prompt_tps": [
      3113.598441385634,
      3148.5119911729657,
      3141.1934235418644
    ]
  },
  "stats": {
    "ttft_ms": {
      "n": 3,
      "mean": 163.3506,
      "median": 162.9954,
      "p50": 162.9954,
      "p95": 164.2955,
      "std": 0.7857,
      "min": 162.6165,
      "max": 164.44
    },
    "throughput_tps": {
      "n": 3,
      "mean": 112.6404,
      "median": 112.4571,
      "p50": 112.4571,
      "p95": 112.9849,
      "std": 0.2855,
      "min": 112.4206,
      "max": 113.0436
    },
    "memory_gb": {
      "n": 3,
      "mean": 5.1148,
      "median": 5.1148,
      "p50": 5.1148,
      "p95": 5.1148,
      "std": 0.0,
      "min": 5.1148,
      "max": 5.1148
    },
    "prompt_tps": {
      "n": 3,
      "mean": 3134.4346,
      "median": 3141.1934,
      "p50": 3141.1934,
      "p95": 3147.7801,
      "std": 15.0333,
      "min": 3113.5984,
      "max": 3148.512
    }
  },
  "warmup_policy": {
    "warmup_trials": 1,
    "warmup_discarded": true,
    "measured_trials_field": "num_trials",
    "description": "One full generate before timed trials; trials use seed+trial."
  }
}
