{
  "timestamp": "2026-05-23T15:04:04.969696+00:00",
  "hardware": "Mac M5 Max",
  "model_preset": "llama3-8b",
  "configuration": "w4",
  "weight_bits": 4,
  "optimizations": {
    "weight_bits": 4,
    "kv_cache": false,
    "prefill": false
  },
  "model_repo": "mlx-community/Meta-Llama-3.1-8B-Instruct-4bit",
  "kv_bits": null,
  "prefill_step_size": 512,
  "prompt_tokens": 512,
  "generation_tokens": 128,
  "num_trials": 3,
  "memory_gb": 5.1148,
  "ttft_ms": 161.2645,
  "throughput_tps": 112.4414,
  "prompt_tps": 3174.9075,
  "mlx_version": "0.31.2",
  "mlx_lm_version": "0.29.1",
  "platform": "macOS-26.4.1-arm64-arm-64bit-Mach-O",
  "status": "ok",
  "error": null,
  "article_id": 5,
  "run_label": null,
  "benchmark_mode": "standard",
  "draft_model_repo": null,
  "draft_preset": "qwen-0.5b",
  "num_draft_tokens": null,
  "draft_accept_rate": null,
  "prefix_cache_cold_ttft_ms": null,
  "prefix_cache_warm_ttft_ms": null,
  "prefix_system_tokens": null,
  "workload": null,
  "schema_version": 1,
  "trials": {
    "ttft_ms": [
      161.26454202458262,
      161.2205831333995,
      161.34174983017147
    ],
    "throughput_tps": [
      112.32791150590185,
      112.44144865241422,
      112.9771214595314
    ],
    "memory_gb": [
      5.11480844,
      5.11480844,
      5.11480844
    ],
    "prompt_tps": [
      3174.9074754570192,
      3175.7731553194635,
      3173.388168523844
    ]
  },
  "stats": {
    "ttft_ms": {
      "n": 3,
      "mean": 161.2756,
      "median": 161.2645,
      "p50": 161.2645,
      "p95": 161.334,
      "std": 0.0501,
      "min": 161.2206,
      "max": 161.3417
    },
    "throughput_tps": {
      "n": 3,
      "mean": 112.5822,
      "median": 112.4414,
      "p50": 112.4414,
      "p95": 112.9236,
      "std": 0.2831,
      "min": 112.3279,
      "max": 112.9771
    },
    "memory_gb": {
      "n": 3,
      "mean": 5.1148,
      "median": 5.1148,
      "p50": 5.1148,
      "p95": 5.1148,
      "std": 0.0,
      "min": 5.1148,
      "max": 5.1148
    },
    "prompt_tps": {
      "n": 3,
      "mean": 3174.6896,
      "median": 3174.9075,
      "p50": 3174.9075,
      "p95": 3175.6866,
      "std": 0.9858,
      "min": 3173.3882,
      "max": 3175.7732
    }
  },
  "warmup_policy": {
    "warmup_trials": 1,
    "warmup_discarded": true,
    "measured_trials_field": "num_trials",
    "description": "One full generate before timed trials; trials use seed+trial."
  }
}
