{
  "timestamp": "2026-05-23T15:03:20.696086+00:00",
  "hardware": "Mac M5 Max",
  "model_preset": "llama3-8b",
  "configuration": "w8+kv_cache",
  "weight_bits": 8,
  "optimizations": {
    "weight_bits": 8,
    "kv_cache": true,
    "prefill": false
  },
  "model_repo": "mlx-community/Meta-Llama-3.1-8B-Instruct-8bit",
  "kv_bits": 4,
  "prefill_step_size": 512,
  "prompt_tokens": 512,
  "generation_tokens": 128,
  "num_trials": 3,
  "memory_gb": 8.9684,
  "ttft_ms": 190.2211,
  "throughput_tps": 61.642,
  "prompt_tps": 2691.6049,
  "mlx_version": "0.31.2",
  "mlx_lm_version": "0.29.1",
  "platform": "macOS-26.4.1-arm64-arm-64bit-Mach-O",
  "status": "ok",
  "error": null,
  "article_id": 5,
  "run_label": null,
  "benchmark_mode": "standard",
  "draft_model_repo": null,
  "draft_preset": "qwen-0.5b",
  "num_draft_tokens": null,
  "draft_accept_rate": null,
  "prefix_cache_cold_ttft_ms": null,
  "prefix_cache_warm_ttft_ms": null,
  "prefix_system_tokens": null,
  "workload": null,
  "schema_version": 1,
  "trials": {
    "ttft_ms": [
      190.16620912589133,
      190.22108288481832,
      190.38445898331702
    ],
    "throughput_tps": [
      61.64197979544986,
      61.92320035339277,
      61.441968616236586
    ],
    "memory_gb": [
      8.96842352,
      8.96842352,
      8.96842352
    ],
    "prompt_tps": [
      2692.381587419942,
      2691.604906434181,
      2689.2951385536435
    ]
  },
  "stats": {
    "ttft_ms": {
      "n": 3,
      "mean": 190.2573,
      "median": 190.2211,
      "p50": 190.2211,
      "p95": 190.3681,
      "std": 0.0927,
      "min": 190.1662,
      "max": 190.3845
    },
    "throughput_tps": {
      "n": 3,
      "mean": 61.669,
      "median": 61.642,
      "p50": 61.642,
      "p95": 61.8951,
      "std": 0.1974,
      "min": 61.442,
      "max": 61.9232
    },
    "memory_gb": {
      "n": 3,
      "mean": 8.9684,
      "median": 8.9684,
      "p50": 8.9684,
      "p95": 8.9684,
      "std": 0.0,
      "min": 8.9684,
      "max": 8.9684
    },
    "prompt_tps": {
      "n": 3,
      "mean": 2691.0939,
      "median": 2691.6049,
      "p50": 2691.6049,
      "p95": 2692.3039,
      "std": 1.3108,
      "min": 2689.2951,
      "max": 2692.3816
    }
  },
  "warmup_policy": {
    "warmup_trials": 1,
    "warmup_discarded": true,
    "measured_trials_field": "num_trials",
    "description": "One full generate before timed trials; trials use seed+trial."
  }
}
