{
  "timestamp": "2026-05-25T05:33:21.605519+00:00",
  "hardware": "Mac M5 Max",
  "model_preset": "llama3-8b",
  "configuration": "w8+kv_cache",
  "weight_bits": 8,
  "optimizations": {
    "weight_bits": 8,
    "kv_cache": true,
    "prefill": false
  },
  "model_repo": "mlx-community/Meta-Llama-3.1-8B-Instruct-8bit",
  "kv_bits": 4,
  "prefill_step_size": 512,
  "prompt_tokens": 512,
  "generation_tokens": 128,
  "num_trials": 3,
  "memory_gb": 8.9684,
  "ttft_ms": 187.8326,
  "throughput_tps": 62.0149,
  "prompt_tps": 2725.831,
  "mlx_version": "0.31.2",
  "mlx_lm_version": "0.29.1",
  "platform": "macOS-26.4.1-arm64-arm-64bit-Mach-O",
  "status": "ok",
  "error": null,
  "article_id": 5,
  "run_label": null,
  "benchmark_mode": "standard",
  "draft_model_repo": null,
  "draft_preset": "llama-3.2-1b",
  "num_draft_tokens": null,
  "draft_accept_rate": null,
  "prefix_cache_cold_ttft_ms": null,
  "prefix_cache_warm_ttft_ms": null,
  "prefix_system_tokens": null,
  "workload": null,
  "schema_version": 1,
  "trials": {
    "ttft_ms": [
      187.83262488432229,
      188.6349581182003,
      187.6845839433372
    ],
    "throughput_tps": [
      62.30093791044435,
      62.014919209078265,
      61.365420174727205
    ],
    "memory_gb": [
      8.96842352,
      8.96842352,
      8.96842352
    ],
    "prompt_tps": [
      2725.831044076171,
      2714.237091086671,
      2727.9811119413785
    ]
  },
  "stats": {
    "ttft_ms": {
      "n": 3,
      "mean": 188.0507,
      "median": 187.8326,
      "p50": 187.8326,
      "p95": 188.5547,
      "std": 0.4175,
      "min": 187.6846,
      "max": 188.635
    },
    "throughput_tps": {
      "n": 3,
      "mean": 61.8938,
      "median": 62.0149,
      "p50": 62.0149,
      "p95": 62.2723,
      "std": 0.3914,
      "min": 61.3654,
      "max": 62.3009
    },
    "memory_gb": {
      "n": 3,
      "mean": 8.9684,
      "median": 8.9684,
      "p50": 8.9684,
      "p95": 8.9684,
      "std": 0.0,
      "min": 8.9684,
      "max": 8.9684
    },
    "prompt_tps": {
      "n": 3,
      "mean": 2722.6831,
      "median": 2725.831,
      "p50": 2725.831,
      "p95": 2727.7661,
      "std": 6.0364,
      "min": 2714.2371,
      "max": 2727.9811
    }
  },
  "warmup_policy": {
    "warmup_trials": 1,
    "warmup_discarded": true,
    "measured_trials_field": "num_trials",
    "description": "One full generate before timed trials; trials use seed+trial."
  }
}
