{
  "timestamp": "2026-05-25T05:33:53.537296+00:00",
  "hardware": "Mac M5 Max",
  "model_preset": "llama3-8b",
  "configuration": "w8+kv_cache+prefill",
  "weight_bits": 8,
  "optimizations": {
    "weight_bits": 8,
    "kv_cache": true,
    "prefill": true
  },
  "model_repo": "mlx-community/Meta-Llama-3.1-8B-Instruct-8bit",
  "kv_bits": 4,
  "prefill_step_size": 2048,
  "prompt_tokens": 512,
  "generation_tokens": 128,
  "num_trials": 3,
  "memory_gb": 8.9684,
  "ttft_ms": 188.129,
  "throughput_tps": 61.5734,
  "prompt_tps": 2721.5368,
  "mlx_version": "0.31.2",
  "mlx_lm_version": "0.29.1",
  "platform": "macOS-26.4.1-arm64-arm-64bit-Mach-O",
  "status": "ok",
  "error": null,
  "article_id": 5,
  "run_label": null,
  "benchmark_mode": "standard",
  "draft_model_repo": null,
  "draft_preset": "llama-3.2-1b",
  "num_draft_tokens": null,
  "draft_accept_rate": null,
  "prefix_cache_cold_ttft_ms": null,
  "prefix_cache_warm_ttft_ms": null,
  "prefix_system_tokens": null,
  "workload": null,
  "schema_version": 1,
  "trials": {
    "ttft_ms": [
      187.78387503698468,
      188.92024992965162,
      188.1289999000728
    ],
    "throughput_tps": [
      61.94997718465348,
      61.573428405216745,
      61.33858280842409
    ],
    "memory_gb": [
      8.96842352,
      8.96842352,
      8.96842352
    ],
    "prompt_tps": [
      2726.5386865574046,
      2710.138273640088,
      2721.5368192673936
    ]
  },
  "stats": {
    "ttft_ms": {
      "n": 3,
      "mean": 188.2777,
      "median": 188.129,
      "p50": 188.129,
      "p95": 188.8411,
      "std": 0.4757,
      "min": 187.7839,
      "max": 188.9202
    },
    "throughput_tps": {
      "n": 3,
      "mean": 61.6207,
      "median": 61.5734,
      "p50": 61.5734,
      "p95": 61.9123,
      "std": 0.2518,
      "min": 61.3386,
      "max": 61.95
    },
    "memory_gb": {
      "n": 3,
      "mean": 8.9684,
      "median": 8.9684,
      "p50": 8.9684,
      "p95": 8.9684,
      "std": 0.0,
      "min": 8.9684,
      "max": 8.9684
    },
    "prompt_tps": {
      "n": 3,
      "mean": 2719.4046,
      "median": 2721.5368,
      "p50": 2721.5368,
      "p95": 2726.0385,
      "std": 6.8631,
      "min": 2710.1383,
      "max": 2726.5387
    }
  },
  "warmup_policy": {
    "warmup_trials": 1,
    "warmup_discarded": true,
    "measured_trials_field": "num_trials",
    "description": "One full generate before timed trials; trials use seed+trial."
  }
}
