{
  "timestamp": "2026-05-23T15:03:52.640462+00:00",
  "hardware": "Mac M5 Max",
  "model_preset": "llama3-8b",
  "configuration": "w8+kv_cache+prefill",
  "weight_bits": 8,
  "optimizations": {
    "weight_bits": 8,
    "kv_cache": true,
    "prefill": true
  },
  "model_repo": "mlx-community/Meta-Llama-3.1-8B-Instruct-8bit",
  "kv_bits": 4,
  "prefill_step_size": 2048,
  "prompt_tokens": 512,
  "generation_tokens": 128,
  "num_trials": 3,
  "memory_gb": 8.9684,
  "ttft_ms": 189.5751,
  "throughput_tps": 61.3511,
  "prompt_tps": 2700.7769,
  "mlx_version": "0.31.2",
  "mlx_lm_version": "0.29.1",
  "platform": "macOS-26.4.1-arm64-arm-64bit-Mach-O",
  "status": "ok",
  "error": null,
  "article_id": 5,
  "run_label": null,
  "benchmark_mode": "standard",
  "draft_model_repo": null,
  "draft_preset": "qwen-0.5b",
  "num_draft_tokens": null,
  "draft_accept_rate": null,
  "prefix_cache_cold_ttft_ms": null,
  "prefix_cache_warm_ttft_ms": null,
  "prefix_system_tokens": null,
  "workload": null,
  "schema_version": 1,
  "trials": {
    "ttft_ms": [
      189.57508308812976,
      188.46491584554312,
      189.6905000321567
    ],
    "throughput_tps": [
      61.66154126621572,
      61.20856183344967,
      61.351112056196044
    ],
    "memory_gb": [
      8.96842352,
      8.96842352,
      8.96842352
    ],
    "prompt_tps": [
      2700.7768724647276,
      2716.6860086553766,
      2699.133588203968
    ]
  },
  "stats": {
    "ttft_ms": {
      "n": 3,
      "mean": 189.2435,
      "median": 189.5751,
      "p50": 189.5751,
      "p95": 189.679,
      "std": 0.5526,
      "min": 188.4649,
      "max": 189.6905
    },
    "throughput_tps": {
      "n": 3,
      "mean": 61.4071,
      "median": 61.3511,
      "p50": 61.3511,
      "p95": 61.6305,
      "std": 0.1891,
      "min": 61.2086,
      "max": 61.6615
    },
    "memory_gb": {
      "n": 3,
      "mean": 8.9684,
      "median": 8.9684,
      "p50": 8.9684,
      "p95": 8.9684,
      "std": 0.0,
      "min": 8.9684,
      "max": 8.9684
    },
    "prompt_tps": {
      "n": 3,
      "mean": 2705.5322,
      "median": 2700.7769,
      "p50": 2700.7769,
      "p95": 2715.0951,
      "std": 7.9154,
      "min": 2699.1336,
      "max": 2716.686
    }
  },
  "warmup_policy": {
    "warmup_trials": 1,
    "warmup_discarded": true,
    "measured_trials_field": "num_trials",
    "description": "One full generate before timed trials; trials use seed+trial."
  }
}
