{
  "timestamp": "2026-05-23T15:03:36.563600+00:00",
  "hardware": "Mac M5 Max",
  "model_preset": "llama3-8b",
  "configuration": "w8+prefill",
  "weight_bits": 8,
  "optimizations": {
    "weight_bits": 8,
    "kv_cache": false,
    "prefill": true
  },
  "model_repo": "mlx-community/Meta-Llama-3.1-8B-Instruct-8bit",
  "kv_bits": null,
  "prefill_step_size": 2048,
  "prompt_tokens": 512,
  "generation_tokens": 128,
  "num_trials": 3,
  "memory_gb": 8.9684,
  "ttft_ms": 186.7923,
  "throughput_tps": 63.7485,
  "prompt_tps": 2741.0119,
  "mlx_version": "0.31.2",
  "mlx_lm_version": "0.29.1",
  "platform": "macOS-26.4.1-arm64-arm-64bit-Mach-O",
  "status": "ok",
  "error": null,
  "article_id": 5,
  "run_label": null,
  "benchmark_mode": "standard",
  "draft_model_repo": null,
  "draft_preset": "qwen-0.5b",
  "num_draft_tokens": null,
  "draft_accept_rate": null,
  "prefix_cache_cold_ttft_ms": null,
  "prefix_cache_warm_ttft_ms": null,
  "prefix_system_tokens": null,
  "workload": null,
  "schema_version": 1,
  "trials": {
    "ttft_ms": [
      187.24808283150196,
      186.43783289007843,
      186.79233314469457
    ],
    "throughput_tps": [
      63.74852138917922,
      64.04847268567833,
      63.7211747201458
    ],
    "memory_gb": [
      8.96842352,
      8.96842352,
      8.96842352
    ],
    "prompt_tps": [
      2734.3404122365887,
      2746.223725427388,
      2741.011857287475
    ]
  },
  "stats": {
    "ttft_ms": {
      "n": 3,
      "mean": 186.8261,
      "median": 186.7923,
      "p50": 186.7923,
      "p95": 187.2025,
      "std": 0.3316,
      "min": 186.4378,
      "max": 187.2481
    },
    "throughput_tps": {
      "n": 3,
      "mean": 63.8394,
      "median": 63.7485,
      "p50": 63.7485,
      "p95": 64.0185,
      "std": 0.1483,
      "min": 63.7212,
      "max": 64.0485
    },
    "memory_gb": {
      "n": 3,
      "mean": 8.9684,
      "median": 8.9684,
      "p50": 8.9684,
      "p95": 8.9684,
      "std": 0.0,
      "min": 8.9684,
      "max": 8.9684
    },
    "prompt_tps": {
      "n": 3,
      "mean": 2740.5253,
      "median": 2741.0119,
      "p50": 2741.0119,
      "p95": 2745.7025,
      "std": 4.8635,
      "min": 2734.3404,
      "max": 2746.2237
    }
  },
  "warmup_policy": {
    "warmup_trials": 1,
    "warmup_discarded": true,
    "measured_trials_field": "num_trials",
    "description": "One full generate before timed trials; trials use seed+trial."
  }
}
