{
  "timestamp": "2026-05-25T05:33:37.441976+00:00",
  "hardware": "Mac M5 Max",
  "model_preset": "llama3-8b",
  "configuration": "w8+prefill",
  "weight_bits": 8,
  "optimizations": {
    "weight_bits": 8,
    "kv_cache": false,
    "prefill": true
  },
  "model_repo": "mlx-community/Meta-Llama-3.1-8B-Instruct-8bit",
  "kv_bits": null,
  "prefill_step_size": 2048,
  "prompt_tokens": 512,
  "generation_tokens": 128,
  "num_trials": 3,
  "memory_gb": 8.9684,
  "ttft_ms": 186.8618,
  "throughput_tps": 63.9164,
  "prompt_tps": 2739.993,
  "mlx_version": "0.31.2",
  "mlx_lm_version": "0.29.1",
  "platform": "macOS-26.4.1-arm64-arm-64bit-Mach-O",
  "status": "ok",
  "error": null,
  "article_id": 5,
  "run_label": null,
  "benchmark_mode": "standard",
  "draft_model_repo": null,
  "draft_preset": "llama-3.2-1b",
  "num_draft_tokens": null,
  "draft_accept_rate": null,
  "prefix_cache_cold_ttft_ms": null,
  "prefix_cache_warm_ttft_ms": null,
  "prefix_system_tokens": null,
  "workload": null,
  "schema_version": 1,
  "trials": {
    "ttft_ms": [
      186.60199991427365,
      187.7649170346558,
      186.8617911823094
    ],
    "throughput_tps": [
      64.10218022045996,
      63.9163747575276,
      63.771073806362025
    ],
    "memory_gb": [
      8.96842352,
      8.96842352,
      8.96842352
    ],
    "prompt_tps": [
      2743.80767749122,
      2726.813976146034,
      2739.9930010329053
    ]
  },
  "stats": {
    "ttft_ms": {
      "n": 3,
      "mean": 187.0762,
      "median": 186.8618,
      "p50": 186.8618,
      "p95": 187.6746,
      "std": 0.4984,
      "min": 186.602,
      "max": 187.7649
    },
    "throughput_tps": {
      "n": 3,
      "mean": 63.9299,
      "median": 63.9164,
      "p50": 63.9164,
      "p95": 64.0836,
      "std": 0.1355,
      "min": 63.7711,
      "max": 64.1022
    },
    "memory_gb": {
      "n": 3,
      "mean": 8.9684,
      "median": 8.9684,
      "p50": 8.9684,
      "p95": 8.9684,
      "std": 0.0,
      "min": 8.9684,
      "max": 8.9684
    },
    "prompt_tps": {
      "n": 3,
      "mean": 2736.8716,
      "median": 2739.993,
      "p50": 2739.993,
      "p95": 2743.4262,
      "std": 7.2803,
      "min": 2726.814,
      "max": 2743.8077
    }
  },
  "warmup_policy": {
    "warmup_trials": 1,
    "warmup_discarded": true,
    "measured_trials_field": "num_trials",
    "description": "One full generate before timed trials; trials use seed+trial."
  }
}
