{
  "timestamp": "2026-05-23T15:03:04.536091+00:00",
  "hardware": "Mac M5 Max",
  "model_preset": "llama3-8b",
  "configuration": "w8",
  "weight_bits": 8,
  "optimizations": {
    "weight_bits": 8,
    "kv_cache": false,
    "prefill": false
  },
  "model_repo": "mlx-community/Meta-Llama-3.1-8B-Instruct-8bit",
  "kv_bits": null,
  "prefill_step_size": 512,
  "prompt_tokens": 512,
  "generation_tokens": 128,
  "num_trials": 3,
  "memory_gb": 8.9684,
  "ttft_ms": 187.3645,
  "throughput_tps": 63.8768,
  "prompt_tps": 2732.6415,
  "mlx_version": "0.31.2",
  "mlx_lm_version": "0.29.1",
  "platform": "macOS-26.4.1-arm64-arm-64bit-Mach-O",
  "status": "ok",
  "error": null,
  "article_id": 5,
  "run_label": null,
  "benchmark_mode": "standard",
  "draft_model_repo": null,
  "draft_preset": "qwen-0.5b",
  "num_draft_tokens": null,
  "draft_accept_rate": null,
  "prefix_cache_cold_ttft_ms": null,
  "prefix_cache_warm_ttft_ms": null,
  "prefix_system_tokens": null,
  "workload": null,
  "schema_version": 1,
  "trials": {
    "ttft_ms": [
      187.36450001597404,
      189.3442089203745,
      186.1560840625316
    ],
    "throughput_tps": [
      64.01882018589679,
      63.38534831294387,
      63.876768423879916
    ],
    "memory_gb": [
      8.96842352,
      8.96842352,
      8.96842352
    ],
    "prompt_tps": [
      2732.641455325575,
      2704.0700263260383,
      2750.3801585556257
    ]
  },
  "stats": {
    "ttft_ms": {
      "n": 3,
      "mean": 187.6216,
      "median": 187.3645,
      "p50": 187.3645,
      "p95": 189.1462,
      "std": 1.3142,
      "min": 186.1561,
      "max": 189.3442
    },
    "throughput_tps": {
      "n": 3,
      "mean": 63.7603,
      "median": 63.8768,
      "p50": 63.8768,
      "p95": 64.0046,
      "std": 0.2714,
      "min": 63.3853,
      "max": 64.0188
    },
    "memory_gb": {
      "n": 3,
      "mean": 8.9684,
      "median": 8.9684,
      "p50": 8.9684,
      "p95": 8.9684,
      "std": 0.0,
      "min": 8.9684,
      "max": 8.9684
    },
    "prompt_tps": {
      "n": 3,
      "mean": 2729.0305,
      "median": 2732.6415,
      "p50": 2732.6415,
      "p95": 2748.6063,
      "std": 19.0777,
      "min": 2704.07,
      "max": 2750.3802
    }
  },
  "warmup_policy": {
    "warmup_trials": 1,
    "warmup_discarded": true,
    "measured_trials_field": "num_trials",
    "description": "One full generate before timed trials; trials use seed+trial."
  }
}
