{
  "timestamp": "2026-05-25T05:33:05.565942+00:00",
  "hardware": "Mac M5 Max",
  "model_preset": "llama3-8b",
  "configuration": "w8",
  "weight_bits": 8,
  "optimizations": {
    "weight_bits": 8,
    "kv_cache": false,
    "prefill": false
  },
  "model_repo": "mlx-community/Meta-Llama-3.1-8B-Instruct-8bit",
  "kv_bits": null,
  "prefill_step_size": 512,
  "prompt_tokens": 512,
  "generation_tokens": 128,
  "num_trials": 3,
  "memory_gb": 8.9684,
  "ttft_ms": 186.9609,
  "throughput_tps": 63.613,
  "prompt_tps": 2738.5409,
  "mlx_version": "0.31.2",
  "mlx_lm_version": "0.29.1",
  "platform": "macOS-26.4.1-arm64-arm-64bit-Mach-O",
  "status": "ok",
  "error": null,
  "article_id": 5,
  "run_label": null,
  "benchmark_mode": "standard",
  "draft_model_repo": null,
  "draft_preset": "llama-3.2-1b",
  "num_draft_tokens": null,
  "draft_accept_rate": null,
  "prefix_cache_cold_ttft_ms": null,
  "prefix_cache_warm_ttft_ms": null,
  "prefix_system_tokens": null,
  "workload": null,
  "schema_version": 1,
  "trials": {
    "ttft_ms": [
      186.68387504294515,
      187.09108303301036,
      186.96087505668402
    ],
    "throughput_tps": [
      63.60641938416948,
      64.03092828452738,
      63.61295887480373
    ],
    "memory_gb": [
      8.96842352,
      8.96842352,
      8.96842352
    ],
    "prompt_tps": [
      2742.6043083914906,
      2736.634967844313,
      2738.54088372644
    ]
  },
  "stats": {
    "ttft_ms": {
      "n": 3,
      "mean": 186.9119,
      "median": 186.9609,
      "p50": 186.9609,
      "p95": 187.0781,
      "std": 0.1698,
      "min": 186.6839,
      "max": 187.0911
    },
    "throughput_tps": {
      "n": 3,
      "mean": 63.7501,
      "median": 63.613,
      "p50": 63.613,
      "p95": 63.9891,
      "std": 0.1986,
      "min": 63.6064,
      "max": 64.0309
    },
    "memory_gb": {
      "n": 3,
      "mean": 8.9684,
      "median": 8.9684,
      "p50": 8.9684,
      "p95": 8.9684,
      "std": 0.0,
      "min": 8.9684,
      "max": 8.9684
    },
    "prompt_tps": {
      "n": 3,
      "mean": 2739.2601,
      "median": 2738.5409,
      "p50": 2738.5409,
      "p95": 2742.198,
      "std": 2.4895,
      "min": 2736.635,
      "max": 2742.6043
    }
  },
  "warmup_policy": {
    "warmup_trials": 1,
    "warmup_discarded": true,
    "measured_trials_field": "num_trials",
    "description": "One full generate before timed trials; trials use seed+trial."
  }
}
