{
  "timestamp": "2026-05-20T17:55:21.463960+00:00",
  "hardware": "Mac M3",
  "model_preset": "phi-3-mini",
  "configuration": "w4",
  "weight_bits": 4,
  "optimizations": {
    "weight_bits": 4,
    "kv_cache": false,
    "prefill": false
  },
  "model_repo": "mlx-community/Phi-3-mini-4k-instruct-4bit",
  "kv_bits": null,
  "prefill_step_size": 512,
  "prompt_tokens": 512,
  "generation_tokens": 128,
  "num_trials": 3,
  "memory_gb": 2.9269,
  "ttft_ms": 1504.5022,
  "throughput_tps": 35.5998,
  "prompt_tps": 340.3119,
  "mlx_version": "0.31.2",
  "mlx_lm_version": "0.31.3",
  "platform": "macOS-26.3.1-arm64-arm-64bit-Mach-O",
  "status": "ok",
  "error": null,
  "article_id": 4,
  "run_label": null,
  "benchmark_mode": "standard",
  "draft_model_repo": null,
  "draft_preset": "qwen-0.5b",
  "num_draft_tokens": null,
  "draft_accept_rate": null,
  "prefix_cache_cold_ttft_ms": null,
  "prefix_cache_warm_ttft_ms": null,
  "prefix_system_tokens": null,
  "workload": null,
  "schema_version": 1,
  "trials": {
    "ttft_ms": [
      1428.3387910109013,
      1504.5021660625935,
      1570.768583100289
    ],
    "throughput_tps": [
      35.59977137144539,
      34.68042630627499,
      37.015885361444
    ],
    "memory_gb": [
      2.926862418,
      2.926862418,
      2.926862418
    ],
    "prompt_tps": [
      358.4583736171122,
      340.3119061901694,
      325.9550805309876
    ]
  },
  "stats": {
    "ttft_ms": {
      "n": 3,
      "mean": 1501.2032,
      "median": 1504.5022,
      "p50": 1504.5022,
      "p95": 1564.1419,
      "std": 58.1935,
      "min": 1428.3388,
      "max": 1570.7686
    },
    "throughput_tps": {
      "n": 3,
      "mean": 35.7654,
      "median": 35.5998,
      "p50": 35.5998,
      "p95": 36.8743,
      "std": 0.9606,
      "min": 34.6804,
      "max": 37.0159
    },
    "memory_gb": {
      "n": 3,
      "mean": 2.9269,
      "median": 2.9269,
      "p50": 2.9269,
      "p95": 2.9269,
      "std": 0.0,
      "min": 2.9269,
      "max": 2.9269
    },
    "prompt_tps": {
      "n": 3,
      "mean": 341.5751,
      "median": 340.3119,
      "p50": 340.3119,
      "p95": 356.6437,
      "std": 13.2994,
      "min": 325.9551,
      "max": 358.4584
    }
  },
  "warmup_policy": {
    "warmup_trials": 1,
    "warmup_discarded": true,
    "measured_trials_field": "num_trials",
    "description": "One full generate before timed trials; trials use seed+trial."
  }
}
