{
  "timestamp": "2026-05-20T16:21:29.622252+00:00",
  "hardware": "Mac M3",
  "model_preset": "qwen-3b",
  "configuration": "fp16",
  "weight_bits": 16,
  "optimizations": {
    "weight_bits": 16,
    "kv_cache": false,
    "prefill": false
  },
  "model_repo": "mlx-community/Qwen2.5-3B-Instruct-bf16",
  "kv_bits": null,
  "prefill_step_size": 512,
  "prompt_tokens": 512,
  "generation_tokens": 128,
  "num_trials": 3,
  "memory_gb": 6.4215,
  "ttft_ms": 1059.4821,
  "throughput_tps": 14.2914,
  "prompt_tps": 483.255,
  "mlx_version": "0.31.2",
  "mlx_lm_version": "0.31.3",
  "platform": "macOS-26.3.1-arm64-arm-64bit-Mach-O",
  "status": "ok",
  "error": null,
  "article_id": 1,
  "run_label": null,
  "benchmark_mode": "standard",
  "draft_model_repo": null,
  "draft_preset": "qwen-0.5b",
  "num_draft_tokens": null,
  "draft_accept_rate": null,
  "prefix_cache_cold_ttft_ms": null,
  "prefix_cache_warm_ttft_ms": null,
  "prefix_system_tokens": null,
  "workload": null,
  "schema_version": 1,
  "trials": {
    "ttft_ms": [
      1059.2480830382556,
      1062.1182918548584,
      1059.4820829574019
    ],
    "throughput_tps": [
      14.433458289930137,
      14.135074123750503,
      14.291449806457209
    ],
    "memory_gb": [
      6.421522528,
      6.421522528,
      6.421522528
    ],
    "prompt_tps": [
      483.36174329570036,
      482.055533669282,
      483.2549867863936
    ]
  },
  "stats": {
    "ttft_ms": {
      "n": 3,
      "mean": 1060.2828,
      "median": 1059.4821,
      "p50": 1059.4821,
      "p95": 1061.8547,
      "std": 1.3014,
      "min": 1059.2481,
      "max": 1062.1183
    },
    "throughput_tps": {
      "n": 3,
      "mean": 14.2867,
      "median": 14.2914,
      "p50": 14.2914,
      "p95": 14.4193,
      "std": 0.1219,
      "min": 14.1351,
      "max": 14.4335
    },
    "memory_gb": {
      "n": 3,
      "mean": 6.4215,
      "median": 6.4215,
      "p50": 6.4215,
      "p95": 6.4215,
      "std": 0.0,
      "min": 6.4215,
      "max": 6.4215
    },
    "prompt_tps": {
      "n": 3,
      "mean": 482.8908,
      "median": 483.255,
      "p50": 483.255,
      "p95": 483.3511,
      "std": 0.5922,
      "min": 482.0555,
      "max": 483.3617
    }
  },
  "warmup_policy": {
    "warmup_trials": 1,
    "warmup_discarded": true,
    "measured_trials_field": "num_trials",
    "description": "One full generate before timed trials; trials use seed+trial."
  }
}
