{
  "timestamp": "2026-05-20T16:24:29.684115+00:00",
  "hardware": "Mac M3",
  "model_preset": "qwen-3b",
  "configuration": "w4",
  "weight_bits": 4,
  "optimizations": {
    "weight_bits": 4,
    "kv_cache": false,
    "prefill": false
  },
  "model_repo": "mlx-community/Qwen2.5-3B-Instruct-4bit",
  "kv_bits": null,
  "prefill_step_size": 512,
  "prompt_tokens": 512,
  "generation_tokens": 128,
  "num_trials": 3,
  "memory_gb": 2.224,
  "ttft_ms": 1012.5427,
  "throughput_tps": 48.3578,
  "prompt_tps": 505.6577,
  "mlx_version": "0.31.2",
  "mlx_lm_version": "0.31.3",
  "platform": "macOS-26.3.1-arm64-arm-64bit-Mach-O",
  "status": "ok",
  "error": null,
  "article_id": 1,
  "run_label": null,
  "benchmark_mode": "standard",
  "draft_model_repo": null,
  "draft_preset": "qwen-0.5b",
  "num_draft_tokens": null,
  "draft_accept_rate": null,
  "prefix_cache_cold_ttft_ms": null,
  "prefix_cache_warm_ttft_ms": null,
  "prefix_system_tokens": null,
  "workload": null,
  "schema_version": 1,
  "trials": {
    "ttft_ms": [
      1012.5427080783993,
      1013.6126249562949,
      1011.8572090286762
    ],
    "throughput_tps": [
      47.406546328889576,
      48.394056928747666,
      48.35777347223149
    ],
    "memory_gb": [
      2.223991228,
      2.223991228,
      2.223991228
    ],
    "prompt_tps": [
      505.65768329088274,
      505.1239372852883,
      506.0002492757749
    ]
  },
  "stats": {
    "ttft_ms": {
      "n": 3,
      "mean": 1012.6708,
      "median": 1012.5427,
      "p50": 1012.5427,
      "p95": 1013.5056,
      "std": 0.7224,
      "min": 1011.8572,
      "max": 1013.6126
    },
    "throughput_tps": {
      "n": 3,
      "mean": 48.0528,
      "median": 48.3578,
      "p50": 48.3578,
      "p95": 48.3904,
      "std": 0.4572,
      "min": 47.4065,
      "max": 48.3941
    },
    "memory_gb": {
      "n": 3,
      "mean": 2.224,
      "median": 2.224,
      "p50": 2.224,
      "p95": 2.224,
      "std": 0.0,
      "min": 2.224,
      "max": 2.224
    },
    "prompt_tps": {
      "n": 3,
      "mean": 505.594,
      "median": 505.6577,
      "p50": 505.6577,
      "p95": 505.966,
      "std": 0.3606,
      "min": 505.1239,
      "max": 506.0002
    }
  },
  "warmup_policy": {
    "warmup_trials": 1,
    "warmup_discarded": true,
    "measured_trials_field": "num_trials",
    "description": "One full generate before timed trials; trials use seed+trial."
  }
}
