{
  "timestamp": "2026-05-20T18:25:45.084106+00:00",
  "hardware": "Mac M3",
  "model_preset": "gemma-9b",
  "configuration": "w4",
  "weight_bits": 4,
  "optimizations": {
    "weight_bits": 4,
    "kv_cache": false,
    "prefill": false
  },
  "model_repo": "mlx-community/gemma-2-9b-it-4bit",
  "kv_bits": null,
  "prefill_step_size": 512,
  "prompt_tokens": 512,
  "generation_tokens": 128,
  "num_trials": 3,
  "memory_gb": 5.8831,
  "ttft_ms": 3851.8285,
  "throughput_tps": 15.4119,
  "prompt_tps": 132.9239,
  "mlx_version": "0.31.2",
  "mlx_lm_version": "0.31.3",
  "platform": "macOS-26.3.1-arm64-arm-64bit-Mach-O",
  "status": "ok",
  "error": null,
  "article_id": 4,
  "run_label": null,
  "benchmark_mode": "standard",
  "draft_model_repo": null,
  "draft_preset": "qwen-0.5b",
  "num_draft_tokens": null,
  "draft_accept_rate": null,
  "prefix_cache_cold_ttft_ms": null,
  "prefix_cache_warm_ttft_ms": null,
  "prefix_system_tokens": null,
  "workload": null,
  "schema_version": 1,
  "trials": {
    "ttft_ms": [
      3973.3263340312988,
      3705.7968750596046,
      3851.828458951786
    ],
    "throughput_tps": [
      15.59669394437118,
      15.411868180055356,
      15.021743826839751
    ],
    "memory_gb": [
      5.883070666,
      5.883070666,
      5.883070666
    ],
    "prompt_tps": [
      128.85928739724977,
      138.1619169269133,
      132.92388419066114
    ]
  },
  "stats": {
    "ttft_ms": {
      "n": 3,
      "mean": 3843.6506,
      "median": 3851.8285,
      "p50": 3851.8285,
      "p95": 3961.1765,
      "std": 109.3714,
      "min": 3705.7969,
      "max": 3973.3263
    },
    "throughput_tps": {
      "n": 3,
      "mean": 15.3434,
      "median": 15.4119,
      "p50": 15.4119,
      "p95": 15.5782,
      "std": 0.2397,
      "min": 15.0217,
      "max": 15.5967
    },
    "memory_gb": {
      "n": 3,
      "mean": 5.8831,
      "median": 5.8831,
      "p50": 5.8831,
      "p95": 5.8831,
      "std": 0.0,
      "min": 5.8831,
      "max": 5.8831
    },
    "prompt_tps": {
      "n": 3,
      "mean": 133.315,
      "median": 132.9239,
      "p50": 132.9239,
      "p95": 137.6381,
      "std": 3.8078,
      "min": 128.8593,
      "max": 138.1619
    }
  },
  "warmup_policy": {
    "warmup_trials": 1,
    "warmup_discarded": true,
    "measured_trials_field": "num_trials",
    "description": "One full generate before timed trials; trials use seed+trial."
  }
}
