{
  "timestamp": "2026-05-20T16:10:03.052110+00:00",
  "hardware": "Mac M3",
  "model_preset": "qwen-1.5b",
  "configuration": "w4",
  "weight_bits": 4,
  "optimizations": {
    "weight_bits": 4,
    "kv_cache": false,
    "prefill": false
  },
  "model_repo": "mlx-community/Qwen2.5-1.5B-Instruct-4bit",
  "kv_bits": null,
  "prefill_step_size": 512,
  "prompt_tokens": 512,
  "generation_tokens": 128,
  "num_trials": 3,
  "memory_gb": 1.4317,
  "ttft_ms": 489.4236,
  "throughput_tps": 89.3394,
  "prompt_tps": 1046.1285,
  "mlx_version": "0.31.2",
  "mlx_lm_version": "0.31.3",
  "platform": "macOS-26.3.1-arm64-arm-64bit-Mach-O",
  "status": "ok",
  "error": null,
  "article_id": 1,
  "run_label": null,
  "benchmark_mode": "standard",
  "draft_model_repo": null,
  "draft_preset": "qwen-0.5b",
  "num_draft_tokens": null,
  "draft_accept_rate": null,
  "prefix_cache_cold_ttft_ms": null,
  "prefix_cache_warm_ttft_ms": null,
  "prefix_system_tokens": null,
  "workload": null,
  "schema_version": 1,
  "trials": {
    "ttft_ms": [
      488.95708308555186,
      490.07091601379216,
      489.4236249383539
    ],
    "throughput_tps": [
      89.33937286414864,
      89.46548304558692,
      87.27837807301337
    ],
    "memory_gb": [
      1.431729416,
      1.431729416,
      1.431729416
    ],
    "prompt_tps": [
      1047.126665532763,
      1044.7467565808183,
      1046.1284946440617
    ]
  },
  "stats": {
    "ttft_ms": {
      "n": 3,
      "mean": 489.4839,
      "median": 489.4236,
      "p50": 489.4236,
      "p95": 490.0062,
      "std": 0.4567,
      "min": 488.9571,
      "max": 490.0709
    },
    "throughput_tps": {
      "n": 3,
      "mean": 88.6944,
      "median": 89.3394,
      "p50": 89.3394,
      "p95": 89.4529,
      "std": 1.0026,
      "min": 87.2784,
      "max": 89.4655
    },
    "memory_gb": {
      "n": 3,
      "mean": 1.4317,
      "median": 1.4317,
      "p50": 1.4317,
      "p95": 1.4317,
      "std": 0.0,
      "min": 1.4317,
      "max": 1.4317
    },
    "prompt_tps": {
      "n": 3,
      "mean": 1046.0006,
      "median": 1046.1285,
      "p50": 1046.1285,
      "p95": 1047.0268,
      "std": 0.9758,
      "min": 1044.7468,
      "max": 1047.1267
    }
  },
  "warmup_policy": {
    "warmup_trials": 1,
    "warmup_discarded": true,
    "measured_trials_field": "num_trials",
    "description": "One full generate before timed trials; trials use seed+trial."
  }
}
