{
  "timestamp": "2026-05-25T06:07:53.569237+00:00",
  "hardware": "Mac M5 Max",
  "model_preset": "llama3-8b",
  "configuration": "w4+speculative",
  "weight_bits": 4,
  "optimizations": {
    "weight_bits": 4,
    "kv_cache": false,
    "prefill": false
  },
  "model_repo": "mlx-community/Meta-Llama-3.1-8B-Instruct-4bit",
  "kv_bits": null,
  "prefill_step_size": 512,
  "prompt_tokens": 512,
  "generation_tokens": 128,
  "num_trials": 3,
  "memory_gb": 5.9778,
  "ttft_ms": 215.976,
  "throughput_tps": 109.6683,
  "prompt_tps": 2370.6333,
  "mlx_version": "0.31.2",
  "mlx_lm_version": "0.29.1",
  "platform": "macOS-26.4.1-arm64-arm-64bit-Mach-O",
  "status": "ok",
  "error": null,
  "article_id": 6,
  "run_label": "llama3-8b_w4_speculative",
  "benchmark_mode": "speculative",
  "draft_model_repo": "mlx-community/Llama-3.2-1B-Instruct-4bit",
  "draft_preset": "llama-3.2-1b",
  "num_draft_tokens": 3,
  "draft_accept_rate": 0.5859,
  "prefix_cache_cold_ttft_ms": null,
  "prefix_cache_warm_ttft_ms": null,
  "prefix_system_tokens": null,
  "workload": null,
  "schema_version": 1,
  "trials": {
    "ttft_ms": [
      202.66537507995963,
      220.11016588658094,
      215.9760408103466
    ],
    "throughput_tps": [
      97.86014085482806,
      109.66826421212966,
      110.33214576726883
    ],
    "memory_gb": [
      5.977782396,
      5.977782396,
      5.977782396
    ],
    "prompt_tps": [
      2526.3318896875967,
      2326.1079193580954,
      2370.633326173428
    ],
    "draft_accept_rate": [
      0.5625,
      0.5859375,
      0.5859375
    ]
  },
  "stats": {
    "ttft_ms": {
      "n": 3,
      "mean": 212.9172,
      "median": 215.976,
      "p50": 215.976,
      "p95": 219.6968,
      "std": 7.443,
      "min": 202.6654,
      "max": 220.1102
    },
    "throughput_tps": {
      "n": 3,
      "mean": 105.9535,
      "median": 109.6683,
      "p50": 109.6683,
      "p95": 110.2658,
      "std": 5.7293,
      "min": 97.8601,
      "max": 110.3321
    },
    "memory_gb": {
      "n": 3,
      "mean": 5.9778,
      "median": 5.9778,
      "p50": 5.9778,
      "p95": 5.9778,
      "std": 0.0,
      "min": 5.9778,
      "max": 5.9778
    },
    "prompt_tps": {
      "n": 3,
      "mean": 2407.691,
      "median": 2370.6333,
      "p50": 2370.6333,
      "p95": 2510.762,
      "std": 85.8385,
      "min": 2326.1079,
      "max": 2526.3319
    },
    "draft_accept_rate": {
      "n": 3,
      "mean": 0.5781,
      "median": 0.5859,
      "p50": 0.5859,
      "p95": 0.5859,
      "std": 0.011,
      "min": 0.5625,
      "max": 0.5859
    }
  },
  "warmup_policy": {
    "warmup_trials": 1,
    "warmup_discarded": true,
    "measured_trials_field": "num_trials",
    "description": "One full generate before timed trials; trials use seed+trial."
  }
}
