{
  "timestamp": "2026-05-25T06:07:17.152591+00:00",
  "hardware": "Mac M5 Max",
  "model_preset": "llama3-8b",
  "configuration": "w4",
  "weight_bits": 4,
  "optimizations": {
    "weight_bits": 4,
    "kv_cache": false,
    "prefill": false
  },
  "model_repo": "mlx-community/Meta-Llama-3.1-8B-Instruct-4bit",
  "kv_bits": null,
  "prefill_step_size": 512,
  "prompt_tokens": 512,
  "generation_tokens": 128,
  "num_trials": 3,
  "memory_gb": 5.1148,
  "ttft_ms": 161.9449,
  "throughput_tps": 113.468,
  "prompt_tps": 3161.5688,
  "mlx_version": "0.31.2",
  "mlx_lm_version": "0.29.1",
  "platform": "macOS-26.4.1-arm64-arm-64bit-Mach-O",
  "status": "ok",
  "error": null,
  "article_id": 6,
  "run_label": "llama3-8b_w4_baseline",
  "benchmark_mode": "standard",
  "draft_model_repo": null,
  "draft_preset": "llama-3.2-1b",
  "num_draft_tokens": null,
  "draft_accept_rate": null,
  "prefix_cache_cold_ttft_ms": null,
  "prefix_cache_warm_ttft_ms": null,
  "prefix_system_tokens": null,
  "workload": null,
  "schema_version": 1,
  "trials": {
    "ttft_ms": [
      162.07699989899993,
      160.90016695670784,
      161.94491717033088
    ],
    "throughput_tps": [
      112.69508684634437,
      113.46799332562955,
      113.80184904083771
    ],
    "memory_gb": [
      5.11480844,
      5.11480844,
      5.11480844
    ],
    "prompt_tps": [
      3158.992332774289,
      3182.097381774376,
      3161.568815781277
    ]
  },
  "stats": {
    "ttft_ms": {
      "n": 3,
      "mean": 161.6407,
      "median": 161.9449,
      "p50": 161.9449,
      "p95": 162.0638,
      "std": 0.5264,
      "min": 160.9002,
      "max": 162.077
    },
    "throughput_tps": {
      "n": 3,
      "mean": 113.3216,
      "median": 113.468,
      "p50": 113.468,
      "p95": 113.7685,
      "std": 0.4635,
      "min": 112.6951,
      "max": 113.8018
    },
    "memory_gb": {
      "n": 3,
      "mean": 5.1148,
      "median": 5.1148,
      "p50": 5.1148,
      "p95": 5.1148,
      "std": 0.0,
      "min": 5.1148,
      "max": 5.1148
    },
    "prompt_tps": {
      "n": 3,
      "mean": 3167.5528,
      "median": 3161.5688,
      "p50": 3161.5688,
      "p95": 3180.0445,
      "std": 10.3382,
      "min": 3158.9923,
      "max": 3182.0974
    }
  },
  "warmup_policy": {
    "warmup_trials": 1,
    "warmup_discarded": true,
    "measured_trials_field": "num_trials",
    "description": "One full generate before timed trials; trials use seed+trial."
  }
}
