{
  "timestamp": "2026-05-20T18:28:13.738454+00:00",
  "hardware": "Mac M3",
  "model_preset": "qwen-7b",
  "configuration": "w4",
  "weight_bits": 4,
  "optimizations": {
    "weight_bits": 4,
    "kv_cache": false,
    "prefill": false
  },
  "model_repo": "mlx-community/Qwen2.5-7B-Instruct-4bit",
  "kv_bits": null,
  "prefill_step_size": 512,
  "prompt_tokens": 512,
  "generation_tokens": 128,
  "num_trials": 3,
  "memory_gb": 4.717,
  "ttft_ms": 3612.838,
  "throughput_tps": 15.8791,
  "prompt_tps": 141.7168,
  "mlx_version": "0.31.2",
  "mlx_lm_version": "0.31.3",
  "platform": "macOS-26.3.1-arm64-arm-64bit-Mach-O",
  "status": "ok",
  "error": null,
  "article_id": 6,
  "run_label": "qwen-7b_w4_baseline",
  "benchmark_mode": "standard",
  "draft_model_repo": null,
  "draft_preset": "qwen-0.5b",
  "num_draft_tokens": null,
  "draft_accept_rate": null,
  "prefix_cache_cold_ttft_ms": null,
  "prefix_cache_warm_ttft_ms": null,
  "prefix_system_tokens": null,
  "workload": null,
  "schema_version": 1,
  "trials": {
    "ttft_ms": [
      2526.272082934156,
      3612.8380410373206,
      3674.545083893463
    ],
    "throughput_tps": [
      16.148532944345433,
      15.879057734570738,
      15.599160873706264
    ],
    "memory_gb": [
      4.717032544,
      4.717032544,
      4.717032544
    ],
    "prompt_tps": [
      202.67017296305394,
      141.7168425997292,
      139.33697595499268
    ]
  },
  "stats": {
    "ttft_ms": {
      "n": 3,
      "mean": 3271.2184,
      "median": 3612.838,
      "p50": 3612.838,
      "p95": 3668.3744,
      "std": 527.3586,
      "min": 2526.2721,
      "max": 3674.5451
    },
    "throughput_tps": {
      "n": 3,
      "mean": 15.8756,
      "median": 15.8791,
      "p50": 15.8791,
      "p95": 16.1216,
      "std": 0.2243,
      "min": 15.5992,
      "max": 16.1485
    },
    "memory_gb": {
      "n": 3,
      "mean": 4.717,
      "median": 4.717,
      "p50": 4.717,
      "p95": 4.717,
      "std": 0.0,
      "min": 4.717,
      "max": 4.717
    },
    "prompt_tps": {
      "n": 3,
      "mean": 161.2413,
      "median": 141.7168,
      "p50": 141.7168,
      "p95": 196.5748,
      "std": 29.3107,
      "min": 139.337,
      "max": 202.6702
    }
  },
  "warmup_policy": {
    "warmup_trials": 1,
    "warmup_discarded": true,
    "measured_trials_field": "num_trials",
    "description": "One full generate before timed trials; trials use seed+trial."
  }
}
