{
  "timestamp": "2026-05-25T06:12:13.706829+00:00",
  "hardware": "Mac M5 Max",
  "model_preset": "llama3-8b",
  "configuration": "w4",
  "weight_bits": 4,
  "optimizations": {
    "weight_bits": 4,
    "kv_cache": false,
    "prefill": false
  },
  "model_repo": "mlx-community/Meta-Llama-3.1-8B-Instruct-4bit",
  "kv_bits": null,
  "prefill_step_size": 512,
  "prompt_tokens": 512,
  "generation_tokens": 128,
  "num_trials": 3,
  "memory_gb": 5.1148,
  "ttft_ms": 161.8487,
  "throughput_tps": 113.9175,
  "prompt_tps": 3163.4482,
  "mlx_version": "0.31.2",
  "mlx_lm_version": "0.29.1",
  "platform": "macOS-26.4.1-arm64-arm-64bit-Mach-O",
  "status": "ok",
  "error": null,
  "article_id": null,
  "run_label": null,
  "benchmark_mode": "standard",
  "draft_model_repo": null,
  "draft_preset": "llama-3.2-1b",
  "num_draft_tokens": null,
  "draft_accept_rate": null,
  "prefix_cache_cold_ttft_ms": null,
  "prefix_cache_warm_ttft_ms": null,
  "prefix_system_tokens": null,
  "workload": null,
  "schema_version": 1,
  "trials": {
    "ttft_ms": [
      162.92658308520913,
      161.54041606932878,
      161.84870805591345
    ],
    "throughput_tps": [
      113.91746592049219,
      114.03493497786192,
      112.91732676546037
    ],
    "memory_gb": [
      5.11480844,
      5.11480844,
      5.11480844
    ],
    "prompt_tps": [
      3142.5197184196063,
      3169.485460408022,
      3163.448174224046
    ]
  },
  "stats": {
    "ttft_ms": {
      "n": 3,
      "mean": 162.1052,
      "median": 161.8487,
      "p50": 161.8487,
      "p95": 162.8188,
      "std": 0.5943,
      "min": 161.5404,
      "max": 162.9266
    },
    "throughput_tps": {
      "n": 3,
      "mean": 113.6232,
      "median": 113.9175,
      "p50": 113.9175,
      "p95": 114.0232,
      "std": 0.5015,
      "min": 112.9173,
      "max": 114.0349
    },
    "memory_gb": {
      "n": 3,
      "mean": 5.1148,
      "median": 5.1148,
      "p50": 5.1148,
      "p95": 5.1148,
      "std": 0.0,
      "min": 5.1148,
      "max": 5.1148
    },
    "prompt_tps": {
      "n": 3,
      "mean": 3158.4845,
      "median": 3163.4482,
      "p50": 3163.4482,
      "p95": 3168.8817,
      "std": 11.5547,
      "min": 3142.5197,
      "max": 3169.4855
    }
  },
  "warmup_policy": {
    "warmup_trials": 1,
    "warmup_discarded": true,
    "measured_trials_field": "num_trials",
    "description": "One full generate before timed trials; trials use seed+trial."
  }
}
