{
  "timestamp": "2026-05-23T05:51:16.403327+00:00",
  "hardware": "Mac M5 Max",
  "model_preset": "gemma-27b",
  "configuration": "w4",
  "weight_bits": 4,
  "optimizations": {
    "weight_bits": 4,
    "kv_cache": false,
    "prefill": false
  },
  "model_repo": "mlx-community/gemma-2-27b-it-4bit",
  "kv_bits": null,
  "prefill_step_size": 512,
  "prompt_tokens": 512,
  "generation_tokens": 128,
  "num_trials": 3,
  "memory_gb": 16.0632,
  "ttft_ms": 662.1077,
  "throughput_tps": 33.1718,
  "prompt_tps": 773.2881,
  "mlx_version": "0.31.2",
  "mlx_lm_version": "0.29.1",
  "platform": "macOS-26.4.1-arm64-arm-64bit-Mach-O",
  "status": "ok",
  "error": null,
  "article_id": 4,
  "run_label": null,
  "benchmark_mode": "standard",
  "draft_model_repo": null,
  "draft_preset": "qwen-1.5b",
  "num_draft_tokens": null,
  "draft_accept_rate": null,
  "prefix_cache_cold_ttft_ms": null,
  "prefix_cache_warm_ttft_ms": null,
  "prefix_system_tokens": null,
  "workload": null,
  "schema_version": 1,
  "trials": {
    "ttft_ms": [
      662.1852498501539,
      662.1076660230756,
      661.5798338316381
    ],
    "throughput_tps": [
      33.19748875114129,
      33.155380386136585,
      33.17181295246044
    ],
    "memory_gb": [
      16.06316761,
      16.06316761,
      16.06316761
    ],
    "prompt_tps": [
      773.197530624339,
      773.2881316347059,
      773.9050887247814
    ]
  },
  "stats": {
    "ttft_ms": {
      "n": 3,
      "mean": 661.9576,
      "median": 662.1077,
      "p50": 662.1077,
      "p95": 662.1775,
      "std": 0.269,
      "min": 661.5798,
      "max": 662.1852
    },
    "throughput_tps": {
      "n": 3,
      "mean": 33.1749,
      "median": 33.1718,
      "p50": 33.1718,
      "p95": 33.1949,
      "std": 0.0173,
      "min": 33.1554,
      "max": 33.1975
    },
    "memory_gb": {
      "n": 3,
      "mean": 16.0632,
      "median": 16.0632,
      "p50": 16.0632,
      "p95": 16.0632,
      "std": 0.0,
      "min": 16.0632,
      "max": 16.0632
    },
    "prompt_tps": {
      "n": 3,
      "mean": 773.4636,
      "median": 773.2881,
      "p50": 773.2881,
      "p95": 773.8434,
      "std": 0.3144,
      "min": 773.1975,
      "max": 773.9051
    }
  },
  "warmup_policy": {
    "warmup_trials": 1,
    "warmup_discarded": true,
    "measured_trials_field": "num_trials",
    "description": "One full generate before timed trials; trials use seed+trial."
  }
}
