{
  "timestamp": "2026-05-25T05:01:13.218174+00:00",
  "hardware": "Mac M5 Max",
  "model_preset": "gemma-27b",
  "configuration": "w4",
  "weight_bits": 4,
  "optimizations": {
    "weight_bits": 4,
    "kv_cache": false,
    "prefill": false
  },
  "model_repo": "mlx-community/gemma-2-27b-it-4bit",
  "kv_bits": null,
  "prefill_step_size": 512,
  "prompt_tokens": 512,
  "generation_tokens": 128,
  "num_trials": 3,
  "memory_gb": 16.0632,
  "ttft_ms": 1176.8974,
  "throughput_tps": 31.0933,
  "prompt_tps": 435.0422,
  "mlx_version": "0.31.2",
  "mlx_lm_version": "0.29.1",
  "platform": "macOS-26.4.1-arm64-arm-64bit-Mach-O",
  "status": "ok",
  "error": null,
  "article_id": 4,
  "run_label": null,
  "benchmark_mode": "standard",
  "draft_model_repo": null,
  "draft_preset": "qwen-1.5b",
  "num_draft_tokens": null,
  "draft_accept_rate": null,
  "prefix_cache_cold_ttft_ms": null,
  "prefix_cache_warm_ttft_ms": null,
  "prefix_system_tokens": null,
  "workload": null,
  "schema_version": 1,
  "trials": {
    "ttft_ms": [
      1191.07637507841,
      1176.8974168226123,
      1158.6423751432449
    ],
    "throughput_tps": [
      31.058799949013984,
      31.09325493970294,
      31.17901876423608
    ],
    "memory_gb": [
      16.06316761,
      16.06316761,
      16.06316761
    ],
    "prompt_tps": [
      429.8632822486253,
      435.0421648322567,
      441.89649108656204
    ]
  },
  "stats": {
    "ttft_ms": {
      "n": 3,
      "mean": 1175.5387,
      "median": 1176.8974,
      "p50": 1176.8974,
      "p95": 1189.6585,
      "std": 13.2759,
      "min": 1158.6424,
      "max": 1191.0764
    },
    "throughput_tps": {
      "n": 3,
      "mean": 31.1104,
      "median": 31.0933,
      "p50": 31.0933,
      "p95": 31.1704,
      "std": 0.0505,
      "min": 31.0588,
      "max": 31.179
    },
    "memory_gb": {
      "n": 3,
      "mean": 16.0632,
      "median": 16.0632,
      "p50": 16.0632,
      "p95": 16.0632,
      "std": 0.0,
      "min": 16.0632,
      "max": 16.0632
    },
    "prompt_tps": {
      "n": 3,
      "mean": 435.6006,
      "median": 435.0422,
      "p50": 435.0422,
      "p95": 441.2111,
      "std": 4.9284,
      "min": 429.8633,
      "max": 441.8965
    }
  },
  "warmup_policy": {
    "warmup_trials": 1,
    "warmup_discarded": true,
    "measured_trials_field": "num_trials",
    "description": "One full generate before timed trials; trials use seed+trial."
  }
}
