{
  "timestamp": "2026-05-25T05:00:43.164680+00:00",
  "hardware": "Mac M5 Max",
  "model_preset": "gemma-27b",
  "configuration": "w8",
  "weight_bits": 8,
  "optimizations": {
    "weight_bits": 8,
    "kv_cache": false,
    "prefill": false
  },
  "model_repo": "mlx-community/gemma-2-27b-it-8bit",
  "kv_bits": null,
  "prefill_step_size": 512,
  "prompt_tokens": 512,
  "generation_tokens": 128,
  "num_trials": 3,
  "memory_gb": 29.6763,
  "ttft_ms": 1344.8757,
  "throughput_tps": 18.0135,
  "prompt_tps": 380.7043,
  "mlx_version": "0.31.2",
  "mlx_lm_version": "0.29.1",
  "platform": "macOS-26.4.1-arm64-arm-64bit-Mach-O",
  "status": "ok",
  "error": null,
  "article_id": 4,
  "run_label": null,
  "benchmark_mode": "standard",
  "draft_model_repo": null,
  "draft_preset": "qwen-1.5b",
  "num_draft_tokens": null,
  "draft_accept_rate": null,
  "prefix_cache_cold_ttft_ms": null,
  "prefix_cache_warm_ttft_ms": null,
  "prefix_system_tokens": null,
  "workload": null,
  "schema_version": 1,
  "trials": {
    "ttft_ms": [
      1331.9884580560029,
      1344.8757079895586,
      1407.3353330604732
    ],
    "throughput_tps": [
      18.013504392658227,
      18.073090400952523,
      17.87143318995111
    ],
    "memory_gb": [
      29.67630553,
      29.67630553,
      29.67630553
    ],
    "prompt_tps": [
      384.38771515126234,
      380.7043260268146,
      363.808104559256
    ]
  },
  "stats": {
    "ttft_ms": {
      "n": 3,
      "mean": 1361.3998,
      "median": 1344.8757,
      "p50": 1344.8757,
      "p95": 1401.0894,
      "std": 32.9046,
      "min": 1331.9885,
      "max": 1407.3353
    },
    "throughput_tps": {
      "n": 3,
      "mean": 17.986,
      "median": 18.0135,
      "p50": 18.0135,
      "p95": 18.0671,
      "std": 0.0846,
      "min": 17.8714,
      "max": 18.0731
    },
    "memory_gb": {
      "n": 3,
      "mean": 29.6763,
      "median": 29.6763,
      "p50": 29.6763,
      "p95": 29.6763,
      "std": 0.0,
      "min": 29.6763,
      "max": 29.6763
    },
    "prompt_tps": {
      "n": 3,
      "mean": 376.3,
      "median": 380.7043,
      "p50": 380.7043,
      "p95": 384.0194,
      "std": 8.9602,
      "min": 363.8081,
      "max": 384.3877
    }
  },
  "warmup_policy": {
    "warmup_trials": 1,
    "warmup_discarded": true,
    "measured_trials_field": "num_trials",
    "description": "One full generate before timed trials; trials use seed+trial."
  }
}
