{
  "timestamp": "2026-05-23T05:45:37.163569+00:00",
  "hardware": "Mac M5 Max",
  "model_preset": "gemma-27b",
  "configuration": "w8",
  "weight_bits": 8,
  "optimizations": {
    "weight_bits": 8,
    "kv_cache": false,
    "prefill": false
  },
  "model_repo": "mlx-community/gemma-2-27b-it-8bit",
  "kv_bits": null,
  "prefill_step_size": 512,
  "prompt_tokens": 512,
  "generation_tokens": 128,
  "num_trials": 3,
  "memory_gb": 29.6763,
  "ttft_ms": 786.8015,
  "throughput_tps": 18.2085,
  "prompt_tps": 650.736,
  "mlx_version": "0.31.2",
  "mlx_lm_version": "0.29.1",
  "platform": "macOS-26.4.1-arm64-arm-64bit-Mach-O",
  "status": "ok",
  "error": null,
  "article_id": 4,
  "run_label": null,
  "benchmark_mode": "standard",
  "draft_model_repo": null,
  "draft_preset": "qwen-1.5b",
  "num_draft_tokens": null,
  "draft_accept_rate": null,
  "prefix_cache_cold_ttft_ms": null,
  "prefix_cache_warm_ttft_ms": null,
  "prefix_system_tokens": null,
  "workload": null,
  "schema_version": 1,
  "trials": {
    "ttft_ms": [
      784.8353749141097,
      787.4252500478178,
      786.8014581035823
    ],
    "throughput_tps": [
      18.20846142040253,
      18.197845233467813,
      18.21908373372203
    ],
    "memory_gb": [
      29.67630553,
      29.67630553,
      29.67630553
    ],
    "prompt_tps": [
      652.3661093334789,
      650.2204494571489,
      650.7359572439879
    ]
  },
  "stats": {
    "ttft_ms": {
      "n": 3,
      "mean": 786.354,
      "median": 786.8015,
      "p50": 786.8015,
      "p95": 787.3629,
      "std": 1.1036,
      "min": 784.8354,
      "max": 787.4253
    },
    "throughput_tps": {
      "n": 3,
      "mean": 18.2085,
      "median": 18.2085,
      "p50": 18.2085,
      "p95": 18.218,
      "std": 0.0087,
      "min": 18.1978,
      "max": 18.2191
    },
    "memory_gb": {
      "n": 3,
      "mean": 29.6763,
      "median": 29.6763,
      "p50": 29.6763,
      "p95": 29.6763,
      "std": 0.0,
      "min": 29.6763,
      "max": 29.6763
    },
    "prompt_tps": {
      "n": 3,
      "mean": 651.1075,
      "median": 650.736,
      "p50": 650.736,
      "p95": 652.2031,
      "std": 0.9145,
      "min": 650.2204,
      "max": 652.3661
    }
  },
  "warmup_policy": {
    "warmup_trials": 1,
    "warmup_discarded": true,
    "measured_trials_field": "num_trials",
    "description": "One full generate before timed trials; trials use seed+trial."
  }
}
