{
  "timestamp": "2026-05-25T06:09:26.544002+00:00",
  "hardware": "Mac M5 Max",
  "model_preset": "llama3-8b",
  "configuration": "w4+kv_cache",
  "weight_bits": 4,
  "optimizations": {
    "weight_bits": 4,
    "kv_cache": true,
    "prefill": false
  },
  "model_repo": "mlx-community/Meta-Llama-3.1-8B-Instruct-4bit",
  "kv_bits": 4,
  "prefill_step_size": 512,
  "prompt_tokens": 512,
  "generation_tokens": 256,
  "num_trials": 3,
  "memory_gb": 5.1148,
  "ttft_ms": 164.8469,
  "throughput_tps": 107.7632,
  "prompt_tps": 3105.9127,
  "mlx_version": "0.31.2",
  "mlx_lm_version": "0.29.1",
  "platform": "macOS-26.4.1-arm64-arm-64bit-Mach-O",
  "status": "ok",
  "error": null,
  "article_id": 7,
  "run_label": "gen_g256",
  "benchmark_mode": "standard",
  "draft_model_repo": null,
  "draft_preset": "llama-3.2-1b",
  "num_draft_tokens": null,
  "draft_accept_rate": null,
  "prefix_cache_cold_ttft_ms": null,
  "prefix_cache_warm_ttft_ms": null,
  "prefix_system_tokens": null,
  "workload": null,
  "schema_version": 1,
  "trials": {
    "ttft_ms": [
      164.40354217775166,
      165.5086250975728,
      164.846875006333
    ],
    "throughput_tps": [
      107.76322297858346,
      107.40790991022311,
      108.0382269969239
    ],
    "memory_gb": [
      5.11480844,
      5.11480844,
      5.11480844
    ],
    "prompt_tps": [
      3114.288130400683,
      3093.4943704484226,
      3105.912684000411
    ]
  },
  "stats": {
    "ttft_ms": {
      "n": 3,
      "mean": 164.9197,
      "median": 164.8469,
      "p50": 164.8469,
      "p95": 165.4425,
      "std": 0.4541,
      "min": 164.4035,
      "max": 165.5086
    },
    "throughput_tps": {
      "n": 3,
      "mean": 107.7365,
      "median": 107.7632,
      "p50": 107.7632,
      "p95": 108.0107,
      "std": 0.258,
      "min": 107.4079,
      "max": 108.0382
    },
    "memory_gb": {
      "n": 3,
      "mean": 5.1148,
      "median": 5.1148,
      "p50": 5.1148,
      "p95": 5.1148,
      "std": 0.0,
      "min": 5.1148,
      "max": 5.1148
    },
    "prompt_tps": {
      "n": 3,
      "mean": 3104.5651,
      "median": 3105.9127,
      "p50": 3105.9127,
      "p95": 3113.4506,
      "std": 8.5423,
      "min": 3093.4944,
      "max": 3114.2881
    }
  },
  "warmup_policy": {
    "warmup_trials": 1,
    "warmup_discarded": true,
    "measured_trials_field": "num_trials",
    "description": "One full generate before timed trials; trials use seed+trial."
  }
}
