{
  "timestamp": "2026-05-25T06:09:09.547613+00:00",
  "hardware": "Mac M5 Max",
  "model_preset": "llama3-8b",
  "configuration": "w4+kv_cache",
  "weight_bits": 4,
  "optimizations": {
    "weight_bits": 4,
    "kv_cache": true,
    "prefill": false
  },
  "model_repo": "mlx-community/Meta-Llama-3.1-8B-Instruct-4bit",
  "kv_bits": 4,
  "prefill_step_size": 512,
  "prompt_tokens": 512,
  "generation_tokens": 64,
  "num_trials": 3,
  "memory_gb": 5.1148,
  "ttft_ms": 164.3655,
  "throughput_tps": 109.4385,
  "prompt_tps": 3115.0097,
  "mlx_version": "0.31.2",
  "mlx_lm_version": "0.29.1",
  "platform": "macOS-26.4.1-arm64-arm-64bit-Mach-O",
  "status": "ok",
  "error": null,
  "article_id": 7,
  "run_label": "gen_g64",
  "benchmark_mode": "standard",
  "draft_model_repo": null,
  "draft_preset": "llama-3.2-1b",
  "num_draft_tokens": null,
  "draft_accept_rate": null,
  "prefix_cache_cold_ttft_ms": null,
  "prefix_cache_warm_ttft_ms": null,
  "prefix_system_tokens": null,
  "workload": null,
  "schema_version": 1,
  "trials": {
    "ttft_ms": [
      164.02362496592104,
      164.36545783653855,
      164.4115000963211
    ],
    "throughput_tps": [
      110.48158815257553,
      109.43846162036705,
      109.29219154162872
    ],
    "memory_gb": [
      5.11480844,
      5.11480844,
      5.11480844
    ],
    "prompt_tps": [
      3121.5015526353445,
      3115.0097273429797,
      3114.137391241141
    ]
  },
  "stats": {
    "ttft_ms": {
      "n": 3,
      "mean": 164.2669,
      "median": 164.3655,
      "p50": 164.3655,
      "p95": 164.4069,
      "std": 0.173,
      "min": 164.0236,
      "max": 164.4115
    },
    "throughput_tps": {
      "n": 3,
      "mean": 109.7374,
      "median": 109.4385,
      "p50": 109.4385,
      "p95": 110.3773,
      "std": 0.5296,
      "min": 109.2922,
      "max": 110.4816
    },
    "memory_gb": {
      "n": 3,
      "mean": 5.1148,
      "median": 5.1148,
      "p50": 5.1148,
      "p95": 5.1148,
      "std": 0.0,
      "min": 5.1148,
      "max": 5.1148
    },
    "prompt_tps": {
      "n": 3,
      "mean": 3116.8829,
      "median": 3115.0097,
      "p50": 3115.0097,
      "p95": 3120.8524,
      "std": 3.2852,
      "min": 3114.1374,
      "max": 3121.5016
    }
  },
  "warmup_policy": {
    "warmup_trials": 1,
    "warmup_discarded": true,
    "measured_trials_field": "num_trials",
    "description": "One full generate before timed trials; trials use seed+trial."
  }
}
