{
  "timestamp": "2026-05-25T06:09:53.197037+00:00",
  "hardware": "Mac M5 Max",
  "model_preset": "llama3-8b",
  "configuration": "w4+kv_cache",
  "weight_bits": 4,
  "optimizations": {
    "weight_bits": 4,
    "kv_cache": true,
    "prefill": false
  },
  "model_repo": "mlx-community/Meta-Llama-3.1-8B-Instruct-4bit",
  "kv_bits": 4,
  "prefill_step_size": 512,
  "prompt_tokens": 512,
  "generation_tokens": 512,
  "num_trials": 3,
  "memory_gb": 5.1148,
  "ttft_ms": 165.8683,
  "throughput_tps": 107.0819,
  "prompt_tps": 3086.7873,
  "mlx_version": "0.31.2",
  "mlx_lm_version": "0.29.1",
  "platform": "macOS-26.4.1-arm64-arm-64bit-Mach-O",
  "status": "ok",
  "error": null,
  "article_id": 7,
  "run_label": "gen_g512",
  "benchmark_mode": "standard",
  "draft_model_repo": null,
  "draft_preset": "llama-3.2-1b",
  "num_draft_tokens": null,
  "draft_accept_rate": null,
  "prefix_cache_cold_ttft_ms": null,
  "prefix_cache_warm_ttft_ms": null,
  "prefix_system_tokens": null,
  "workload": null,
  "schema_version": 1,
  "trials": {
    "ttft_ms": [
      165.8682501874864,
      166.52962495572865,
      164.8732910398394
    ],
    "throughput_tps": [
      107.08185050624255,
      106.688290491248,
      107.13674402278333
    ],
    "memory_gb": [
      5.11480844,
      5.11480844,
      5.11480844
    ],
    "prompt_tps": [
      3086.7872508528267,
      3074.528031490574,
      3105.4150540143105
    ]
  },
  "stats": {
    "ttft_ms": {
      "n": 3,
      "mean": 165.7571,
      "median": 165.8683,
      "p50": 165.8683,
      "p95": 166.4635,
      "std": 0.6808,
      "min": 164.8733,
      "max": 166.5296
    },
    "throughput_tps": {
      "n": 3,
      "mean": 106.969,
      "median": 107.0819,
      "p50": 107.0819,
      "p95": 107.1313,
      "std": 0.1997,
      "min": 106.6883,
      "max": 107.1367
    },
    "memory_gb": {
      "n": 3,
      "mean": 5.1148,
      "median": 5.1148,
      "p50": 5.1148,
      "p95": 5.1148,
      "std": 0.0,
      "min": 5.1148,
      "max": 5.1148
    },
    "prompt_tps": {
      "n": 3,
      "mean": 3088.9101,
      "median": 3086.7873,
      "p50": 3086.7873,
      "p95": 3103.5523,
      "std": 12.6986,
      "min": 3074.528,
      "max": 3105.4151
    }
  },
  "warmup_policy": {
    "warmup_trials": 1,
    "warmup_discarded": true,
    "measured_trials_field": "num_trials",
    "description": "One full generate before timed trials; trials use seed+trial."
  }
}
