{
  "timestamp": "2026-05-25T04:34:40.006792+00:00",
  "hardware": "Mac M5 Max",
  "model_preset": "qwen-7b",
  "configuration": "w4+kv_cache",
  "weight_bits": 4,
  "optimizations": {
    "weight_bits": 4,
    "kv_cache": true,
    "prefill": false
  },
  "model_repo": "mlx-community/Qwen2.5-7B-Instruct-4bit",
  "kv_bits": 4,
  "prefill_step_size": 512,
  "prompt_tokens": 512,
  "generation_tokens": 128,
  "num_trials": 3,
  "memory_gb": 4.848,
  "ttft_ms": 160.277,
  "throughput_tps": 114.7038,
  "prompt_tps": 3194.4704,
  "mlx_version": "0.31.2",
  "mlx_lm_version": "0.29.1",
  "platform": "macOS-26.4.1-arm64-arm-64bit-Mach-O",
  "status": "ok",
  "error": null,
  "article_id": 2,
  "run_label": "qwen-7b_w4_kv",
  "benchmark_mode": "standard",
  "draft_model_repo": null,
  "draft_preset": "qwen-0.5b",
  "num_draft_tokens": null,
  "draft_accept_rate": null,
  "prefix_cache_cold_ttft_ms": null,
  "prefix_cache_warm_ttft_ms": null,
  "prefix_system_tokens": null,
  "workload": null,
  "schema_version": 1,
  "trials": {
    "ttft_ms": [
      167.33733285218477,
      159.88145815208554,
      160.27695778757334
    ],
    "throughput_tps": [
      114.70379856808364,
      114.62341841952475,
      114.91155905645628
    ],
    "memory_gb": [
      4.847973496,
      4.847973496,
      4.847973496
    ],
    "prompt_tps": [
      3059.687825025085,
      3202.3725947818502,
      3194.47041588218
    ]
  },
  "stats": {
    "ttft_ms": {
      "n": 3,
      "mean": 162.4986,
      "median": 160.277,
      "p50": 160.277,
      "p95": 166.6313,
      "std": 3.4253,
      "min": 159.8815,
      "max": 167.3373
    },
    "throughput_tps": {
      "n": 3,
      "mean": 114.7463,
      "median": 114.7038,
      "p50": 114.7038,
      "p95": 114.8908,
      "std": 0.1214,
      "min": 114.6234,
      "max": 114.9116
    },
    "memory_gb": {
      "n": 3,
      "mean": 4.848,
      "median": 4.848,
      "p50": 4.848,
      "p95": 4.848,
      "std": 0.0,
      "min": 4.848,
      "max": 4.848
    },
    "prompt_tps": {
      "n": 3,
      "mean": 3152.1769,
      "median": 3194.4704,
      "p50": 3194.4704,
      "p95": 3201.5824,
      "std": 65.4792,
      "min": 3059.6878,
      "max": 3202.3726
    }
  },
  "warmup_policy": {
    "warmup_trials": 1,
    "warmup_discarded": true,
    "measured_trials_field": "num_trials",
    "description": "One full generate before timed trials; trials use seed+trial."
  }
}
