{
  "timestamp": "2026-05-25T04:34:27.873247+00:00",
  "hardware": "Mac M5 Max",
  "model_preset": "mistral-7b",
  "configuration": "w4+kv_cache",
  "weight_bits": 4,
  "optimizations": {
    "weight_bits": 4,
    "kv_cache": true,
    "prefill": false
  },
  "model_repo": "mlx-community/Mistral-7B-Instruct-v0.3-4bit",
  "kv_bits": 4,
  "prefill_step_size": 512,
  "prompt_tokens": 512,
  "generation_tokens": 128,
  "num_trials": 3,
  "memory_gb": 4.6727,
  "ttft_ms": 164.8575,
  "throughput_tps": 113.0203,
  "prompt_tps": 3105.7125,
  "mlx_version": "0.31.2",
  "mlx_lm_version": "0.29.1",
  "platform": "macOS-26.4.1-arm64-arm-64bit-Mach-O",
  "status": "ok",
  "error": null,
  "article_id": 2,
  "run_label": "mistral-7b_w4_kv",
  "benchmark_mode": "standard",
  "draft_model_repo": null,
  "draft_preset": null,
  "num_draft_tokens": null,
  "draft_accept_rate": null,
  "prefix_cache_cold_ttft_ms": null,
  "prefix_cache_warm_ttft_ms": null,
  "prefix_system_tokens": null,
  "workload": null,
  "schema_version": 1,
  "trials": {
    "ttft_ms": [
      164.8574999999255,
      164.66637491248548,
      165.5064169317484
    ],
    "throughput_tps": [
      112.02105523816371,
      113.44544142396707,
      113.02034475154142
    ],
    "memory_gb": [
      4.672694404,
      4.672694404,
      4.672694404
    ],
    "prompt_tps": [
      3105.7125092897286,
      3109.317249937095,
      3093.53564346172
    ]
  },
  "stats": {
    "ttft_ms": {
      "n": 3,
      "mean": 165.0101,
      "median": 164.8575,
      "p50": 164.8575,
      "p95": 165.4415,
      "std": 0.3595,
      "min": 164.6664,
      "max": 165.5064
    },
    "throughput_tps": {
      "n": 3,
      "mean": 112.8289,
      "median": 113.0203,
      "p50": 113.0203,
      "p95": 113.4029,
      "std": 0.597,
      "min": 112.0211,
      "max": 113.4454
    },
    "memory_gb": {
      "n": 3,
      "mean": 4.6727,
      "median": 4.6727,
      "p50": 4.6727,
      "p95": 4.6727,
      "std": 0.0,
      "min": 4.6727,
      "max": 4.6727
    },
    "prompt_tps": {
      "n": 3,
      "mean": 3102.8551,
      "median": 3105.7125,
      "p50": 3105.7125,
      "p95": 3108.9568,
      "std": 6.7522,
      "min": 3093.5356,
      "max": 3109.3172
    }
  },
  "warmup_policy": {
    "warmup_trials": 1,
    "warmup_discarded": true,
    "measured_trials_field": "num_trials",
    "description": "One full generate before timed trials; trials use seed+trial."
  }
}
