{
  "timestamp": "2026-05-23T14:51:43.072730+00:00",
  "hardware": "Mac M5 Max",
  "model_preset": "qwen-7b",
  "configuration": "fp16+kv_cache",
  "weight_bits": 16,
  "optimizations": {
    "weight_bits": 16,
    "kv_cache": true,
    "prefill": false
  },
  "model_repo": "mlx-community/Qwen2.5-7B-Instruct-bf16",
  "kv_bits": 4,
  "prefill_step_size": 512,
  "prompt_tokens": 512,
  "generation_tokens": 128,
  "num_trials": 3,
  "memory_gb": 15.7099,
  "ttft_ms": 177.377,
  "throughput_tps": 36.3059,
  "prompt_tps": 2886.508,
  "mlx_version": "0.31.2",
  "mlx_lm_version": "0.29.1",
  "platform": "macOS-26.4.1-arm64-arm-64bit-Mach-O",
  "status": "ok",
  "error": null,
  "article_id": 5,
  "run_label": null,
  "benchmark_mode": "standard",
  "draft_model_repo": null,
  "draft_preset": "qwen-0.5b",
  "num_draft_tokens": null,
  "draft_accept_rate": null,
  "prefix_cache_cold_ttft_ms": null,
  "prefix_cache_warm_ttft_ms": null,
  "prefix_system_tokens": null,
  "workload": null,
  "schema_version": 1,
  "trials": {
    "ttft_ms": [
      177.63637518510222,
      176.78241687826812,
      177.3769580759108
    ],
    "throughput_tps": [
      36.46961799515149,
      36.305856417589716,
      36.096057672308085
    ],
    "memory_gb": [
      15.70987732,
      15.70987732,
      15.70987732
    ],
    "prompt_tps": [
      2882.29254546813,
      2896.215636380635,
      2886.507952069416
    ]
  },
  "stats": {
    "ttft_ms": {
      "n": 3,
      "mean": 177.2653,
      "median": 177.377,
      "p50": 177.377,
      "p95": 177.6104,
      "std": 0.3575,
      "min": 176.7824,
      "max": 177.6364
    },
    "throughput_tps": {
      "n": 3,
      "mean": 36.2905,
      "median": 36.3059,
      "p50": 36.3059,
      "p95": 36.4532,
      "std": 0.1529,
      "min": 36.0961,
      "max": 36.4696
    },
    "memory_gb": {
      "n": 3,
      "mean": 15.7099,
      "median": 15.7099,
      "p50": 15.7099,
      "p95": 15.7099,
      "std": 0.0,
      "min": 15.7099,
      "max": 15.7099
    },
    "prompt_tps": {
      "n": 3,
      "mean": 2888.3387,
      "median": 2886.508,
      "p50": 2886.508,
      "p95": 2895.2449,
      "std": 5.8296,
      "min": 2882.2925,
      "max": 2896.2156
    }
  },
  "warmup_policy": {
    "warmup_trials": 1,
    "warmup_discarded": true,
    "measured_trials_field": "num_trials",
    "description": "One full generate before timed trials; trials use seed+trial."
  }
}
