{
  "timestamp": "2026-05-25T05:22:11.499168+00:00",
  "hardware": "Mac M5 Max",
  "model_preset": "qwen-7b",
  "configuration": "fp16+prefill",
  "weight_bits": 16,
  "optimizations": {
    "weight_bits": 16,
    "kv_cache": false,
    "prefill": true
  },
  "model_repo": "mlx-community/Qwen2.5-7B-Instruct-bf16",
  "kv_bits": null,
  "prefill_step_size": 2048,
  "prompt_tokens": 512,
  "generation_tokens": 128,
  "num_trials": 3,
  "memory_gb": 15.7099,
  "ttft_ms": 174.5403,
  "throughput_tps": 37.0698,
  "prompt_tps": 2933.4194,
  "mlx_version": "0.31.2",
  "mlx_lm_version": "0.29.1",
  "platform": "macOS-26.4.1-arm64-arm-64bit-Mach-O",
  "status": "ok",
  "error": null,
  "article_id": 5,
  "run_label": null,
  "benchmark_mode": "standard",
  "draft_model_repo": null,
  "draft_preset": "qwen-0.5b",
  "num_draft_tokens": null,
  "draft_accept_rate": null,
  "prefix_cache_cold_ttft_ms": null,
  "prefix_cache_warm_ttft_ms": null,
  "prefix_system_tokens": null,
  "workload": null,
  "schema_version": 1,
  "trials": {
    "ttft_ms": [
      186.20024994015694,
      172.61804197914898,
      174.54033391550183
    ],
    "throughput_tps": [
      37.41428238913449,
      37.06983292007388,
      37.03140847709311
    ],
    "memory_gb": [
      15.70987732,
      15.70987732,
      15.70987732
    ],
    "prompt_tps": [
      2749.7277805188346,
      2966.0862452711976,
      2933.419390889149
    ]
  },
  "stats": {
    "ttft_ms": {
      "n": 3,
      "mean": 177.7862,
      "median": 174.5403,
      "p50": 174.5403,
      "p95": 185.0343,
      "std": 6.0012,
      "min": 172.618,
      "max": 186.2002
    },
    "throughput_tps": {
      "n": 3,
      "mean": 37.1718,
      "median": 37.0698,
      "p50": 37.0698,
      "p95": 37.3798,
      "std": 0.1721,
      "min": 37.0314,
      "max": 37.4143
    },
    "memory_gb": {
      "n": 3,
      "mean": 15.7099,
      "median": 15.7099,
      "p50": 15.7099,
      "p95": 15.7099,
      "std": 0.0,
      "min": 15.7099,
      "max": 15.7099
    },
    "prompt_tps": {
      "n": 3,
      "mean": 2883.0778,
      "median": 2933.4194,
      "p50": 2933.4194,
      "p95": 2962.8196,
      "std": 95.2311,
      "min": 2749.7278,
      "max": 2966.0862
    }
  },
  "warmup_policy": {
    "warmup_trials": 1,
    "warmup_discarded": true,
    "measured_trials_field": "num_trials",
    "description": "One full generate before timed trials; trials use seed+trial."
  }
}
