{
  "timestamp": "2026-05-25T05:21:49.663750+00:00",
  "hardware": "Mac M5 Max",
  "model_preset": "qwen-7b",
  "configuration": "fp16+kv_cache",
  "weight_bits": 16,
  "optimizations": {
    "weight_bits": 16,
    "kv_cache": true,
    "prefill": false
  },
  "model_repo": "mlx-community/Qwen2.5-7B-Instruct-bf16",
  "kv_bits": 4,
  "prefill_step_size": 512,
  "prompt_tokens": 512,
  "generation_tokens": 128,
  "num_trials": 3,
  "memory_gb": 15.7099,
  "ttft_ms": 176.7336,
  "throughput_tps": 36.3763,
  "prompt_tps": 2897.0159,
  "mlx_version": "0.31.2",
  "mlx_lm_version": "0.29.1",
  "platform": "macOS-26.4.1-arm64-arm-64bit-Mach-O",
  "status": "ok",
  "error": null,
  "article_id": 5,
  "run_label": null,
  "benchmark_mode": "standard",
  "draft_model_repo": null,
  "draft_preset": "qwen-0.5b",
  "num_draft_tokens": null,
  "draft_accept_rate": null,
  "prefix_cache_cold_ttft_ms": null,
  "prefix_cache_warm_ttft_ms": null,
  "prefix_system_tokens": null,
  "workload": null,
  "schema_version": 1,
  "trials": {
    "ttft_ms": [
      184.8060830961913,
      176.14254192449152,
      176.73358297906816
    ],
    "throughput_tps": [
      36.37627031771833,
      36.30106300532893,
      36.53128938854915
    ],
    "memory_gb": [
      15.70987732,
      15.70987732,
      15.70987732
    ],
    "prompt_tps": [
      2770.4715744313717,
      2906.73675084968,
      2897.0159002584123
    ]
  },
  "stats": {
    "ttft_ms": {
      "n": 3,
      "mean": 179.2274,
      "median": 176.7336,
      "p50": 176.7336,
      "p95": 183.9988,
      "std": 3.9521,
      "min": 176.1425,
      "max": 184.8061
    },
    "throughput_tps": {
      "n": 3,
      "mean": 36.4029,
      "median": 36.3763,
      "p50": 36.3763,
      "p95": 36.5158,
      "std": 0.0959,
      "min": 36.3011,
      "max": 36.5313
    },
    "memory_gb": {
      "n": 3,
      "mean": 15.7099,
      "median": 15.7099,
      "p50": 15.7099,
      "p95": 15.7099,
      "std": 0.0,
      "min": 15.7099,
      "max": 15.7099
    },
    "prompt_tps": {
      "n": 3,
      "mean": 2858.0747,
      "median": 2897.0159,
      "p50": 2897.0159,
      "p95": 2905.7647,
      "std": 62.0718,
      "min": 2770.4716,
      "max": 2906.7368
    }
  },
  "warmup_policy": {
    "warmup_trials": 1,
    "warmup_discarded": true,
    "measured_trials_field": "num_trials",
    "description": "One full generate before timed trials; trials use seed+trial."
  }
}
