{
  "timestamp": "2026-05-25T05:21:27.081515+00:00",
  "hardware": "Mac M5 Max",
  "model_preset": "qwen-7b",
  "configuration": "fp16",
  "weight_bits": 16,
  "optimizations": {
    "weight_bits": 16,
    "kv_cache": false,
    "prefill": false
  },
  "model_repo": "mlx-community/Qwen2.5-7B-Instruct-bf16",
  "kv_bits": null,
  "prefill_step_size": 512,
  "prompt_tokens": 512,
  "generation_tokens": 128,
  "num_trials": 3,
  "memory_gb": 15.7099,
  "ttft_ms": 174.1178,
  "throughput_tps": 37.0601,
  "prompt_tps": 2940.5381,
  "mlx_version": "0.31.2",
  "mlx_lm_version": "0.29.1",
  "platform": "macOS-26.4.1-arm64-arm-64bit-Mach-O",
  "status": "ok",
  "error": null,
  "article_id": 5,
  "run_label": null,
  "benchmark_mode": "standard",
  "draft_model_repo": null,
  "draft_preset": "qwen-0.5b",
  "num_draft_tokens": null,
  "draft_accept_rate": null,
  "prefix_cache_cold_ttft_ms": null,
  "prefix_cache_warm_ttft_ms": null,
  "prefix_system_tokens": null,
  "workload": null,
  "schema_version": 1,
  "trials": {
    "ttft_ms": [
      182.48562491498888,
      174.04408403672278,
      174.11779193207622
    ],
    "throughput_tps": [
      37.09712665378055,
      36.93102553475839,
      37.06012723511059
    ],
    "memory_gb": [
      15.70987732,
      15.70987732,
      15.70987732
    ],
    "prompt_tps": [
      2805.7004503150083,
      2941.7834155854994,
      2940.5380938883745
    ]
  },
  "stats": {
    "ttft_ms": {
      "n": 3,
      "mean": 176.8825,
      "median": 174.1178,
      "p50": 174.1178,
      "p95": 181.6488,
      "std": 3.9621,
      "min": 174.0441,
      "max": 182.4856
    },
    "throughput_tps": {
      "n": 3,
      "mean": 37.0294,
      "median": 37.0601,
      "p50": 37.0601,
      "p95": 37.0934,
      "std": 0.0712,
      "min": 36.931,
      "max": 37.0971
    },
    "memory_gb": {
      "n": 3,
      "mean": 15.7099,
      "median": 15.7099,
      "p50": 15.7099,
      "p95": 15.7099,
      "std": 0.0,
      "min": 15.7099,
      "max": 15.7099
    },
    "prompt_tps": {
      "n": 3,
      "mean": 2896.0073,
      "median": 2940.5381,
      "p50": 2940.5381,
      "p95": 2941.6589,
      "std": 63.8586,
      "min": 2805.7005,
      "max": 2941.7834
    }
  },
  "warmup_policy": {
    "warmup_trials": 1,
    "warmup_discarded": true,
    "measured_trials_field": "num_trials",
    "description": "One full generate before timed trials; trials use seed+trial."
  }
}
