{
  "timestamp": "2026-05-25T05:22:33.736998+00:00",
  "hardware": "Mac M5 Max",
  "model_preset": "qwen-7b",
  "configuration": "fp16+kv_cache+prefill",
  "weight_bits": 16,
  "optimizations": {
    "weight_bits": 16,
    "kv_cache": true,
    "prefill": true
  },
  "model_repo": "mlx-community/Qwen2.5-7B-Instruct-bf16",
  "kv_bits": 4,
  "prefill_step_size": 2048,
  "prompt_tokens": 512,
  "generation_tokens": 128,
  "num_trials": 3,
  "memory_gb": 15.7099,
  "ttft_ms": 179.695,
  "throughput_tps": 36.3698,
  "prompt_tps": 2849.2717,
  "mlx_version": "0.31.2",
  "mlx_lm_version": "0.29.1",
  "platform": "macOS-26.4.1-arm64-arm-64bit-Mach-O",
  "status": "ok",
  "error": null,
  "article_id": 5,
  "run_label": null,
  "benchmark_mode": "standard",
  "draft_model_repo": null,
  "draft_preset": "qwen-0.5b",
  "num_draft_tokens": null,
  "draft_accept_rate": null,
  "prefix_cache_cold_ttft_ms": null,
  "prefix_cache_warm_ttft_ms": null,
  "prefix_system_tokens": null,
  "workload": null,
  "schema_version": 1,
  "trials": {
    "ttft_ms": [
      181.724667083472,
      179.69504185020924,
      175.9843749459833
    ],
    "throughput_tps": [
      36.3595300001233,
      36.378287583450074,
      36.36984610054216
    ],
    "memory_gb": [
      15.70987732,
      15.70987732,
      15.70987732
    ],
    "prompt_tps": [
      2817.4491015290832,
      2849.2717146129976,
      2909.3491973770597
    ]
  },
  "stats": {
    "ttft_ms": {
      "n": 3,
      "mean": 179.1347,
      "median": 179.695,
      "p50": 179.695,
      "p95": 181.5217,
      "std": 2.3767,
      "min": 175.9844,
      "max": 181.7247
    },
    "throughput_tps": {
      "n": 3,
      "mean": 36.3692,
      "median": 36.3698,
      "p50": 36.3698,
      "p95": 36.3774,
      "std": 0.0077,
      "min": 36.3595,
      "max": 36.3783
    },
    "memory_gb": {
      "n": 3,
      "mean": 15.7099,
      "median": 15.7099,
      "p50": 15.7099,
      "p95": 15.7099,
      "std": 0.0,
      "min": 15.7099,
      "max": 15.7099
    },
    "prompt_tps": {
      "n": 3,
      "mean": 2858.69,
      "median": 2849.2717,
      "p50": 2849.2717,
      "p95": 2903.3414,
      "std": 38.1045,
      "min": 2817.4491,
      "max": 2909.3492
    }
  },
  "warmup_policy": {
    "warmup_trials": 1,
    "warmup_discarded": true,
    "measured_trials_field": "num_trials",
    "description": "One full generate before timed trials; trials use seed+trial."
  }
}
