{
  "timestamp": "2026-05-23T14:52:28.365940+00:00",
  "hardware": "Mac M5 Max",
  "model_preset": "qwen-7b",
  "configuration": "fp16+kv_cache+prefill",
  "weight_bits": 16,
  "optimizations": {
    "weight_bits": 16,
    "kv_cache": true,
    "prefill": true
  },
  "model_repo": "mlx-community/Qwen2.5-7B-Instruct-bf16",
  "kv_bits": 4,
  "prefill_step_size": 2048,
  "prompt_tokens": 512,
  "generation_tokens": 128,
  "num_trials": 3,
  "memory_gb": 15.7099,
  "ttft_ms": 176.7501,
  "throughput_tps": 36.5054,
  "prompt_tps": 2896.7448,
  "mlx_version": "0.31.2",
  "mlx_lm_version": "0.29.1",
  "platform": "macOS-26.4.1-arm64-arm-64bit-Mach-O",
  "status": "ok",
  "error": null,
  "article_id": 5,
  "run_label": null,
  "benchmark_mode": "standard",
  "draft_model_repo": null,
  "draft_preset": "qwen-0.5b",
  "num_draft_tokens": null,
  "draft_accept_rate": null,
  "prefix_cache_cold_ttft_ms": null,
  "prefix_cache_warm_ttft_ms": null,
  "prefix_system_tokens": null,
  "workload": null,
  "schema_version": 1,
  "trials": {
    "ttft_ms": [
      183.70791687630117,
      175.91108311899006,
      176.75012489780784
    ],
    "throughput_tps": [
      36.239621618913105,
      36.50535734929782,
      36.562317595714724
    ],
    "memory_gb": [
      15.70987732,
      15.70987732,
      15.70987732
    ],
    "prompt_tps": [
      2787.032854685042,
      2910.5613524855175,
      2896.7447705964823
    ]
  },
  "stats": {
    "ttft_ms": {
      "n": 3,
      "mean": 178.7897,
      "median": 176.7501,
      "p50": 176.7501,
      "p95": 183.0121,
      "std": 3.4945,
      "min": 175.9111,
      "max": 183.7079
    },
    "throughput_tps": {
      "n": 3,
      "mean": 36.4358,
      "median": 36.5054,
      "p50": 36.5054,
      "p95": 36.5566,
      "std": 0.1406,
      "min": 36.2396,
      "max": 36.5623
    },
    "memory_gb": {
      "n": 3,
      "mean": 15.7099,
      "median": 15.7099,
      "p50": 15.7099,
      "p95": 15.7099,
      "std": 0.0,
      "min": 15.7099,
      "max": 15.7099
    },
    "prompt_tps": {
      "n": 3,
      "mean": 2864.7797,
      "median": 2896.7448,
      "p50": 2896.7448,
      "p95": 2909.1797,
      "std": 55.2639,
      "min": 2787.0329,
      "max": 2910.5614
    }
  },
  "warmup_policy": {
    "warmup_trials": 1,
    "warmup_discarded": true,
    "measured_trials_field": "num_trials",
    "description": "One full generate before timed trials; trials use seed+trial."
  }
}
