{
  "timestamp": "2026-05-23T14:54:19.011274+00:00",
  "hardware": "Mac M5 Max",
  "model_preset": "qwen-7b",
  "configuration": "w4+kv_cache+prefill",
  "weight_bits": 4,
  "optimizations": {
    "weight_bits": 4,
    "kv_cache": true,
    "prefill": true
  },
  "model_repo": "mlx-community/Qwen2.5-7B-Instruct-4bit",
  "kv_bits": 4,
  "prefill_step_size": 2048,
  "prompt_tokens": 512,
  "generation_tokens": 128,
  "num_trials": 3,
  "memory_gb": 4.848,
  "ttft_ms": 159.0013,
  "throughput_tps": 114.4697,
  "prompt_tps": 3220.0996,
  "mlx_version": "0.31.2",
  "mlx_lm_version": "0.29.1",
  "platform": "macOS-26.4.1-arm64-arm-64bit-Mach-O",
  "status": "ok",
  "error": null,
  "article_id": 5,
  "run_label": null,
  "benchmark_mode": "standard",
  "draft_model_repo": null,
  "draft_preset": "qwen-0.5b",
  "num_draft_tokens": null,
  "draft_accept_rate": null,
  "prefix_cache_cold_ttft_ms": null,
  "prefix_cache_warm_ttft_ms": null,
  "prefix_system_tokens": null,
  "workload": null,
  "schema_version": 1,
  "trials": {
    "ttft_ms": [
      169.000708963722,
      159.00129196234047,
      158.98045804351568
    ],
    "throughput_tps": [
      114.53009625176038,
      114.46972599794205,
      114.0584375680275
    ],
    "memory_gb": [
      4.847973496,
      4.847973496,
      4.847973496
    ],
    "prompt_tps": [
      3029.5730896011028,
      3220.099621085264,
      3220.521605616816
    ]
  },
  "stats": {
    "ttft_ms": {
      "n": 3,
      "mean": 162.3275,
      "median": 159.0013,
      "p50": 159.0013,
      "p95": 168.0008,
      "std": 4.7187,
      "min": 158.9805,
      "max": 169.0007
    },
    "throughput_tps": {
      "n": 3,
      "mean": 114.3528,
      "median": 114.4697,
      "p50": 114.4697,
      "p95": 114.5241,
      "std": 0.2096,
      "min": 114.0584,
      "max": 114.5301
    },
    "memory_gb": {
      "n": 3,
      "mean": 4.848,
      "median": 4.848,
      "p50": 4.848,
      "p95": 4.848,
      "std": 0.0,
      "min": 4.848,
      "max": 4.848
    },
    "prompt_tps": {
      "n": 3,
      "mean": 3156.7314,
      "median": 3220.0996,
      "p50": 3220.0996,
      "p95": 3220.4794,
      "std": 89.9147,
      "min": 3029.5731,
      "max": 3220.5216
    }
  },
  "warmup_policy": {
    "warmup_trials": 1,
    "warmup_discarded": true,
    "measured_trials_field": "num_trials",
    "description": "One full generate before timed trials; trials use seed+trial."
  }
}
