{
  "timestamp": "2026-05-25T05:24:00.133682+00:00",
  "hardware": "Mac M5 Max",
  "model_preset": "qwen-7b",
  "configuration": "w4+kv_cache",
  "weight_bits": 4,
  "optimizations": {
    "weight_bits": 4,
    "kv_cache": true,
    "prefill": false
  },
  "model_repo": "mlx-community/Qwen2.5-7B-Instruct-4bit",
  "kv_bits": 4,
  "prefill_step_size": 512,
  "prompt_tokens": 512,
  "generation_tokens": 128,
  "num_trials": 3,
  "memory_gb": 4.848,
  "ttft_ms": 158.7507,
  "throughput_tps": 114.9778,
  "prompt_tps": 3225.1833,
  "mlx_version": "0.31.2",
  "mlx_lm_version": "0.29.1",
  "platform": "macOS-26.4.1-arm64-arm-64bit-Mach-O",
  "status": "ok",
  "error": null,
  "article_id": 5,
  "run_label": null,
  "benchmark_mode": "standard",
  "draft_model_repo": null,
  "draft_preset": "qwen-0.5b",
  "num_draft_tokens": null,
  "draft_accept_rate": null,
  "prefix_cache_cold_ttft_ms": null,
  "prefix_cache_warm_ttft_ms": null,
  "prefix_system_tokens": null,
  "workload": null,
  "schema_version": 1,
  "trials": {
    "ttft_ms": [
      167.87437489256263,
      158.7506670039147,
      158.14499999396503
    ],
    "throughput_tps": [
      115.32129789729804,
      114.97777527640466,
      114.82806766653832
    ],
    "memory_gb": [
      4.847973496,
      4.847973496,
      4.847973496
    ],
    "prompt_tps": [
      3049.8996665076083,
      3225.1832994652823,
      3237.5351735403488
    ]
  },
  "stats": {
    "ttft_ms": {
      "n": 3,
      "mean": 161.59,
      "median": 158.7507,
      "p50": 158.7507,
      "p95": 166.962,
      "std": 4.4506,
      "min": 158.145,
      "max": 167.8744
    },
    "throughput_tps": {
      "n": 3,
      "mean": 115.0424,
      "median": 114.9778,
      "p50": 114.9778,
      "p95": 115.2869,
      "std": 0.2065,
      "min": 114.8281,
      "max": 115.3213
    },
    "memory_gb": {
      "n": 3,
      "mean": 4.848,
      "median": 4.848,
      "p50": 4.848,
      "p95": 4.848,
      "std": 0.0,
      "min": 4.848,
      "max": 4.848
    },
    "prompt_tps": {
      "n": 3,
      "mean": 3170.8727,
      "median": 3225.1833,
      "p50": 3225.1833,
      "p95": 3236.3,
      "std": 85.6894,
      "min": 3049.8997,
      "max": 3237.5352
    }
  },
  "warmup_policy": {
    "warmup_trials": 1,
    "warmup_discarded": true,
    "measured_trials_field": "num_trials",
    "description": "One full generate before timed trials; trials use seed+trial."
  }
}
