{
  "timestamp": "2026-05-25T05:24:23.847767+00:00",
  "hardware": "Mac M5 Max",
  "model_preset": "qwen-7b",
  "configuration": "w4+kv_cache+prefill",
  "weight_bits": 4,
  "optimizations": {
    "weight_bits": 4,
    "kv_cache": true,
    "prefill": true
  },
  "model_repo": "mlx-community/Qwen2.5-7B-Instruct-4bit",
  "kv_bits": 4,
  "prefill_step_size": 2048,
  "prompt_tokens": 512,
  "generation_tokens": 128,
  "num_trials": 3,
  "memory_gb": 4.848,
  "ttft_ms": 158.6782,
  "throughput_tps": 114.346,
  "prompt_tps": 3226.656,
  "mlx_version": "0.31.2",
  "mlx_lm_version": "0.29.1",
  "platform": "macOS-26.4.1-arm64-arm-64bit-Mach-O",
  "status": "ok",
  "error": null,
  "article_id": 5,
  "run_label": null,
  "benchmark_mode": "standard",
  "draft_model_repo": null,
  "draft_preset": "qwen-0.5b",
  "num_draft_tokens": null,
  "draft_accept_rate": null,
  "prefix_cache_cold_ttft_ms": null,
  "prefix_cache_warm_ttft_ms": null,
  "prefix_system_tokens": null,
  "workload": null,
  "schema_version": 1,
  "trials": {
    "ttft_ms": [
      179.85074990428984,
      158.50587491877377,
      158.67820917628706
    ],
    "throughput_tps": [
      114.02037938368773,
      115.01765532214132,
      114.34598422333796
    ],
    "memory_gb": [
      4.847973496,
      4.847973496,
      4.847973496
    ],
    "prompt_tps": [
      2846.8049217057373,
      3230.16418326686,
      3226.656027048946
    ]
  },
  "stats": {
    "ttft_ms": {
      "n": 3,
      "mean": 165.6783,
      "median": 158.6782,
      "p50": 158.6782,
      "p95": 177.7335,
      "std": 10.0217,
      "min": 158.5059,
      "max": 179.8507
    },
    "throughput_tps": {
      "n": 3,
      "mean": 114.4613,
      "median": 114.346,
      "p50": 114.346,
      "p95": 114.9505,
      "std": 0.4152,
      "min": 114.0204,
      "max": 115.0177
    },
    "memory_gb": {
      "n": 3,
      "mean": 4.848,
      "median": 4.848,
      "p50": 4.848,
      "p95": 4.848,
      "std": 0.0,
      "min": 4.848,
      "max": 4.848
    },
    "prompt_tps": {
      "n": 3,
      "mean": 3101.2084,
      "median": 3226.656,
      "p50": 3226.656,
      "p95": 3229.8134,
      "std": 179.8961,
      "min": 2846.8049,
      "max": 3230.1642
    }
  },
  "warmup_policy": {
    "warmup_trials": 1,
    "warmup_discarded": true,
    "measured_trials_field": "num_trials",
    "description": "One full generate before timed trials; trials use seed+trial."
  }
}
