{
  "timestamp": "2026-05-23T14:53:55.262789+00:00",
  "hardware": "Mac M5 Max",
  "model_preset": "qwen-7b",
  "configuration": "w4+kv_cache",
  "weight_bits": 4,
  "optimizations": {
    "weight_bits": 4,
    "kv_cache": true,
    "prefill": false
  },
  "model_repo": "mlx-community/Qwen2.5-7B-Instruct-4bit",
  "kv_bits": 4,
  "prefill_step_size": 512,
  "prompt_tokens": 512,
  "generation_tokens": 128,
  "num_trials": 3,
  "memory_gb": 4.848,
  "ttft_ms": 159.3577,
  "throughput_tps": 115.0407,
  "prompt_tps": 3212.8976,
  "mlx_version": "0.31.2",
  "mlx_lm_version": "0.29.1",
  "platform": "macOS-26.4.1-arm64-arm-64bit-Mach-O",
  "status": "ok",
  "error": null,
  "article_id": 5,
  "run_label": null,
  "benchmark_mode": "standard",
  "draft_model_repo": null,
  "draft_preset": "qwen-0.5b",
  "num_draft_tokens": null,
  "draft_accept_rate": null,
  "prefix_cache_cold_ttft_ms": null,
  "prefix_cache_warm_ttft_ms": null,
  "prefix_system_tokens": null,
  "workload": null,
  "schema_version": 1,
  "trials": {
    "ttft_ms": [
      169.55416719429195,
      159.2986669857055,
      159.3577079474926
    ],
    "throughput_tps": [
      115.18986898326779,
      115.0406729082195,
      114.63754232074852
    ],
    "memory_gb": [
      4.847973496,
      4.847973496,
      4.847973496
    ],
    "prompt_tps": [
      3019.6839657340875,
      3214.0884144745783,
      3212.8976162778454
    ]
  },
  "stats": {
    "ttft_ms": {
      "n": 3,
      "mean": 162.7368,
      "median": 159.3577,
      "p50": 159.3577,
      "p95": 168.5345,
      "std": 4.8206,
      "min": 159.2987,
      "max": 169.5542
    },
    "throughput_tps": {
      "n": 3,
      "mean": 114.956,
      "median": 115.0407,
      "p50": 115.0407,
      "p95": 115.1749,
      "std": 0.2333,
      "min": 114.6375,
      "max": 115.1899
    },
    "memory_gb": {
      "n": 3,
      "mean": 4.848,
      "median": 4.848,
      "p50": 4.848,
      "p95": 4.848,
      "std": 0.0,
      "min": 4.848,
      "max": 4.848
    },
    "prompt_tps": {
      "n": 3,
      "mean": 3148.89,
      "median": 3212.8976,
      "p50": 3212.8976,
      "p95": 3213.9693,
      "std": 91.3638,
      "min": 3019.684,
      "max": 3214.0884
    }
  },
  "warmup_policy": {
    "warmup_trials": 1,
    "warmup_discarded": true,
    "measured_trials_field": "num_trials",
    "description": "One full generate before timed trials; trials use seed+trial."
  }
}
