{
  "timestamp": "2026-05-25T05:24:11.828091+00:00",
  "hardware": "Mac M5 Max",
  "model_preset": "qwen-7b",
  "configuration": "w4+prefill",
  "weight_bits": 4,
  "optimizations": {
    "weight_bits": 4,
    "kv_cache": false,
    "prefill": true
  },
  "model_repo": "mlx-community/Qwen2.5-7B-Instruct-4bit",
  "kv_bits": null,
  "prefill_step_size": 2048,
  "prompt_tokens": 512,
  "generation_tokens": 128,
  "num_trials": 3,
  "memory_gb": 4.848,
  "ttft_ms": 156.5937,
  "throughput_tps": 121.7405,
  "prompt_tps": 3269.6069,
  "mlx_version": "0.31.2",
  "mlx_lm_version": "0.29.1",
  "platform": "macOS-26.4.1-arm64-arm-64bit-Mach-O",
  "status": "ok",
  "error": null,
  "article_id": 5,
  "run_label": null,
  "benchmark_mode": "standard",
  "draft_model_repo": null,
  "draft_preset": "qwen-0.5b",
  "num_draft_tokens": null,
  "draft_accept_rate": null,
  "prefix_cache_cold_ttft_ms": null,
  "prefix_cache_warm_ttft_ms": null,
  "prefix_system_tokens": null,
  "workload": null,
  "schema_version": 1,
  "trials": {
    "ttft_ms": [
      165.2697918470949,
      156.59374999813735,
      155.88920889422297
    ],
    "throughput_tps": [
      121.40022362755711,
      121.74046537440934,
      121.94379843515276
    ],
    "memory_gb": [
      4.847973496,
      4.847973496,
      4.847973496
    ],
    "prompt_tps": [
      3097.9648142456344,
      3269.6068649361173,
      3284.3838494774345
    ]
  },
  "stats": {
    "ttft_ms": {
      "n": 3,
      "mean": 159.2509,
      "median": 156.5937,
      "p50": 156.5937,
      "p95": 164.4022,
      "std": 4.2657,
      "min": 155.8892,
      "max": 165.2698
    },
    "throughput_tps": {
      "n": 3,
      "mean": 121.6948,
      "median": 121.7405,
      "p50": 121.7405,
      "p95": 121.9235,
      "std": 0.2242,
      "min": 121.4002,
      "max": 121.9438
    },
    "memory_gb": {
      "n": 3,
      "mean": 4.848,
      "median": 4.848,
      "p50": 4.848,
      "p95": 4.848,
      "std": 0.0,
      "min": 4.848,
      "max": 4.848
    },
    "prompt_tps": {
      "n": 3,
      "mean": 3217.3185,
      "median": 3269.6069,
      "p50": 3269.6069,
      "p95": 3282.9062,
      "std": 84.6111,
      "min": 3097.9648,
      "max": 3284.3838
    }
  },
  "warmup_policy": {
    "warmup_trials": 1,
    "warmup_discarded": true,
    "measured_trials_field": "num_trials",
    "description": "One full generate before timed trials; trials use seed+trial."
  }
}
