{
  "timestamp": "2026-05-23T14:54:07.000964+00:00",
  "hardware": "Mac M5 Max",
  "model_preset": "qwen-7b",
  "configuration": "w4+prefill",
  "weight_bits": 4,
  "optimizations": {
    "weight_bits": 4,
    "kv_cache": false,
    "prefill": true
  },
  "model_repo": "mlx-community/Qwen2.5-7B-Instruct-4bit",
  "kv_bits": null,
  "prefill_step_size": 2048,
  "prompt_tokens": 512,
  "generation_tokens": 128,
  "num_trials": 3,
  "memory_gb": 4.848,
  "ttft_ms": 156.7941,
  "throughput_tps": 122.4188,
  "prompt_tps": 3265.4293,
  "mlx_version": "0.31.2",
  "mlx_lm_version": "0.29.1",
  "platform": "macOS-26.4.1-arm64-arm-64bit-Mach-O",
  "status": "ok",
  "error": null,
  "article_id": 5,
  "run_label": null,
  "benchmark_mode": "standard",
  "draft_model_repo": null,
  "draft_preset": "qwen-0.5b",
  "num_draft_tokens": null,
  "draft_accept_rate": null,
  "prefix_cache_cold_ttft_ms": null,
  "prefix_cache_warm_ttft_ms": null,
  "prefix_system_tokens": null,
  "workload": null,
  "schema_version": 1,
  "trials": {
    "ttft_ms": [
      166.62666713818908,
      156.7940830718726,
      156.50279191322625
    ],
    "throughput_tps": [
      122.20696227017014,
      122.41876037733385,
      122.47477504530153
    ],
    "memory_gb": [
      4.847973496,
      4.847973496,
      4.847973496
    ],
    "prompt_tps": [
      3072.7374482944033,
      3265.4293450940054,
      3271.507132498192
    ]
  },
  "stats": {
    "ttft_ms": {
      "n": 3,
      "mean": 159.9745,
      "median": 156.7941,
      "p50": 156.7941,
      "p95": 165.6434,
      "std": 4.7053,
      "min": 156.5028,
      "max": 166.6267
    },
    "throughput_tps": {
      "n": 3,
      "mean": 122.3668,
      "median": 122.4188,
      "p50": 122.4188,
      "p95": 122.4692,
      "std": 0.1153,
      "min": 122.207,
      "max": 122.4748
    },
    "memory_gb": {
      "n": 3,
      "mean": 4.848,
      "median": 4.848,
      "p50": 4.848,
      "p95": 4.848,
      "std": 0.0,
      "min": 4.848,
      "max": 4.848
    },
    "prompt_tps": {
      "n": 3,
      "mean": 3203.2246,
      "median": 3265.4293,
      "p50": 3265.4293,
      "p95": 3270.8994,
      "std": 92.3017,
      "min": 3072.7374,
      "max": 3271.5071
    }
  },
  "warmup_policy": {
    "warmup_trials": 1,
    "warmup_discarded": true,
    "measured_trials_field": "num_trials",
    "description": "One full generate before timed trials; trials use seed+trial."
  }
}
