{
  "timestamp": "2026-05-23T14:53:43.249653+00:00",
  "hardware": "Mac M5 Max",
  "model_preset": "qwen-7b",
  "configuration": "w4",
  "weight_bits": 4,
  "optimizations": {
    "weight_bits": 4,
    "kv_cache": false,
    "prefill": false
  },
  "model_repo": "mlx-community/Qwen2.5-7B-Instruct-4bit",
  "kv_bits": null,
  "prefill_step_size": 512,
  "prompt_tokens": 512,
  "generation_tokens": 128,
  "num_trials": 3,
  "memory_gb": 4.848,
  "ttft_ms": 157.7769,
  "throughput_tps": 121.3562,
  "prompt_tps": 3245.089,
  "mlx_version": "0.31.2",
  "mlx_lm_version": "0.29.1",
  "platform": "macOS-26.4.1-arm64-arm-64bit-Mach-O",
  "status": "ok",
  "error": null,
  "article_id": 5,
  "run_label": null,
  "benchmark_mode": "standard",
  "draft_model_repo": null,
  "draft_preset": "qwen-0.5b",
  "num_draft_tokens": null,
  "draft_accept_rate": null,
  "prefix_cache_cold_ttft_ms": null,
  "prefix_cache_warm_ttft_ms": null,
  "prefix_system_tokens": null,
  "workload": null,
  "schema_version": 1,
  "trials": {
    "ttft_ms": [
      165.37437494844198,
      157.10808313451707,
      157.77687495574355
    ],
    "throughput_tps": [
      121.35624611186343,
      121.18771059637375,
      121.4091812068331
    ],
    "memory_gb": [
      4.847973496,
      4.847973496,
      4.847973496
    ],
    "prompt_tps": [
      3096.0056548036773,
      3258.902978032148,
      3245.0889912961966
    ]
  },
  "stats": {
    "ttft_ms": {
      "n": 3,
      "mean": 160.0864,
      "median": 157.7769,
      "p50": 157.7769,
      "p95": 164.6146,
      "std": 3.7491,
      "min": 157.1081,
      "max": 165.3744
    },
    "throughput_tps": {
      "n": 3,
      "mean": 121.3177,
      "median": 121.3562,
      "p50": 121.3562,
      "p95": 121.4039,
      "std": 0.0944,
      "min": 121.1877,
      "max": 121.4092
    },
    "memory_gb": {
      "n": 3,
      "mean": 4.848,
      "median": 4.848,
      "p50": 4.848,
      "p95": 4.848,
      "std": 0.0,
      "min": 4.848,
      "max": 4.848
    },
    "prompt_tps": {
      "n": 3,
      "mean": 3199.9992,
      "median": 3245.089,
      "p50": 3245.089,
      "p95": 3257.5216,
      "std": 73.7505,
      "min": 3096.0057,
      "max": 3258.903
    }
  },
  "warmup_policy": {
    "warmup_trials": 1,
    "warmup_discarded": true,
    "measured_trials_field": "num_trials",
    "description": "One full generate before timed trials; trials use seed+trial."
  }
}
