{
  "timestamp": "2026-05-25T05:23:48.158329+00:00",
  "hardware": "Mac M5 Max",
  "model_preset": "qwen-7b",
  "configuration": "w4",
  "weight_bits": 4,
  "optimizations": {
    "weight_bits": 4,
    "kv_cache": false,
    "prefill": false
  },
  "model_repo": "mlx-community/Qwen2.5-7B-Instruct-4bit",
  "kv_bits": null,
  "prefill_step_size": 512,
  "prompt_tokens": 512,
  "generation_tokens": 128,
  "num_trials": 3,
  "memory_gb": 4.848,
  "ttft_ms": 156.9249,
  "throughput_tps": 121.7652,
  "prompt_tps": 3262.7069,
  "mlx_version": "0.31.2",
  "mlx_lm_version": "0.29.1",
  "platform": "macOS-26.4.1-arm64-arm-64bit-Mach-O",
  "status": "ok",
  "error": null,
  "article_id": 5,
  "run_label": null,
  "benchmark_mode": "standard",
  "draft_model_repo": null,
  "draft_preset": "qwen-0.5b",
  "num_draft_tokens": null,
  "draft_accept_rate": null,
  "prefix_cache_cold_ttft_ms": null,
  "prefix_cache_warm_ttft_ms": null,
  "prefix_system_tokens": null,
  "workload": null,
  "schema_version": 1,
  "trials": {
    "ttft_ms": [
      162.73295786231756,
      156.84512490406632,
      156.9249159656465
    ],
    "throughput_tps": [
      121.76524399032654,
      121.85873122524706,
      121.45785483464623
    ],
    "memory_gb": [
      4.847973496,
      4.847973496,
      4.847973496
    ],
    "prompt_tps": [
      3146.2587955488684,
      3264.3666821851343,
      3262.706861108566
    ]
  },
  "stats": {
    "ttft_ms": {
      "n": 3,
      "mean": 158.8343,
      "median": 156.9249,
      "p50": 156.9249,
      "p95": 162.1522,
      "std": 2.7569,
      "min": 156.8451,
      "max": 162.733
    },
    "throughput_tps": {
      "n": 3,
      "mean": 121.6939,
      "median": 121.7652,
      "p50": 121.7652,
      "p95": 121.8494,
      "std": 0.1712,
      "min": 121.4579,
      "max": 121.8587
    },
    "memory_gb": {
      "n": 3,
      "mean": 4.848,
      "median": 4.848,
      "p50": 4.848,
      "p95": 4.848,
      "std": 0.0,
      "min": 4.848,
      "max": 4.848
    },
    "prompt_tps": {
      "n": 3,
      "mean": 3224.4441,
      "median": 3262.7069,
      "p50": 3262.7069,
      "p95": 3264.2007,
      "std": 55.2895,
      "min": 3146.2588,
      "max": 3264.3667
    }
  },
  "warmup_policy": {
    "warmup_trials": 1,
    "warmup_discarded": true,
    "measured_trials_field": "num_trials",
    "description": "One full generate before timed trials; trials use seed+trial."
  }
}
