{
  "timestamp": "2026-05-25T05:23:36.158977+00:00",
  "hardware": "Mac M5 Max",
  "model_preset": "qwen-7b",
  "configuration": "w8+kv_cache+prefill",
  "weight_bits": 8,
  "optimizations": {
    "weight_bits": 8,
    "kv_cache": true,
    "prefill": true
  },
  "model_repo": "mlx-community/Qwen2.5-7B-Instruct-8bit",
  "kv_bits": 4,
  "prefill_step_size": 2048,
  "prompt_tokens": 512,
  "generation_tokens": 128,
  "num_trials": 3,
  "memory_gb": 8.5247,
  "ttft_ms": 181.0065,
  "throughput_tps": 65.2486,
  "prompt_tps": 2828.627,
  "mlx_version": "0.31.2",
  "mlx_lm_version": "0.29.1",
  "platform": "macOS-26.4.1-arm64-arm-64bit-Mach-O",
  "status": "ok",
  "error": null,
  "article_id": 5,
  "run_label": null,
  "benchmark_mode": "standard",
  "draft_model_repo": null,
  "draft_preset": "qwen-0.5b",
  "num_draft_tokens": null,
  "draft_accept_rate": null,
  "prefix_cache_cold_ttft_ms": null,
  "prefix_cache_warm_ttft_ms": null,
  "prefix_system_tokens": null,
  "workload": null,
  "schema_version": 1,
  "trials": {
    "ttft_ms": [
      181.00887490436435,
      181.00654217414558,
      179.94070891290903
    ],
    "throughput_tps": [
      65.10706149621292,
      65.37201560936897,
      65.24857220860429
    ],
    "memory_gb": [
      8.524674144,
      8.524674144,
      8.524674144
    ],
    "prompt_tps": [
      2828.5905885582356,
      2828.6270421508143,
      2845.381698745041
    ]
  },
  "stats": {
    "ttft_ms": {
      "n": 3,
      "mean": 180.652,
      "median": 181.0065,
      "p50": 181.0065,
      "p95": 181.0086,
      "std": 0.503,
      "min": 179.9407,
      "max": 181.0089
    },
    "throughput_tps": {
      "n": 3,
      "mean": 65.2425,
      "median": 65.2486,
      "p50": 65.2486,
      "p95": 65.3597,
      "std": 0.1083,
      "min": 65.1071,
      "max": 65.372
    },
    "memory_gb": {
      "n": 3,
      "mean": 8.5247,
      "median": 8.5247,
      "p50": 8.5247,
      "p95": 8.5247,
      "std": 0.0,
      "min": 8.5247,
      "max": 8.5247
    },
    "prompt_tps": {
      "n": 3,
      "mean": 2834.1998,
      "median": 2828.627,
      "p50": 2828.627,
      "p95": 2843.7062,
      "std": 7.9068,
      "min": 2828.5906,
      "max": 2845.3817
    }
  },
  "warmup_policy": {
    "warmup_trials": 1,
    "warmup_discarded": true,
    "measured_trials_field": "num_trials",
    "description": "One full generate before timed trials; trials use seed+trial."
  }
}
