{
  "timestamp": "2026-05-25T05:23:05.227445+00:00",
  "hardware": "Mac M5 Max",
  "model_preset": "qwen-7b",
  "configuration": "w8+kv_cache",
  "weight_bits": 8,
  "optimizations": {
    "weight_bits": 8,
    "kv_cache": true,
    "prefill": false
  },
  "model_repo": "mlx-community/Qwen2.5-7B-Instruct-8bit",
  "kv_bits": 4,
  "prefill_step_size": 512,
  "prompt_tokens": 512,
  "generation_tokens": 128,
  "num_trials": 3,
  "memory_gb": 8.5247,
  "ttft_ms": 179.5615,
  "throughput_tps": 64.5687,
  "prompt_tps": 2851.3901,
  "mlx_version": "0.31.2",
  "mlx_lm_version": "0.29.1",
  "platform": "macOS-26.4.1-arm64-arm-64bit-Mach-O",
  "status": "ok",
  "error": null,
  "article_id": 5,
  "run_label": null,
  "benchmark_mode": "standard",
  "draft_model_repo": null,
  "draft_preset": "qwen-0.5b",
  "num_draft_tokens": null,
  "draft_accept_rate": null,
  "prefix_cache_cold_ttft_ms": null,
  "prefix_cache_warm_ttft_ms": null,
  "prefix_system_tokens": null,
  "workload": null,
  "schema_version": 1,
  "trials": {
    "ttft_ms": [
      181.68083298951387,
      179.5615421142429,
      179.48691686615348
    ],
    "throughput_tps": [
      64.19986486404767,
      64.56866969937863,
      64.9405845588684
    ],
    "memory_gb": [
      8.524674144,
      8.524674144,
      8.524674144
    ],
    "prompt_tps": [
      2818.1288668439297,
      2851.3900803672586,
      2852.575602386704
    ]
  },
  "stats": {
    "ttft_ms": {
      "n": 3,
      "mean": 180.2431,
      "median": 179.5615,
      "p50": 179.5615,
      "p95": 181.4689,
      "std": 1.0171,
      "min": 179.4869,
      "max": 181.6808
    },
    "throughput_tps": {
      "n": 3,
      "mean": 64.5697,
      "median": 64.5687,
      "p50": 64.5687,
      "p95": 64.9034,
      "std": 0.3024,
      "min": 64.1999,
      "max": 64.9406
    },
    "memory_gb": {
      "n": 3,
      "mean": 8.5247,
      "median": 8.5247,
      "p50": 8.5247,
      "p95": 8.5247,
      "std": 0.0,
      "min": 8.5247,
      "max": 8.5247
    },
    "prompt_tps": {
      "n": 3,
      "mean": 2840.6982,
      "median": 2851.3901,
      "p50": 2851.3901,
      "p95": 2852.4571,
      "std": 15.9663,
      "min": 2818.1289,
      "max": 2852.5756
    }
  },
  "warmup_policy": {
    "warmup_trials": 1,
    "warmup_discarded": true,
    "measured_trials_field": "num_trials",
    "description": "One full generate before timed trials; trials use seed+trial."
  }
}
