{
  "timestamp": "2026-05-25T05:23:20.594680+00:00",
  "hardware": "Mac M5 Max",
  "model_preset": "qwen-7b",
  "configuration": "w8+prefill",
  "weight_bits": 8,
  "optimizations": {
    "weight_bits": 8,
    "kv_cache": false,
    "prefill": true
  },
  "model_repo": "mlx-community/Qwen2.5-7B-Instruct-8bit",
  "kv_bits": null,
  "prefill_step_size": 2048,
  "prompt_tokens": 512,
  "generation_tokens": 128,
  "num_trials": 3,
  "memory_gb": 8.5247,
  "ttft_ms": 179.4409,
  "throughput_tps": 67.185,
  "prompt_tps": 2853.3069,
  "mlx_version": "0.31.2",
  "mlx_lm_version": "0.29.1",
  "platform": "macOS-26.4.1-arm64-arm-64bit-Mach-O",
  "status": "ok",
  "error": null,
  "article_id": 5,
  "run_label": null,
  "benchmark_mode": "standard",
  "draft_model_repo": null,
  "draft_preset": "qwen-0.5b",
  "num_draft_tokens": null,
  "draft_accept_rate": null,
  "prefix_cache_cold_ttft_ms": null,
  "prefix_cache_warm_ttft_ms": null,
  "prefix_system_tokens": null,
  "workload": null,
  "schema_version": 1,
  "trials": {
    "ttft_ms": [
      183.29016701318324,
      178.16720809787512,
      179.44091698154807
    ],
    "throughput_tps": [
      67.2521706505229,
      67.18496486569508,
      66.97243188540742
    ],
    "memory_gb": [
      8.524674144,
      8.524674144,
      8.524674144
    ],
    "prompt_tps": [
      2793.3849826388896,
      2873.705018258667,
      2853.306863409804
    ]
  },
  "stats": {
    "ttft_ms": {
      "n": 3,
      "mean": 180.2994,
      "median": 179.4409,
      "p50": 179.4409,
      "p95": 182.9052,
      "std": 2.1778,
      "min": 178.1672,
      "max": 183.2902
    },
    "throughput_tps": {
      "n": 3,
      "mean": 67.1365,
      "median": 67.185,
      "p50": 67.185,
      "p95": 67.2455,
      "std": 0.1192,
      "min": 66.9724,
      "max": 67.2522
    },
    "memory_gb": {
      "n": 3,
      "mean": 8.5247,
      "median": 8.5247,
      "p50": 8.5247,
      "p95": 8.5247,
      "std": 0.0,
      "min": 8.5247,
      "max": 8.5247
    },
    "prompt_tps": {
      "n": 3,
      "mean": 2840.1323,
      "median": 2853.3069,
      "p50": 2853.3069,
      "p95": 2871.6652,
      "std": 34.0882,
      "min": 2793.385,
      "max": 2873.705
    }
  },
  "warmup_policy": {
    "warmup_trials": 1,
    "warmup_discarded": true,
    "measured_trials_field": "num_trials",
    "description": "One full generate before timed trials; trials use seed+trial."
  }
}
