{
  "timestamp": "2026-05-23T14:53:15.555694+00:00",
  "hardware": "Mac M5 Max",
  "model_preset": "qwen-7b",
  "configuration": "w8+prefill",
  "weight_bits": 8,
  "optimizations": {
    "weight_bits": 8,
    "kv_cache": false,
    "prefill": true
  },
  "model_repo": "mlx-community/Qwen2.5-7B-Instruct-8bit",
  "kv_bits": null,
  "prefill_step_size": 2048,
  "prompt_tokens": 512,
  "generation_tokens": 128,
  "num_trials": 3,
  "memory_gb": 8.5247,
  "ttft_ms": 178.8909,
  "throughput_tps": 67.4228,
  "prompt_tps": 2862.08,
  "mlx_version": "0.31.2",
  "mlx_lm_version": "0.29.1",
  "platform": "macOS-26.4.1-arm64-arm-64bit-Mach-O",
  "status": "ok",
  "error": null,
  "article_id": 5,
  "run_label": null,
  "benchmark_mode": "standard",
  "draft_model_repo": null,
  "draft_preset": "qwen-0.5b",
  "num_draft_tokens": null,
  "draft_accept_rate": null,
  "prefix_cache_cold_ttft_ms": null,
  "prefix_cache_warm_ttft_ms": null,
  "prefix_system_tokens": null,
  "workload": null,
  "schema_version": 1,
  "trials": {
    "ttft_ms": [
      189.17570798657835,
      178.89087507501245,
      177.98008397221565
    ],
    "throughput_tps": [
      67.42340069092688,
      67.36870914903403,
      67.42281473191723
    ],
    "memory_gb": [
      8.524674144,
      8.524674144,
      8.524674144
    ],
    "prompt_tps": [
      2706.4785719545207,
      2862.080023843074,
      2876.7263649562497
    ]
  },
  "stats": {
    "ttft_ms": {
      "n": 3,
      "mean": 182.0156,
      "median": 178.8909,
      "p50": 178.8909,
      "p95": 188.1472,
      "std": 5.0766,
      "min": 177.9801,
      "max": 189.1757
    },
    "throughput_tps": {
      "n": 3,
      "mean": 67.405,
      "median": 67.4228,
      "p50": 67.4228,
      "p95": 67.4233,
      "std": 0.0256,
      "min": 67.3687,
      "max": 67.4234
    },
    "memory_gb": {
      "n": 3,
      "mean": 8.5247,
      "median": 8.5247,
      "p50": 8.5247,
      "p95": 8.5247,
      "std": 0.0,
      "min": 8.5247,
      "max": 8.5247
    },
    "prompt_tps": {
      "n": 3,
      "mean": 2815.095,
      "median": 2862.08,
      "p50": 2862.08,
      "p95": 2875.2617,
      "std": 77.0358,
      "min": 2706.4786,
      "max": 2876.7264
    }
  },
  "warmup_policy": {
    "warmup_trials": 1,
    "warmup_discarded": true,
    "measured_trials_field": "num_trials",
    "description": "One full generate before timed trials; trials use seed+trial."
  }
}
