{
  "timestamp": "2026-05-25T05:22:49.550991+00:00",
  "hardware": "Mac M5 Max",
  "model_preset": "qwen-7b",
  "configuration": "w8",
  "weight_bits": 8,
  "optimizations": {
    "weight_bits": 8,
    "kv_cache": false,
    "prefill": false
  },
  "model_repo": "mlx-community/Qwen2.5-7B-Instruct-8bit",
  "kv_bits": null,
  "prefill_step_size": 512,
  "prompt_tokens": 512,
  "generation_tokens": 128,
  "num_trials": 3,
  "memory_gb": 8.5247,
  "ttft_ms": 179.2969,
  "throughput_tps": 67.3257,
  "prompt_tps": 2855.5985,
  "mlx_version": "0.31.2",
  "mlx_lm_version": "0.29.1",
  "platform": "macOS-26.4.1-arm64-arm-64bit-Mach-O",
  "status": "ok",
  "error": null,
  "article_id": 5,
  "run_label": null,
  "benchmark_mode": "standard",
  "draft_model_repo": null,
  "draft_preset": "qwen-0.5b",
  "num_draft_tokens": null,
  "draft_accept_rate": null,
  "prefix_cache_cold_ttft_ms": null,
  "prefix_cache_warm_ttft_ms": null,
  "prefix_system_tokens": null,
  "workload": null,
  "schema_version": 1,
  "trials": {
    "ttft_ms": [
      187.08962481468916,
      179.29691704921424,
      179.11433312110603
    ],
    "throughput_tps": [
      67.32566925630559,
      67.2700224281328,
      67.32571352382813
    ],
    "memory_gb": [
      8.524674144,
      8.524674144,
      8.524674144
    ],
    "prompt_tps": [
      2736.656297788464,
      2855.598458837214,
      2858.509372635284
    ]
  },
  "stats": {
    "ttft_ms": {
      "n": 3,
      "mean": 181.8336,
      "median": 179.2969,
      "p50": 179.2969,
      "p95": 186.3104,
      "std": 3.7173,
      "min": 179.1143,
      "max": 187.0896
    },
    "throughput_tps": {
      "n": 3,
      "mean": 67.3071,
      "median": 67.3257,
      "p50": 67.3257,
      "p95": 67.3257,
      "std": 0.0262,
      "min": 67.27,
      "max": 67.3257
    },
    "memory_gb": {
      "n": 3,
      "mean": 8.5247,
      "median": 8.5247,
      "p50": 8.5247,
      "p95": 8.5247,
      "std": 0.0,
      "min": 8.5247,
      "max": 8.5247
    },
    "prompt_tps": {
      "n": 3,
      "mean": 2816.9214,
      "median": 2855.5985,
      "p50": 2855.5985,
      "p95": 2858.2183,
      "std": 56.7684,
      "min": 2736.6563,
      "max": 2858.5094
    }
  },
  "warmup_policy": {
    "warmup_trials": 1,
    "warmup_discarded": true,
    "measured_trials_field": "num_trials",
    "description": "One full generate before timed trials; trials use seed+trial."
  }
}
