{
  "timestamp": "2026-05-23T14:52:44.470886+00:00",
  "hardware": "Mac M5 Max",
  "model_preset": "qwen-7b",
  "configuration": "w8",
  "weight_bits": 8,
  "optimizations": {
    "weight_bits": 8,
    "kv_cache": false,
    "prefill": false
  },
  "model_repo": "mlx-community/Qwen2.5-7B-Instruct-8bit",
  "kv_bits": null,
  "prefill_step_size": 512,
  "prompt_tokens": 512,
  "generation_tokens": 128,
  "num_trials": 3,
  "memory_gb": 8.5247,
  "ttft_ms": 178.9951,
  "throughput_tps": 67.2583,
  "prompt_tps": 2860.4131,
  "mlx_version": "0.31.2",
  "mlx_lm_version": "0.29.1",
  "platform": "macOS-26.4.1-arm64-arm-64bit-Mach-O",
  "status": "ok",
  "error": null,
  "article_id": 5,
  "run_label": null,
  "benchmark_mode": "standard",
  "draft_model_repo": null,
  "draft_preset": "qwen-0.5b",
  "num_draft_tokens": null,
  "draft_accept_rate": null,
  "prefix_cache_cold_ttft_ms": null,
  "prefix_cache_warm_ttft_ms": null,
  "prefix_system_tokens": null,
  "workload": null,
  "schema_version": 1,
  "trials": {
    "ttft_ms": [
      180.99408294074237,
      177.7594170998782,
      178.99512499570847
    ],
    "throughput_tps": [
      67.23166504906729,
      67.51792143415396,
      67.25826059031255
    ],
    "memory_gb": [
      8.524674144,
      8.524674144,
      8.524674144
    ],
    "prompt_tps": [
      2828.8217585965463,
      2880.2974737047043,
      2860.413097911329
    ]
  },
  "stats": {
    "ttft_ms": {
      "n": 3,
      "mean": 179.2495,
      "median": 178.9951,
      "p50": 178.9951,
      "p95": 180.7942,
      "std": 1.3327,
      "min": 177.7594,
      "max": 180.9941
    },
    "throughput_tps": {
      "n": 3,
      "mean": 67.3359,
      "median": 67.2583,
      "p50": 67.2583,
      "p95": 67.492,
      "std": 0.1291,
      "min": 67.2317,
      "max": 67.5179
    },
    "memory_gb": {
      "n": 3,
      "mean": 8.5247,
      "median": 8.5247,
      "p50": 8.5247,
      "p95": 8.5247,
      "std": 0.0,
      "min": 8.5247,
      "max": 8.5247
    },
    "prompt_tps": {
      "n": 3,
      "mean": 2856.5108,
      "median": 2860.4131,
      "p50": 2860.4131,
      "p95": 2878.309,
      "std": 21.1953,
      "min": 2828.8218,
      "max": 2880.2975
    }
  },
  "warmup_policy": {
    "warmup_trials": 1,
    "warmup_discarded": true,
    "measured_trials_field": "num_trials",
    "description": "One full generate before timed trials; trials use seed+trial."
  }
}
