{
  "timestamp": "2026-05-25T04:14:29.505145+00:00",
  "hardware": "Mac M5 Max",
  "model_preset": "phi-3.5-mini",
  "configuration": "w4",
  "weight_bits": 4,
  "optimizations": {
    "weight_bits": 4,
    "kv_cache": false,
    "prefill": false
  },
  "model_repo": "mlx-community/Phi-3.5-mini-instruct-4bit",
  "kv_bits": null,
  "prefill_step_size": 512,
  "prompt_tokens": 512,
  "generation_tokens": 128,
  "num_trials": 3,
  "memory_gb": 3.2083,
  "ttft_ms": 104.366,
  "throughput_tps": 190.7575,
  "prompt_tps": 4905.8122,
  "mlx_version": "0.31.2",
  "mlx_lm_version": "0.29.1",
  "platform": "macOS-26.4.1-arm64-arm-64bit-Mach-O",
  "status": "ok",
  "error": null,
  "article_id": 1,
  "run_label": null,
  "benchmark_mode": "standard",
  "draft_model_repo": null,
  "draft_preset": "qwen-0.5b",
  "num_draft_tokens": null,
  "draft_accept_rate": null,
  "prefix_cache_cold_ttft_ms": null,
  "prefix_cache_warm_ttft_ms": null,
  "prefix_system_tokens": null,
  "workload": null,
  "schema_version": 1,
  "trials": {
    "ttft_ms": [
      103.4014590550214,
      104.36600004322827,
      105.58974999003114
    ],
    "throughput_tps": [
      189.74401462295805,
      190.75751268788449,
      191.39811272371497
    ],
    "memory_gb": [
      3.20827203,
      3.20827203,
      3.193624734
    ],
    "prompt_tps": [
      4951.574229987968,
      4905.812235669952,
      4848.955509870405
    ]
  },
  "stats": {
    "ttft_ms": {
      "n": 3,
      "mean": 104.4524,
      "median": 104.366,
      "p50": 104.366,
      "p95": 105.4674,
      "std": 0.8955,
      "min": 103.4015,
      "max": 105.5897
    },
    "throughput_tps": {
      "n": 3,
      "mean": 190.6332,
      "median": 190.7575,
      "p50": 190.7575,
      "p95": 191.3341,
      "std": 0.681,
      "min": 189.744,
      "max": 191.3981
    },
    "memory_gb": {
      "n": 3,
      "mean": 3.2034,
      "median": 3.2083,
      "p50": 3.2083,
      "p95": 3.2083,
      "std": 0.0069,
      "min": 3.1936,
      "max": 3.2083
    },
    "prompt_tps": {
      "n": 3,
      "mean": 4902.114,
      "median": 4905.8122,
      "p50": 4905.8122,
      "p95": 4946.998,
      "std": 41.9755,
      "min": 4848.9555,
      "max": 4951.5742
    }
  },
  "warmup_policy": {
    "warmup_trials": 1,
    "warmup_discarded": true,
    "measured_trials_field": "num_trials",
    "description": "One full generate before timed trials; trials use seed+trial."
  }
}
