{
  "timestamp": "2026-05-25T04:14:19.554601+00:00",
  "hardware": "Mac M5 Max",
  "model_preset": "phi-3.5-mini",
  "configuration": "w8",
  "weight_bits": 8,
  "optimizations": {
    "weight_bits": 8,
    "kv_cache": false,
    "prefill": false
  },
  "model_repo": "mlx-community/Phi-3.5-mini-instruct-8bit",
  "kv_bits": null,
  "prefill_step_size": 512,
  "prompt_tokens": 512,
  "generation_tokens": 128,
  "num_trials": 3,
  "memory_gb": 4.8373,
  "ttft_ms": 110.6086,
  "throughput_tps": 109.8058,
  "prompt_tps": 4628.9355,
  "mlx_version": "0.31.2",
  "mlx_lm_version": "0.29.1",
  "platform": "macOS-26.4.1-arm64-arm-64bit-Mach-O",
  "status": "ok",
  "error": null,
  "article_id": 1,
  "run_label": null,
  "benchmark_mode": "standard",
  "draft_model_repo": null,
  "draft_preset": "qwen-0.5b",
  "num_draft_tokens": null,
  "draft_accept_rate": null,
  "prefix_cache_cold_ttft_ms": null,
  "prefix_cache_warm_ttft_ms": null,
  "prefix_system_tokens": null,
  "workload": null,
  "schema_version": 1,
  "trials": {
    "ttft_ms": [
      110.1927082054317,
      110.60858401469886,
      110.79995799809694
    ],
    "throughput_tps": [
      109.80584032606514,
      111.28317168658872,
      109.5458082106528
    ],
    "memory_gb": [
      4.837321854,
      4.837321854,
      4.837321854
    ],
    "prompt_tps": [
      4646.405450399504,
      4628.935489599613,
      4620.940379858212
    ]
  },
  "stats": {
    "ttft_ms": {
      "n": 3,
      "mean": 110.5338,
      "median": 110.6086,
      "p50": 110.6086,
      "p95": 110.7808,
      "std": 0.2535,
      "min": 110.1927,
      "max": 110.8
    },
    "throughput_tps": {
      "n": 3,
      "mean": 110.2116,
      "median": 109.8058,
      "p50": 109.8058,
      "p95": 111.1354,
      "std": 0.7651,
      "min": 109.5458,
      "max": 111.2832
    },
    "memory_gb": {
      "n": 3,
      "mean": 4.8373,
      "median": 4.8373,
      "p50": 4.8373,
      "p95": 4.8373,
      "std": 0.0,
      "min": 4.8373,
      "max": 4.8373
    },
    "prompt_tps": {
      "n": 3,
      "mean": 4632.0938,
      "median": 4628.9355,
      "p50": 4628.9355,
      "p95": 4644.6585,
      "std": 10.6332,
      "min": 4620.9404,
      "max": 4646.4055
    }
  },
  "warmup_policy": {
    "warmup_trials": 1,
    "warmup_discarded": true,
    "measured_trials_field": "num_trials",
    "description": "One full generate before timed trials; trials use seed+trial."
  }
}
