{
  "timestamp": "2026-05-23T05:13:19.191466+00:00",
  "hardware": "Mac M5 Max",
  "model_preset": "qwen-14b",
  "configuration": "fp16",
  "weight_bits": 16,
  "optimizations": {
    "weight_bits": 16,
    "kv_cache": false,
    "prefill": false
  },
  "model_repo": "mlx-community/Qwen2.5-14B-Instruct-bf16",
  "kv_bits": null,
  "prefill_step_size": 512,
  "prompt_tokens": 512,
  "generation_tokens": 128,
  "num_trials": 3,
  "memory_gb": 29.8876,
  "ttft_ms": 378.1091,
  "throughput_tps": 18.2258,
  "prompt_tps": 1354.1064,
  "mlx_version": "0.31.2",
  "mlx_lm_version": "0.29.1",
  "platform": "macOS-26.4.1-arm64-arm-64bit-Mach-O",
  "status": "ok",
  "error": null,
  "article_id": 4,
  "run_label": null,
  "benchmark_mode": "standard",
  "draft_model_repo": null,
  "draft_preset": "qwen-1.5b",
  "num_draft_tokens": null,
  "draft_accept_rate": null,
  "prefix_cache_cold_ttft_ms": null,
  "prefix_cache_warm_ttft_ms": null,
  "prefix_system_tokens": null,
  "workload": null,
  "schema_version": 1,
  "trials": {
    "ttft_ms": [
      372.31758306734264,
      378.1091249547899,
      380.8725420385599
    ],
    "throughput_tps": [
      18.240976552491816,
      18.225762917028206,
      18.160811465537712
    ],
    "memory_gb": [
      29.887557692,
      29.887557692,
      29.887557692
    ],
    "prompt_tps": [
      1375.170078678214,
      1354.1064370271924,
      1344.2817307322841
    ]
  },
  "stats": {
    "ttft_ms": {
      "n": 3,
      "mean": 377.0998,
      "median": 378.1091,
      "p50": 378.1091,
      "p95": 380.5962,
      "std": 3.5647,
      "min": 372.3176,
      "max": 380.8725
    },
    "throughput_tps": {
      "n": 3,
      "mean": 18.2092,
      "median": 18.2258,
      "p50": 18.2258,
      "p95": 18.2395,
      "std": 0.0348,
      "min": 18.1608,
      "max": 18.241
    },
    "memory_gb": {
      "n": 3,
      "mean": 29.8876,
      "median": 29.8876,
      "p50": 29.8876,
      "p95": 29.8876,
      "std": 0.0,
      "min": 29.8876,
      "max": 29.8876
    },
    "prompt_tps": {
      "n": 3,
      "mean": 1357.8527,
      "median": 1354.1064,
      "p50": 1354.1064,
      "p95": 1373.0637,
      "std": 12.8854,
      "min": 1344.2817,
      "max": 1375.1701
    }
  },
  "warmup_policy": {
    "warmup_trials": 1,
    "warmup_discarded": true,
    "measured_trials_field": "num_trials",
    "description": "One full generate before timed trials; trials use seed+trial."
  }
}
