{
  "timestamp": "2026-05-25T04:58:04.766140+00:00",
  "hardware": "Mac M5 Max",
  "model_preset": "qwen-14b",
  "configuration": "fp16",
  "weight_bits": 16,
  "optimizations": {
    "weight_bits": 16,
    "kv_cache": false,
    "prefill": false
  },
  "model_repo": "mlx-community/Qwen2.5-14B-Instruct-bf16",
  "kv_bits": null,
  "prefill_step_size": 512,
  "prompt_tokens": 512,
  "generation_tokens": 128,
  "num_trials": 3,
  "memory_gb": 29.8876,
  "ttft_ms": 428.8306,
  "throughput_tps": 17.4889,
  "prompt_tps": 1193.9447,
  "mlx_version": "0.31.2",
  "mlx_lm_version": "0.29.1",
  "platform": "macOS-26.4.1-arm64-arm-64bit-Mach-O",
  "status": "ok",
  "error": null,
  "article_id": 4,
  "run_label": null,
  "benchmark_mode": "standard",
  "draft_model_repo": null,
  "draft_preset": "qwen-1.5b",
  "num_draft_tokens": null,
  "draft_accept_rate": null,
  "prefix_cache_cold_ttft_ms": null,
  "prefix_cache_warm_ttft_ms": null,
  "prefix_system_tokens": null,
  "workload": null,
  "schema_version": 1,
  "trials": {
    "ttft_ms": [
      424.47804217226803,
      744.784832932055,
      428.830583114177
    ],
    "throughput_tps": [
      17.488885776989175,
      17.062445037881446,
      18.20887305758392
    ],
    "memory_gb": [
      29.887557692,
      29.887557692,
      29.887557692
    ],
    "prompt_tps": [
      1206.1872444092467,
      687.4468670157635,
      1193.9446955528333
    ]
  },
  "stats": {
    "ttft_ms": {
      "n": 3,
      "mean": 532.6978,
      "median": 428.8306,
      "p50": 428.8306,
      "p95": 713.1894,
      "std": 149.9787,
      "min": 424.478,
      "max": 744.7848
    },
    "throughput_tps": {
      "n": 3,
      "mean": 17.5867,
      "median": 17.4889,
      "p50": 17.4889,
      "p95": 18.1369,
      "std": 0.4731,
      "min": 17.0624,
      "max": 18.2089
    },
    "memory_gb": {
      "n": 3,
      "mean": 29.8876,
      "median": 29.8876,
      "p50": 29.8876,
      "p95": 29.8876,
      "std": 0.0,
      "min": 29.8876,
      "max": 29.8876
    },
    "prompt_tps": {
      "n": 3,
      "mean": 1029.1929,
      "median": 1193.9447,
      "p50": 1193.9447,
      "p95": 1204.963,
      "std": 241.7026,
      "min": 687.4469,
      "max": 1206.1872
    }
  },
  "warmup_policy": {
    "warmup_trials": 1,
    "warmup_discarded": true,
    "measured_trials_field": "num_trials",
    "description": "One full generate before timed trials; trials use seed+trial."
  }
}
