{
  "timestamp": "2026-05-25T04:58:48.181700+00:00",
  "hardware": "Mac M5 Max",
  "model_preset": "qwen-14b",
  "configuration": "w4",
  "weight_bits": 4,
  "optimizations": {
    "weight_bits": 4,
    "kv_cache": false,
    "prefill": false
  },
  "model_repo": "mlx-community/Qwen2.5-14B-Instruct-4bit",
  "kv_bits": null,
  "prefill_step_size": 512,
  "prompt_tokens": 512,
  "generation_tokens": 128,
  "num_trials": 3,
  "memory_gb": 8.9288,
  "ttft_ms": 313.0942,
  "throughput_tps": 60.7955,
  "prompt_tps": 1635.2908,
  "mlx_version": "0.31.2",
  "mlx_lm_version": "0.29.1",
  "platform": "macOS-26.4.1-arm64-arm-64bit-Mach-O",
  "status": "ok",
  "error": null,
  "article_id": 4,
  "run_label": null,
  "benchmark_mode": "standard",
  "draft_model_repo": null,
  "draft_preset": "qwen-1.5b",
  "num_draft_tokens": null,
  "draft_accept_rate": null,
  "prefix_cache_cold_ttft_ms": null,
  "prefix_cache_warm_ttft_ms": null,
  "prefix_system_tokens": null,
  "workload": null,
  "schema_version": 1,
  "trials": {
    "ttft_ms": [
      313.09416703879833,
      307.0147498510778,
      334.8474579397589
    ],
    "throughput_tps": [
      60.79547073974498,
      61.01184207787361,
      57.949828998224625
    ],
    "memory_gb": [
      8.928800876,
      8.928800876,
      8.928800876
    ],
    "prompt_tps": [
      1635.290765211073,
      1667.6723194841727,
      1529.0544630388442
    ]
  },
  "stats": {
    "ttft_ms": {
      "n": 3,
      "mean": 318.3188,
      "median": 313.0942,
      "p50": 313.0942,
      "p95": 332.6721,
      "std": 11.9482,
      "min": 307.0147,
      "max": 334.8475
    },
    "throughput_tps": {
      "n": 3,
      "mean": 59.919,
      "median": 60.7955,
      "p50": 60.7955,
      "p95": 60.9902,
      "std": 1.3952,
      "min": 57.9498,
      "max": 61.0118
    },
    "memory_gb": {
      "n": 3,
      "mean": 8.9288,
      "median": 8.9288,
      "p50": 8.9288,
      "p95": 8.9288,
      "std": 0.0,
      "min": 8.9288,
      "max": 8.9288
    },
    "prompt_tps": {
      "n": 3,
      "mean": 1610.6725,
      "median": 1635.2908,
      "p50": 1635.2908,
      "p95": 1664.4342,
      "std": 59.2074,
      "min": 1529.0545,
      "max": 1667.6723
    }
  },
  "warmup_policy": {
    "warmup_trials": 1,
    "warmup_discarded": true,
    "measured_trials_field": "num_trials",
    "description": "One full generate before timed trials; trials use seed+trial."
  }
}
