{
  "timestamp": "2026-05-23T05:22:17.366171+00:00",
  "hardware": "Mac M5 Max",
  "model_preset": "qwen-14b",
  "configuration": "w4",
  "weight_bits": 4,
  "optimizations": {
    "weight_bits": 4,
    "kv_cache": false,
    "prefill": false
  },
  "model_repo": "mlx-community/Qwen2.5-14B-Instruct-4bit",
  "kv_bits": null,
  "prefill_step_size": 512,
  "prompt_tokens": 512,
  "generation_tokens": 128,
  "num_trials": 3,
  "memory_gb": 8.9288,
  "ttft_ms": 304.8055,
  "throughput_tps": 60.872,
  "prompt_tps": 1679.7597,
  "mlx_version": "0.31.2",
  "mlx_lm_version": "0.29.1",
  "platform": "macOS-26.4.1-arm64-arm-64bit-Mach-O",
  "status": "ok",
  "error": null,
  "article_id": 4,
  "run_label": null,
  "benchmark_mode": "standard",
  "draft_model_repo": null,
  "draft_preset": "qwen-1.5b",
  "num_draft_tokens": null,
  "draft_accept_rate": null,
  "prefix_cache_cold_ttft_ms": null,
  "prefix_cache_warm_ttft_ms": null,
  "prefix_system_tokens": null,
  "workload": null,
  "schema_version": 1,
  "trials": {
    "ttft_ms": [
      305.3844999521971,
      304.80549996718764,
      303.99116687476635
    ],
    "throughput_tps": [
      60.548746659232215,
      60.90574577508306,
      60.87198164052419
    ],
    "memory_gb": [
      8.928800876,
      8.928800876,
      8.928800876
    ],
    "prompt_tps": [
      1676.5749410338285,
      1679.7597158027559,
      1684.2594647196638
    ]
  },
  "stats": {
    "ttft_ms": {
      "n": 3,
      "mean": 304.7271,
      "median": 304.8055,
      "p50": 304.8055,
      "p95": 305.3266,
      "std": 0.5715,
      "min": 303.9912,
      "max": 305.3845
    },
    "throughput_tps": {
      "n": 3,
      "mean": 60.7755,
      "median": 60.872,
      "p50": 60.872,
      "p95": 60.9024,
      "std": 0.1609,
      "min": 60.5487,
      "max": 60.9057
    },
    "memory_gb": {
      "n": 3,
      "mean": 8.9288,
      "median": 8.9288,
      "p50": 8.9288,
      "p95": 8.9288,
      "std": 0.0,
      "min": 8.9288,
      "max": 8.9288
    },
    "prompt_tps": {
      "n": 3,
      "mean": 1680.198,
      "median": 1679.7597,
      "p50": 1679.7597,
      "p95": 1683.8095,
      "std": 3.1525,
      "min": 1676.5749,
      "max": 1684.2595
    }
  },
  "warmup_policy": {
    "warmup_trials": 1,
    "warmup_discarded": true,
    "measured_trials_field": "num_trials",
    "description": "One full generate before timed trials; trials use seed+trial."
  }
}
