{
  "timestamp": "2026-05-25T04:58:30.689934+00:00",
  "hardware": "Mac M5 Max",
  "model_preset": "qwen-14b",
  "configuration": "w8",
  "weight_bits": 8,
  "optimizations": {
    "weight_bits": 8,
    "kv_cache": false,
    "prefill": false
  },
  "model_repo": "mlx-community/Qwen2.5-14B-Instruct-8bit",
  "kv_bits": null,
  "prefill_step_size": 512,
  "prompt_tokens": 512,
  "generation_tokens": 128,
  "num_trials": 3,
  "memory_gb": 16.1924,
  "ttft_ms": 361.8867,
  "throughput_tps": 33.8594,
  "prompt_tps": 1414.8074,
  "mlx_version": "0.31.2",
  "mlx_lm_version": "0.29.1",
  "platform": "macOS-26.4.1-arm64-arm-64bit-Mach-O",
  "status": "ok",
  "error": null,
  "article_id": 4,
  "run_label": null,
  "benchmark_mode": "standard",
  "draft_model_repo": null,
  "draft_preset": "qwen-1.5b",
  "num_draft_tokens": null,
  "draft_accept_rate": null,
  "prefix_cache_cold_ttft_ms": null,
  "prefix_cache_warm_ttft_ms": null,
  "prefix_system_tokens": null,
  "workload": null,
  "schema_version": 1,
  "trials": {
    "ttft_ms": [
      361.8867080658674,
      359.40558393485844,
      665.5096248723567
    ],
    "throughput_tps": [
      33.861128981478124,
      33.85941293911043,
      31.746859471443628
    ],
    "memory_gb": [
      16.192368736,
      16.192368736,
      16.192368736
    ],
    "prompt_tps": [
      1414.8074206328968,
      1424.5744164420078,
      769.3352295215874
    ]
  },
  "stats": {
    "ttft_ms": {
      "n": 3,
      "mean": 462.2673,
      "median": 361.8867,
      "p50": 361.8867,
      "p95": 635.1473,
      "std": 143.7176,
      "min": 359.4056,
      "max": 665.5096
    },
    "throughput_tps": {
      "n": 3,
      "mean": 33.1558,
      "median": 33.8594,
      "p50": 33.8594,
      "p95": 33.861,
      "std": 0.9963,
      "min": 31.7469,
      "max": 33.8611
    },
    "memory_gb": {
      "n": 3,
      "mean": 16.1924,
      "median": 16.1924,
      "p50": 16.1924,
      "p95": 16.1924,
      "std": 0.0,
      "min": 16.1924,
      "max": 16.1924
    },
    "prompt_tps": {
      "n": 3,
      "mean": 1202.9057,
      "median": 1414.8074,
      "p50": 1414.8074,
      "p95": 1423.5977,
      "std": 306.6065,
      "min": 769.3352,
      "max": 1424.5744
    }
  },
  "warmup_policy": {
    "warmup_trials": 1,
    "warmup_discarded": true,
    "measured_trials_field": "num_trials",
    "description": "One full generate before timed trials; trials use seed+trial."
  }
}
