{
  "timestamp": "2026-05-23T05:19:19.037177+00:00",
  "hardware": "Mac M5 Max",
  "model_preset": "qwen-14b",
  "configuration": "w8",
  "weight_bits": 8,
  "optimizations": {
    "weight_bits": 8,
    "kv_cache": false,
    "prefill": false
  },
  "model_repo": "mlx-community/Qwen2.5-14B-Instruct-8bit",
  "kv_bits": null,
  "prefill_step_size": 512,
  "prompt_tokens": 512,
  "generation_tokens": 128,
  "num_trials": 3,
  "memory_gb": 16.1924,
  "ttft_ms": 353.8831,
  "throughput_tps": 34.0451,
  "prompt_tps": 1446.8055,
  "mlx_version": "0.31.2",
  "mlx_lm_version": "0.29.1",
  "platform": "macOS-26.4.1-arm64-arm-64bit-Mach-O",
  "status": "ok",
  "error": null,
  "article_id": 4,
  "run_label": null,
  "benchmark_mode": "standard",
  "draft_model_repo": null,
  "draft_preset": "qwen-1.5b",
  "num_draft_tokens": null,
  "draft_accept_rate": null,
  "prefix_cache_cold_ttft_ms": null,
  "prefix_cache_warm_ttft_ms": null,
  "prefix_system_tokens": null,
  "workload": null,
  "schema_version": 1,
  "trials": {
    "ttft_ms": [
      361.22491699643433,
      353.8830829784274,
      351.11895808950067
    ],
    "throughput_tps": [
      34.045052614233434,
      34.153573115940226,
      33.903641809647304
    ],
    "memory_gb": [
      16.192368736,
      16.192368736,
      16.192368736
    ],
    "prompt_tps": [
      1417.3994536624227,
      1446.8055259686187,
      1458.1952589113419
    ]
  },
  "stats": {
    "ttft_ms": {
      "n": 3,
      "mean": 355.409,
      "median": 353.8831,
      "p50": 353.8831,
      "p95": 360.4907,
      "std": 4.2645,
      "min": 351.119,
      "max": 361.2249
    },
    "throughput_tps": {
      "n": 3,
      "mean": 34.0341,
      "median": 34.0451,
      "p50": 34.0451,
      "p95": 34.1427,
      "std": 0.1023,
      "min": 33.9036,
      "max": 34.1536
    },
    "memory_gb": {
      "n": 3,
      "mean": 16.1924,
      "median": 16.1924,
      "p50": 16.1924,
      "p95": 16.1924,
      "std": 0.0,
      "min": 16.1924,
      "max": 16.1924
    },
    "prompt_tps": {
      "n": 3,
      "mean": 1440.8001,
      "median": 1446.8055,
      "p50": 1446.8055,
      "p95": 1457.0563,
      "std": 17.1877,
      "min": 1417.3995,
      "max": 1458.1953
    }
  },
  "warmup_policy": {
    "warmup_trials": 1,
    "warmup_discarded": true,
    "measured_trials_field": "num_trials",
    "description": "One full generate before timed trials; trials use seed+trial."
  }
}
