{
  "timestamp": "2026-05-23T04:37:00.060155+00:00",
  "hardware": "Mac M5 Max",
  "model_preset": "deepseek-r1-llama-8b",
  "configuration": "fp16",
  "weight_bits": 16,
  "optimizations": {
    "weight_bits": 16,
    "kv_cache": false,
    "prefill": false
  },
  "model_repo": "mlx-community/DeepSeek-R1-Distill-Llama-8B-bf16",
  "kv_bits": null,
  "prefill_step_size": 512,
  "prompt_tokens": 512,
  "generation_tokens": 128,
  "num_trials": 3,
  "memory_gb": 16.4555,
  "ttft_ms": 191.2087,
  "throughput_tps": 34.979,
  "prompt_tps": 2677.7029,
  "mlx_version": "0.31.2",
  "mlx_lm_version": "0.29.1",
  "platform": "macOS-26.4.1-arm64-arm-64bit-Mach-O",
  "status": "ok",
  "error": null,
  "article_id": 4,
  "run_label": null,
  "benchmark_mode": "standard",
  "draft_model_repo": null,
  "draft_preset": "qwen-0.5b",
  "num_draft_tokens": null,
  "draft_accept_rate": null,
  "prefix_cache_cold_ttft_ms": null,
  "prefix_cache_warm_ttft_ms": null,
  "prefix_system_tokens": null,
  "workload": null,
  "schema_version": 1,
  "trials": {
    "ttft_ms": [
      191.64750003255904,
      191.20866688899696,
      188.8669168110937
    ],
    "throughput_tps": [
      34.8658473538113,
      34.979014358694414,
      35.171602964656
    ],
    "memory_gb": [
      16.455534652,
      16.455534652,
      16.455534652
    ],
    "prompt_tps": [
      2671.5715045227107,
      2677.7028904094245,
      2710.9035750930734
    ]
  },
  "stats": {
    "ttft_ms": {
      "n": 3,
      "mean": 190.5744,
      "median": 191.2087,
      "p50": 191.2087,
      "p95": 191.6036,
      "std": 1.2206,
      "min": 188.8669,
      "max": 191.6475
    },
    "throughput_tps": {
      "n": 3,
      "mean": 35.0055,
      "median": 34.979,
      "p50": 34.979,
      "p95": 35.1523,
      "std": 0.1262,
      "min": 34.8658,
      "max": 35.1716
    },
    "memory_gb": {
      "n": 3,
      "mean": 16.4555,
      "median": 16.4555,
      "p50": 16.4555,
      "p95": 16.4555,
      "std": 0.0,
      "min": 16.4555,
      "max": 16.4555
    },
    "prompt_tps": {
      "n": 3,
      "mean": 2686.726,
      "median": 2677.7029,
      "p50": 2677.7029,
      "p95": 2707.5835,
      "std": 17.2784,
      "min": 2671.5715,
      "max": 2710.9036
    }
  },
  "warmup_policy": {
    "warmup_trials": 1,
    "warmup_discarded": true,
    "measured_trials_field": "num_trials",
    "description": "One full generate before timed trials; trials use seed+trial."
  }
}
