{
  "timestamp": "2026-05-25T04:54:36.653590+00:00",
  "hardware": "Mac M5 Max",
  "model_preset": "deepseek-r1-llama-8b",
  "configuration": "fp16",
  "weight_bits": 16,
  "optimizations": {
    "weight_bits": 16,
    "kv_cache": false,
    "prefill": false
  },
  "model_repo": "mlx-community/DeepSeek-R1-Distill-Llama-8B-bf16",
  "kv_bits": null,
  "prefill_step_size": 512,
  "prompt_tokens": 512,
  "generation_tokens": 128,
  "num_trials": 3,
  "memory_gb": 16.4555,
  "ttft_ms": 190.908,
  "throughput_tps": 34.427,
  "prompt_tps": 2681.9195,
  "mlx_version": "0.31.2",
  "mlx_lm_version": "0.29.1",
  "platform": "macOS-26.4.1-arm64-arm-64bit-Mach-O",
  "status": "ok",
  "error": null,
  "article_id": 4,
  "run_label": null,
  "benchmark_mode": "standard",
  "draft_model_repo": null,
  "draft_preset": "llama-3.2-1b",
  "num_draft_tokens": null,
  "draft_accept_rate": null,
  "prefix_cache_cold_ttft_ms": null,
  "prefix_cache_warm_ttft_ms": null,
  "prefix_system_tokens": null,
  "workload": null,
  "schema_version": 1,
  "trials": {
    "ttft_ms": [
      203.2606250140816,
      190.9080420155078,
      190.18583395518363
    ],
    "throughput_tps": [
      33.73477384914769,
      34.42697129944176,
      34.877968665347026
    ],
    "memory_gb": [
      16.455534652,
      16.455534652,
      16.455534652
    ],
    "prompt_tps": [
      2518.9335119112684,
      2681.9194969188848,
      2692.103766890705
    ]
  },
  "stats": {
    "ttft_ms": {
      "n": 3,
      "mean": 194.7848,
      "median": 190.908,
      "p50": 190.908,
      "p95": 202.0254,
      "std": 6.0005,
      "min": 190.1858,
      "max": 203.2606
    },
    "throughput_tps": {
      "n": 3,
      "mean": 34.3466,
      "median": 34.427,
      "p50": 34.427,
      "p95": 34.8329,
      "std": 0.4702,
      "min": 33.7348,
      "max": 34.878
    },
    "memory_gb": {
      "n": 3,
      "mean": 16.4555,
      "median": 16.4555,
      "p50": 16.4555,
      "p95": 16.4555,
      "std": 0.0,
      "min": 16.4555,
      "max": 16.4555
    },
    "prompt_tps": {
      "n": 3,
      "mean": 2630.9856,
      "median": 2681.9195,
      "p50": 2681.9195,
      "p95": 2691.0853,
      "std": 79.3418,
      "min": 2518.9335,
      "max": 2692.1038
    }
  },
  "warmup_policy": {
    "warmup_trials": 1,
    "warmup_discarded": true,
    "measured_trials_field": "num_trials",
    "description": "One full generate before timed trials; trials use seed+trial."
  }
}
