{
  "timestamp": "2026-05-25T04:55:05.884317+00:00",
  "hardware": "Mac M5 Max",
  "model_preset": "deepseek-r1-llama-8b",
  "configuration": "w4",
  "weight_bits": 4,
  "optimizations": {
    "weight_bits": 4,
    "kv_cache": false,
    "prefill": false
  },
  "model_repo": "mlx-community/DeepSeek-R1-Distill-Llama-8B-4bit",
  "kv_bits": null,
  "prefill_step_size": 512,
  "prompt_tokens": 512,
  "generation_tokens": 128,
  "num_trials": 3,
  "memory_gb": 5.1148,
  "ttft_ms": 162.5425,
  "throughput_tps": 111.7807,
  "prompt_tps": 3149.9454,
  "mlx_version": "0.31.2",
  "mlx_lm_version": "0.29.1",
  "platform": "macOS-26.4.1-arm64-arm-64bit-Mach-O",
  "status": "ok",
  "error": null,
  "article_id": 4,
  "run_label": null,
  "benchmark_mode": "standard",
  "draft_model_repo": null,
  "draft_preset": "llama-3.2-1b",
  "num_draft_tokens": null,
  "draft_accept_rate": null,
  "prefix_cache_cold_ttft_ms": null,
  "prefix_cache_warm_ttft_ms": null,
  "prefix_system_tokens": null,
  "workload": null,
  "schema_version": 1,
  "trials": {
    "ttft_ms": [
      163.17645902745426,
      162.21274994313717,
      162.54250006750226
    ],
    "throughput_tps": [
      111.78067521086082,
      113.136436699026,
      111.41332701552918
    ],
    "memory_gb": [
      5.11480844,
      5.11480844,
      5.11480844
    ],
    "prompt_tps": [
      3137.707504204737,
      3156.348685164877,
      3149.945397587533
    ]
  },
  "stats": {
    "ttft_ms": {
      "n": 3,
      "mean": 162.6439,
      "median": 162.5425,
      "p50": 162.5425,
      "p95": 163.1131,
      "std": 0.3999,
      "min": 162.2127,
      "max": 163.1765
    },
    "throughput_tps": {
      "n": 3,
      "mean": 112.1101,
      "median": 111.7807,
      "p50": 111.7807,
      "p95": 113.0009,
      "std": 0.741,
      "min": 111.4133,
      "max": 113.1364
    },
    "memory_gb": {
      "n": 3,
      "mean": 5.1148,
      "median": 5.1148,
      "p50": 5.1148,
      "p95": 5.1148,
      "std": 0.0,
      "min": 5.1148,
      "max": 5.1148
    },
    "prompt_tps": {
      "n": 3,
      "mean": 3148.0005,
      "median": 3149.9454,
      "p50": 3149.9454,
      "p95": 3155.7084,
      "std": 7.7335,
      "min": 3137.7075,
      "max": 3156.3487
    }
  },
  "warmup_policy": {
    "warmup_trials": 1,
    "warmup_discarded": true,
    "measured_trials_field": "num_trials",
    "description": "One full generate before timed trials; trials use seed+trial."
  }
}
