{
  "timestamp": "2026-05-23T04:42:04.127707+00:00",
  "hardware": "Mac M5 Max",
  "model_preset": "deepseek-r1-llama-8b",
  "configuration": "w4",
  "weight_bits": 4,
  "optimizations": {
    "weight_bits": 4,
    "kv_cache": false,
    "prefill": false
  },
  "model_repo": "mlx-community/DeepSeek-R1-Distill-Llama-8B-4bit",
  "kv_bits": null,
  "prefill_step_size": 512,
  "prompt_tokens": 512,
  "generation_tokens": 128,
  "num_trials": 3,
  "memory_gb": 5.1148,
  "ttft_ms": 163.4593,
  "throughput_tps": 112.2915,
  "prompt_tps": 3132.2784,
  "mlx_version": "0.31.2",
  "mlx_lm_version": "0.29.1",
  "platform": "macOS-26.4.1-arm64-arm-64bit-Mach-O",
  "status": "ok",
  "error": null,
  "article_id": 4,
  "run_label": null,
  "benchmark_mode": "standard",
  "draft_model_repo": null,
  "draft_preset": "qwen-0.5b",
  "num_draft_tokens": null,
  "draft_accept_rate": null,
  "prefix_cache_cold_ttft_ms": null,
  "prefix_cache_warm_ttft_ms": null,
  "prefix_system_tokens": null,
  "workload": null,
  "schema_version": 1,
  "trials": {
    "ttft_ms": [
      164.35904195532203,
      162.63212519697845,
      163.45929098315537
    ],
    "throughput_tps": [
      112.41016662488396,
      111.92449878045994,
      112.29147119095107
    ],
    "memory_gb": [
      5.11480844,
      5.11480844,
      5.11480844
    ],
    "prompt_tps": [
      3115.1313241359594,
      3148.209490467339,
      3132.2783606883627
    ]
  },
  "stats": {
    "ttft_ms": {
      "n": 3,
      "mean": 163.4835,
      "median": 163.4593,
      "p50": 163.4593,
      "p95": 164.2691,
      "std": 0.7052,
      "min": 162.6321,
      "max": 164.359
    },
    "throughput_tps": {
      "n": 3,
      "mean": 112.2087,
      "median": 112.2915,
      "p50": 112.2915,
      "p95": 112.3983,
      "std": 0.2067,
      "min": 111.9245,
      "max": 112.4102
    },
    "memory_gb": {
      "n": 3,
      "mean": 5.1148,
      "median": 5.1148,
      "p50": 5.1148,
      "p95": 5.1148,
      "std": 0.0,
      "min": 5.1148,
      "max": 5.1148
    },
    "prompt_tps": {
      "n": 3,
      "mean": 3131.8731,
      "median": 3132.2784,
      "p50": 3132.2784,
      "p95": 3146.6164,
      "std": 13.5071,
      "min": 3115.1313,
      "max": 3148.2095
    }
  },
  "warmup_policy": {
    "warmup_trials": 1,
    "warmup_discarded": true,
    "measured_trials_field": "num_trials",
    "description": "One full generate before timed trials; trials use seed+trial."
  }
}
