{
  "timestamp": "2026-05-23T03:39:26.639906+00:00",
  "hardware": "Mac M5 Max",
  "model_preset": "qwen-1.5b",
  "configuration": "fp16",
  "weight_bits": 16,
  "optimizations": {
    "weight_bits": 16,
    "kv_cache": false,
    "prefill": false
  },
  "model_repo": "mlx-community/Qwen2.5-1.5B-Instruct-bf16",
  "kv_bits": null,
  "prefill_step_size": 512,
  "prompt_tokens": 512,
  "generation_tokens": 128,
  "num_trials": 3,
  "memory_gb": 3.5627,
  "ttft_ms": 44.7478,
  "throughput_tps": 155.7964,
  "prompt_tps": 11441.8946,
  "mlx_version": "0.31.2",
  "mlx_lm_version": "0.29.1",
  "platform": "macOS-26.4.1-arm64-arm-64bit-Mach-O",
  "status": "ok",
  "error": null,
  "article_id": 4,
  "run_label": null,
  "benchmark_mode": "standard",
  "draft_model_repo": null,
  "draft_preset": "qwen-0.5b",
  "num_draft_tokens": null,
  "draft_accept_rate": null,
  "prefix_cache_cold_ttft_ms": null,
  "prefix_cache_warm_ttft_ms": null,
  "prefix_system_tokens": null,
  "workload": null,
  "schema_version": 1,
  "trials": {
    "ttft_ms": [
      52.89795785211027,
      44.74783386103809,
      44.53525017015636
    ],
    "throughput_tps": [
      155.23232231773136,
      155.79643365650745,
      156.18832965130994
    ],
    "memory_gb": [
      3.5626815,
      3.5626815,
      3.5626815
    ],
    "prompt_tps": [
      9679.012589322003,
      11441.89463092197,
      11496.511146648902
    ]
  },
  "stats": {
    "ttft_ms": {
      "n": 3,
      "mean": 47.3937,
      "median": 44.7478,
      "p50": 44.7478,
      "p95": 52.0829,
      "std": 3.8931,
      "min": 44.5353,
      "max": 52.898
    },
    "throughput_tps": {
      "n": 3,
      "mean": 155.739,
      "median": 155.7964,
      "p50": 155.7964,
      "p95": 156.1491,
      "std": 0.3924,
      "min": 155.2323,
      "max": 156.1883
    },
    "memory_gb": {
      "n": 3,
      "mean": 3.5627,
      "median": 3.5627,
      "p50": 3.5627,
      "p95": 3.5627,
      "std": 0.0,
      "min": 3.5627,
      "max": 3.5627
    },
    "prompt_tps": {
      "n": 3,
      "mean": 10872.4728,
      "median": 11441.8946,
      "p50": 11441.8946,
      "p95": 11491.0495,
      "std": 844.1983,
      "min": 9679.0126,
      "max": 11496.5111
    }
  },
  "warmup_policy": {
    "warmup_trials": 1,
    "warmup_discarded": true,
    "measured_trials_field": "num_trials",
    "description": "One full generate before timed trials; trials use seed+trial."
  }
}
