{
  "timestamp": "2026-05-25T04:38:09.014266+00:00",
  "hardware": "Mac M5 Max",
  "model_preset": "qwen-1.5b",
  "configuration": "fp16",
  "weight_bits": 16,
  "optimizations": {
    "weight_bits": 16,
    "kv_cache": false,
    "prefill": false
  },
  "model_repo": "mlx-community/Qwen2.5-1.5B-Instruct-bf16",
  "kv_bits": null,
  "prefill_step_size": 512,
  "prompt_tokens": 512,
  "generation_tokens": 128,
  "num_trials": 3,
  "memory_gb": 3.5627,
  "ttft_ms": 245.6581,
  "throughput_tps": 68.0966,
  "prompt_tps": 2084.1977,
  "mlx_version": "0.31.2",
  "mlx_lm_version": "0.29.1",
  "platform": "macOS-26.4.1-arm64-arm-64bit-Mach-O",
  "status": "ok",
  "error": null,
  "article_id": 4,
  "run_label": null,
  "benchmark_mode": "standard",
  "draft_model_repo": null,
  "draft_preset": "qwen-0.5b",
  "num_draft_tokens": null,
  "draft_accept_rate": null,
  "prefix_cache_cold_ttft_ms": null,
  "prefix_cache_warm_ttft_ms": null,
  "prefix_system_tokens": null,
  "workload": null,
  "schema_version": 1,
  "trials": {
    "ttft_ms": [
      76.78962498903275,
      417.49625001102686,
      245.65808288753033
    ],
    "throughput_tps": [
      62.14992742109312,
      73.65698466447196,
      68.09658409607214
    ],
    "memory_gb": [
      3.5626815,
      3.5626815,
      3.5626815
    ],
    "prompt_tps": [
      6667.567396938387,
      1226.3583205513273,
      2084.197653835836
    ]
  },
  "stats": {
    "ttft_ms": {
      "n": 3,
      "mean": 246.648,
      "median": 245.6581,
      "p50": 245.6581,
      "p95": 400.3124,
      "std": 139.0947,
      "min": 76.7896,
      "max": 417.4963
    },
    "throughput_tps": {
      "n": 3,
      "mean": 67.9678,
      "median": 68.0966,
      "p50": 68.0966,
      "p95": 73.1009,
      "std": 4.6986,
      "min": 62.1499,
      "max": 73.657
    },
    "memory_gb": {
      "n": 3,
      "mean": 3.5627,
      "median": 3.5627,
      "p50": 3.5627,
      "p95": 3.5627,
      "std": 0.0,
      "min": 3.5627,
      "max": 3.5627
    },
    "prompt_tps": {
      "n": 3,
      "mean": 3326.0411,
      "median": 2084.1977,
      "p50": 2084.1977,
      "p95": 6209.2304,
      "std": 2388.6287,
      "min": 1226.3583,
      "max": 6667.5674
    }
  },
  "warmup_policy": {
    "warmup_trials": 1,
    "warmup_discarded": true,
    "measured_trials_field": "num_trials",
    "description": "One full generate before timed trials; trials use seed+trial."
  }
}
