{
  "timestamp": "2026-05-23T03:40:36.368484+00:00",
  "hardware": "Mac M5 Max",
  "model_preset": "qwen-1.5b",
  "configuration": "w4",
  "weight_bits": 4,
  "optimizations": {
    "weight_bits": 4,
    "kv_cache": false,
    "prefill": false
  },
  "model_repo": "mlx-community/Qwen2.5-1.5B-Instruct-4bit",
  "kv_bits": null,
  "prefill_step_size": 512,
  "prompt_tokens": 512,
  "generation_tokens": 128,
  "num_trials": 3,
  "memory_gb": 1.6142,
  "ttft_ms": 46.8945,
  "throughput_tps": 365.2333,
  "prompt_tps": 10918.115,
  "mlx_version": "0.31.2",
  "mlx_lm_version": "0.29.1",
  "platform": "macOS-26.4.1-arm64-arm-64bit-Mach-O",
  "status": "ok",
  "error": null,
  "article_id": 4,
  "run_label": null,
  "benchmark_mode": "standard",
  "draft_model_repo": null,
  "draft_preset": "qwen-0.5b",
  "num_draft_tokens": null,
  "draft_accept_rate": null,
  "prefix_cache_cold_ttft_ms": null,
  "prefix_cache_warm_ttft_ms": null,
  "prefix_system_tokens": null,
  "workload": null,
  "schema_version": 1,
  "trials": {
    "ttft_ms": [
      68.05191608145833,
      46.89454194158316,
      42.480084113776684
    ],
    "throughput_tps": [
      365.2333078940755,
      365.1537309597217,
      366.2925488115872
    ],
    "memory_gb": [
      1.6142472,
      1.46027032,
      1.4259622
    ],
    "prompt_tps": [
      7523.667656721592,
      10918.114961817982,
      12052.706831480911
    ]
  },
  "stats": {
    "ttft_ms": {
      "n": 3,
      "mean": 52.4755,
      "median": 46.8945,
      "p50": 46.8945,
      "p95": 65.9362,
      "std": 11.1606,
      "min": 42.4801,
      "max": 68.0519
    },
    "throughput_tps": {
      "n": 3,
      "mean": 365.5599,
      "median": 365.2333,
      "p50": 365.2333,
      "p95": 366.1866,
      "std": 0.5191,
      "min": 365.1537,
      "max": 366.2925
    },
    "memory_gb": {
      "n": 3,
      "mean": 1.5002,
      "median": 1.4603,
      "p50": 1.4603,
      "p95": 1.5988,
      "std": 0.0819,
      "min": 1.426,
      "max": 1.6142
    },
    "prompt_tps": {
      "n": 3,
      "mean": 10164.8298,
      "median": 10918.115,
      "p50": 10918.115,
      "p95": 11939.2476,
      "std": 1924.167,
      "min": 7523.6677,
      "max": 12052.7068
    }
  },
  "warmup_policy": {
    "warmup_trials": 1,
    "warmup_discarded": true,
    "measured_trials_field": "num_trials",
    "description": "One full generate before timed trials; trials use seed+trial."
  }
}
