{
  "timestamp": "2026-05-25T04:38:31.450011+00:00",
  "hardware": "Mac M5 Max",
  "model_preset": "qwen-1.5b",
  "configuration": "w4",
  "weight_bits": 4,
  "optimizations": {
    "weight_bits": 4,
    "kv_cache": false,
    "prefill": false
  },
  "model_repo": "mlx-community/Qwen2.5-1.5B-Instruct-4bit",
  "kv_bits": null,
  "prefill_step_size": 512,
  "prompt_tokens": 512,
  "generation_tokens": 128,
  "num_trials": 3,
  "memory_gb": 1.6142,
  "ttft_ms": 47.5868,
  "throughput_tps": 352.3197,
  "prompt_tps": 10759.2785,
  "mlx_version": "0.31.2",
  "mlx_lm_version": "0.29.1",
  "platform": "macOS-26.4.1-arm64-arm-64bit-Mach-O",
  "status": "ok",
  "error": null,
  "article_id": 4,
  "run_label": null,
  "benchmark_mode": "standard",
  "draft_model_repo": null,
  "draft_preset": "qwen-0.5b",
  "num_draft_tokens": null,
  "draft_accept_rate": null,
  "prefix_cache_cold_ttft_ms": null,
  "prefix_cache_warm_ttft_ms": null,
  "prefix_system_tokens": null,
  "workload": null,
  "schema_version": 1,
  "trials": {
    "ttft_ms": [
      63.97383403964341,
      46.9537500757724,
      47.58683382533491
    ],
    "throughput_tps": [
      361.5154562186193,
      352.3197191471612,
      326.3923608749137
    ],
    "memory_gb": [
      1.6142472,
      1.490384112,
      1.5079314
    ],
    "prompt_tps": [
      8003.272082813155,
      10904.347345499591,
      10759.278540767607
    ]
  },
  "stats": {
    "ttft_ms": {
      "n": 3,
      "mean": 52.8381,
      "median": 47.5868,
      "p50": 47.5868,
      "p95": 62.3351,
      "std": 7.8784,
      "min": 46.9538,
      "max": 63.9738
    },
    "throughput_tps": {
      "n": 3,
      "mean": 346.7425,
      "median": 352.3197,
      "p50": 352.3197,
      "p95": 360.5959,
      "std": 14.8714,
      "min": 326.3924,
      "max": 361.5155
    },
    "memory_gb": {
      "n": 3,
      "mean": 1.5375,
      "median": 1.5079,
      "p50": 1.5079,
      "p95": 1.6036,
      "std": 0.0547,
      "min": 1.4904,
      "max": 1.6142
    },
    "prompt_tps": {
      "n": 3,
      "mean": 9888.966,
      "median": 10759.2785,
      "p50": 10759.2785,
      "p95": 10889.8405,
      "std": 1334.7016,
      "min": 8003.2721,
      "max": 10904.3473
    }
  },
  "warmup_policy": {
    "warmup_trials": 1,
    "warmup_discarded": true,
    "measured_trials_field": "num_trials",
    "description": "One full generate before timed trials; trials use seed+trial."
  }
}
