{
  "timestamp": "2026-05-23T03:40:07.252969+00:00",
  "hardware": "Mac M5 Max",
  "model_preset": "qwen-1.5b",
  "configuration": "w8",
  "weight_bits": 8,
  "optimizations": {
    "weight_bits": 8,
    "kv_cache": false,
    "prefill": false
  },
  "model_repo": "mlx-community/Qwen2.5-1.5B-Instruct-8bit",
  "kv_bits": null,
  "prefill_step_size": 512,
  "prompt_tokens": 512,
  "generation_tokens": 128,
  "num_trials": 3,
  "memory_gb": 2.2622,
  "ttft_ms": 46.4763,
  "throughput_tps": 239.9123,
  "prompt_tps": 11016.3793,
  "mlx_version": "0.31.2",
  "mlx_lm_version": "0.29.1",
  "platform": "macOS-26.4.1-arm64-arm-64bit-Mach-O",
  "status": "ok",
  "error": null,
  "article_id": 4,
  "run_label": null,
  "benchmark_mode": "standard",
  "draft_model_repo": null,
  "draft_preset": "qwen-0.5b",
  "num_draft_tokens": null,
  "draft_accept_rate": null,
  "prefix_cache_cold_ttft_ms": null,
  "prefix_cache_warm_ttft_ms": null,
  "prefix_system_tokens": null,
  "workload": null,
  "schema_version": 1,
  "trials": {
    "ttft_ms": [
      46.4762500487268,
      46.06654099188745,
      49.679207848384976
    ],
    "throughput_tps": [
      238.95120975717126,
      239.91226324270846,
      240.24833824964438
    ],
    "memory_gb": [
      2.262168816,
      2.26216984,
      2.237298928
    ],
    "prompt_tps": [
      11016.379321980734,
      11114.357383380831,
      10306.122464000695
    ]
  },
  "stats": {
    "ttft_ms": {
      "n": 3,
      "mean": 47.4073,
      "median": 46.4763,
      "p50": 46.4763,
      "p95": 49.3589,
      "std": 1.6151,
      "min": 46.0665,
      "max": 49.6792
    },
    "throughput_tps": {
      "n": 3,
      "mean": 239.7039,
      "median": 239.9123,
      "p50": 239.9123,
      "p95": 240.2147,
      "std": 0.5497,
      "min": 238.9512,
      "max": 240.2483
    },
    "memory_gb": {
      "n": 3,
      "mean": 2.2539,
      "median": 2.2622,
      "p50": 2.2622,
      "p95": 2.2622,
      "std": 0.0117,
      "min": 2.2373,
      "max": 2.2622
    },
    "prompt_tps": {
      "n": 3,
      "mean": 10812.2864,
      "median": 11016.3793,
      "p50": 11016.3793,
      "p95": 11104.5596,
      "std": 360.1401,
      "min": 10306.1225,
      "max": 11114.3574
    }
  },
  "warmup_policy": {
    "warmup_trials": 1,
    "warmup_discarded": true,
    "measured_trials_field": "num_trials",
    "description": "One full generate before timed trials; trials use seed+trial."
  }
}
