{
  "timestamp": "2026-05-25T04:38:22.063348+00:00",
  "hardware": "Mac M5 Max",
  "model_preset": "qwen-1.5b",
  "configuration": "w8",
  "weight_bits": 8,
  "optimizations": {
    "weight_bits": 8,
    "kv_cache": false,
    "prefill": false
  },
  "model_repo": "mlx-community/Qwen2.5-1.5B-Instruct-8bit",
  "kv_bits": null,
  "prefill_step_size": 512,
  "prompt_tokens": 512,
  "generation_tokens": 128,
  "num_trials": 3,
  "memory_gb": 2.2889,
  "ttft_ms": 82.0612,
  "throughput_tps": 88.9733,
  "prompt_tps": 6239.2483,
  "mlx_version": "0.31.2",
  "mlx_lm_version": "0.29.1",
  "platform": "macOS-26.4.1-arm64-arm-64bit-Mach-O",
  "status": "ok",
  "error": null,
  "article_id": 4,
  "run_label": null,
  "benchmark_mode": "standard",
  "draft_model_repo": null,
  "draft_preset": "qwen-0.5b",
  "num_draft_tokens": null,
  "draft_accept_rate": null,
  "prefix_cache_cold_ttft_ms": null,
  "prefix_cache_warm_ttft_ms": null,
  "prefix_system_tokens": null,
  "workload": null,
  "schema_version": 1,
  "trials": {
    "ttft_ms": [
      60.422125039622195,
      82.06116710789502,
      579.6452080830932
    ],
    "throughput_tps": [
      220.21442259582278,
      88.97331053046244,
      71.05047316299854
    ],
    "memory_gb": [
      2.288874796,
      2.288874796,
      2.288874796
    ],
    "prompt_tps": [
      8473.717196544358,
      6239.248332001131,
      883.298943664525
    ]
  },
  "stats": {
    "ttft_ms": {
      "n": 3,
      "mean": 240.7095,
      "median": 82.0612,
      "p50": 82.0612,
      "p95": 529.8868,
      "std": 239.8265,
      "min": 60.4221,
      "max": 579.6452
    },
    "throughput_tps": {
      "n": 3,
      "mean": 126.7461,
      "median": 88.9733,
      "p50": 88.9733,
      "p95": 207.0903,
      "std": 66.4959,
      "min": 71.0505,
      "max": 220.2144
    },
    "memory_gb": {
      "n": 3,
      "mean": 2.2889,
      "median": 2.2889,
      "p50": 2.2889,
      "p95": 2.2889,
      "std": 0.0,
      "min": 2.2889,
      "max": 2.2889
    },
    "prompt_tps": {
      "n": 3,
      "mean": 5198.7548,
      "median": 6239.2483,
      "p50": 6239.2483,
      "p95": 8250.2703,
      "std": 3184.921,
      "min": 883.2989,
      "max": 8473.7172
    }
  },
  "warmup_policy": {
    "warmup_trials": 1,
    "warmup_discarded": true,
    "measured_trials_field": "num_trials",
    "description": "One full generate before timed trials; trials use seed+trial."
  }
}
