{
  "timestamp": "2026-05-25T04:55:25.872253+00:00",
  "hardware": "Mac M5 Max",
  "model_preset": "gemma-9b",
  "configuration": "fp16",
  "weight_bits": 16,
  "optimizations": {
    "weight_bits": 16,
    "kv_cache": false,
    "prefill": false
  },
  "model_repo": "mlx-community/gemma-2-9b-it-8bit",
  "kv_bits": null,
  "prefill_step_size": 512,
  "prompt_tokens": 512,
  "generation_tokens": 128,
  "num_trials": 3,
  "memory_gb": 10.5073,
  "ttft_ms": 262.9142,
  "throughput_tps": 49.5234,
  "prompt_tps": 1947.4033,
  "mlx_version": "0.31.2",
  "mlx_lm_version": "0.29.1",
  "platform": "macOS-26.4.1-arm64-arm-64bit-Mach-O",
  "status": "ok",
  "error": null,
  "article_id": 4,
  "run_label": null,
  "benchmark_mode": "standard",
  "draft_model_repo": null,
  "draft_preset": "qwen-0.5b",
  "num_draft_tokens": null,
  "draft_accept_rate": null,
  "prefix_cache_cold_ttft_ms": null,
  "prefix_cache_warm_ttft_ms": null,
  "prefix_system_tokens": null,
  "workload": null,
  "schema_version": 1,
  "trials": {
    "ttft_ms": [
      261.3541658502072,
      262.9142089281231,
      264.2625418957323
    ],
    "throughput_tps": [
      49.523381788594776,
      49.23530455948825,
      49.551886111441426
    ],
    "memory_gb": [
      10.507297996,
      10.507297996,
      10.507297996
    ],
    "prompt_tps": [
      1959.0275071163328,
      1947.4033072893876,
      1937.4671730888567
    ]
  },
  "stats": {
    "ttft_ms": {
      "n": 3,
      "mean": 262.8436,
      "median": 262.9142,
      "p50": 262.9142,
      "p95": 264.1277,
      "std": 1.1884,
      "min": 261.3542,
      "max": 264.2625
    },
    "throughput_tps": {
      "n": 3,
      "mean": 49.4369,
      "median": 49.5234,
      "p50": 49.5234,
      "p95": 49.549,
      "std": 0.143,
      "min": 49.2353,
      "max": 49.5519
    },
    "memory_gb": {
      "n": 3,
      "mean": 10.5073,
      "median": 10.5073,
      "p50": 10.5073,
      "p95": 10.5073,
      "std": 0.0,
      "min": 10.5073,
      "max": 10.5073
    },
    "prompt_tps": {
      "n": 3,
      "mean": 1947.966,
      "median": 1947.4033,
      "p50": 1947.4033,
      "p95": 1957.8651,
      "std": 8.811,
      "min": 1937.4672,
      "max": 1959.0275
    }
  },
  "warmup_policy": {
    "warmup_trials": 1,
    "warmup_discarded": true,
    "measured_trials_field": "num_trials",
    "description": "One full generate before timed trials; trials use seed+trial."
  }
}
