{
  "timestamp": "2026-05-25T04:55:59.901940+00:00",
  "hardware": "Mac M5 Max",
  "model_preset": "gemma-9b",
  "configuration": "w4",
  "weight_bits": 4,
  "optimizations": {
    "weight_bits": 4,
    "kv_cache": false,
    "prefill": false
  },
  "model_repo": "mlx-community/gemma-2-9b-it-4bit",
  "kv_bits": null,
  "prefill_step_size": 512,
  "prompt_tokens": 512,
  "generation_tokens": 128,
  "num_trials": 3,
  "memory_gb": 5.9003,
  "ttft_ms": 233.7842,
  "throughput_tps": 84.7339,
  "prompt_tps": 2190.0534,
  "mlx_version": "0.31.2",
  "mlx_lm_version": "0.29.1",
  "platform": "macOS-26.4.1-arm64-arm-64bit-Mach-O",
  "status": "ok",
  "error": null,
  "article_id": 4,
  "run_label": null,
  "benchmark_mode": "standard",
  "draft_model_repo": null,
  "draft_preset": "qwen-0.5b",
  "num_draft_tokens": null,
  "draft_accept_rate": null,
  "prefix_cache_cold_ttft_ms": null,
  "prefix_cache_warm_ttft_ms": null,
  "prefix_system_tokens": null,
  "workload": null,
  "schema_version": 1,
  "trials": {
    "ttft_ms": [
      233.0064170528203,
      233.7842499837279,
      246.18991604074836
    ],
    "throughput_tps": [
      84.53557583529785,
      84.73385307359298,
      84.98737567246555
    ],
    "memory_gb": [
      5.900332238,
      5.900332238,
      5.900332238
    ],
    "prompt_tps": [
      2197.364375093303,
      2190.053436173039,
      2079.6952541112846
    ]
  },
  "stats": {
    "ttft_ms": {
      "n": 3,
      "mean": 237.6602,
      "median": 233.7842,
      "p50": 233.7842,
      "p95": 244.9493,
      "std": 6.0398,
      "min": 233.0064,
      "max": 246.1899
    },
    "throughput_tps": {
      "n": 3,
      "mean": 84.7523,
      "median": 84.7339,
      "p50": 84.7339,
      "p95": 84.962,
      "std": 0.1849,
      "min": 84.5356,
      "max": 84.9874
    },
    "memory_gb": {
      "n": 3,
      "mean": 5.9003,
      "median": 5.9003,
      "p50": 5.9003,
      "p95": 5.9003,
      "std": 0.0,
      "min": 5.9003,
      "max": 5.9003
    },
    "prompt_tps": {
      "n": 3,
      "mean": 2155.7044,
      "median": 2190.0534,
      "p50": 2190.0534,
      "p95": 2196.6333,
      "std": 53.8294,
      "min": 2079.6953,
      "max": 2197.3644
    }
  },
  "warmup_policy": {
    "warmup_trials": 1,
    "warmup_discarded": true,
    "measured_trials_field": "num_trials",
    "description": "One full generate before timed trials; trials use seed+trial."
  }
}
