{
  "timestamp": "2026-05-25T04:55:44.910099+00:00",
  "hardware": "Mac M5 Max",
  "model_preset": "gemma-9b",
  "configuration": "w8",
  "weight_bits": 8,
  "optimizations": {
    "weight_bits": 8,
    "kv_cache": false,
    "prefill": false
  },
  "model_repo": "mlx-community/gemma-2-9b-it-8bit",
  "kv_bits": null,
  "prefill_step_size": 512,
  "prompt_tokens": 512,
  "generation_tokens": 128,
  "num_trials": 3,
  "memory_gb": 10.5073,
  "ttft_ms": 262.6594,
  "throughput_tps": 49.7417,
  "prompt_tps": 1949.2924,
  "mlx_version": "0.31.2",
  "mlx_lm_version": "0.29.1",
  "platform": "macOS-26.4.1-arm64-arm-64bit-Mach-O",
  "status": "ok",
  "error": null,
  "article_id": 4,
  "run_label": null,
  "benchmark_mode": "standard",
  "draft_model_repo": null,
  "draft_preset": "qwen-0.5b",
  "num_draft_tokens": null,
  "draft_accept_rate": null,
  "prefix_cache_cold_ttft_ms": null,
  "prefix_cache_warm_ttft_ms": null,
  "prefix_system_tokens": null,
  "workload": null,
  "schema_version": 1,
  "trials": {
    "ttft_ms": [
      261.63195818662643,
      262.6594169996679,
      265.2414159383625
    ],
    "throughput_tps": [
      49.74172031116261,
      49.93908958350021,
      49.63115263488441
    ],
    "memory_gb": [
      10.507297996,
      10.507297996,
      10.507297996
    ],
    "prompt_tps": [
      1956.947475181078,
      1949.2923796470902,
      1930.3169461249595
    ]
  },
  "stats": {
    "ttft_ms": {
      "n": 3,
      "mean": 263.1776,
      "median": 262.6594,
      "p50": 262.6594,
      "p95": 264.9832,
      "std": 1.5184,
      "min": 261.632,
      "max": 265.2414
    },
    "throughput_tps": {
      "n": 3,
      "mean": 49.7707,
      "median": 49.7417,
      "p50": 49.7417,
      "p95": 49.9194,
      "std": 0.1274,
      "min": 49.6312,
      "max": 49.9391
    },
    "memory_gb": {
      "n": 3,
      "mean": 10.5073,
      "median": 10.5073,
      "p50": 10.5073,
      "p95": 10.5073,
      "std": 0.0,
      "min": 10.5073,
      "max": 10.5073
    },
    "prompt_tps": {
      "n": 3,
      "mean": 1945.5189,
      "median": 1949.2924,
      "p50": 1949.2924,
      "p95": 1956.182,
      "std": 11.1945,
      "min": 1930.3169,
      "max": 1956.9475
    }
  },
  "warmup_policy": {
    "warmup_trials": 1,
    "warmup_discarded": true,
    "measured_trials_field": "num_trials",
    "description": "One full generate before timed trials; trials use seed+trial."
  }
}
