{
  "timestamp": "2026-05-23T04:46:24.273642+00:00",
  "hardware": "Mac M5 Max",
  "model_preset": "gemma-9b",
  "configuration": "w8",
  "weight_bits": 8,
  "optimizations": {
    "weight_bits": 8,
    "kv_cache": false,
    "prefill": false
  },
  "model_repo": "mlx-community/gemma-2-9b-it-8bit",
  "kv_bits": null,
  "prefill_step_size": 512,
  "prompt_tokens": 512,
  "generation_tokens": 128,
  "num_trials": 3,
  "memory_gb": 10.5073,
  "ttft_ms": 262.1892,
  "throughput_tps": 49.5099,
  "prompt_tps": 1952.7885,
  "mlx_version": "0.31.2",
  "mlx_lm_version": "0.29.1",
  "platform": "macOS-26.4.1-arm64-arm-64bit-Mach-O",
  "status": "ok",
  "error": null,
  "article_id": 4,
  "run_label": null,
  "benchmark_mode": "standard",
  "draft_model_repo": null,
  "draft_preset": "qwen-0.5b",
  "num_draft_tokens": null,
  "draft_accept_rate": null,
  "prefix_cache_cold_ttft_ms": null,
  "prefix_cache_warm_ttft_ms": null,
  "prefix_system_tokens": null,
  "workload": null,
  "schema_version": 1,
  "trials": {
    "ttft_ms": [
      261.3919998984784,
      262.18916685320437,
      264.7325419820845
    ],
    "throughput_tps": [
      49.50989474263024,
      49.72993989113872,
      49.14118107574242
    ],
    "memory_gb": [
      10.507297996,
      10.507297996,
      10.507297996
    ],
    "prompt_tps": [
      1958.7439561993283,
      1952.7885386914586,
      1934.0274382839154
    ]
  },
  "stats": {
    "ttft_ms": {
      "n": 3,
      "mean": 262.7712,
      "median": 262.1892,
      "p50": 262.1892,
      "p95": 264.4782,
      "std": 1.4245,
      "min": 261.392,
      "max": 264.7325
    },
    "throughput_tps": {
      "n": 3,
      "mean": 49.4603,
      "median": 49.5099,
      "p50": 49.5099,
      "p95": 49.7079,
      "std": 0.2429,
      "min": 49.1412,
      "max": 49.7299
    },
    "memory_gb": {
      "n": 3,
      "mean": 10.5073,
      "median": 10.5073,
      "p50": 10.5073,
      "p95": 10.5073,
      "std": 0.0,
      "min": 10.5073,
      "max": 10.5073
    },
    "prompt_tps": {
      "n": 3,
      "mean": 1948.52,
      "median": 1952.7885,
      "p50": 1952.7885,
      "p95": 1958.1484,
      "std": 10.5322,
      "min": 1934.0274,
      "max": 1958.744
    }
  },
  "warmup_policy": {
    "warmup_trials": 1,
    "warmup_discarded": true,
    "measured_trials_field": "num_trials",
    "description": "One full generate before timed trials; trials use seed+trial."
  }
}
