{
  "timestamp": "2026-05-25T04:10:43.589916+00:00",
  "hardware": "Mac M5 Max",
  "model_preset": "llama-3.2-1b",
  "configuration": "fp16",
  "weight_bits": 16,
  "optimizations": {
    "weight_bits": 16,
    "kv_cache": false,
    "prefill": false
  },
  "model_repo": "mlx-community/Llama-3.2-1B-Instruct-bf16",
  "kv_bits": null,
  "prefill_step_size": 512,
  "prompt_tokens": 512,
  "generation_tokens": 128,
  "num_trials": 3,
  "memory_gb": 2.844,
  "ttft_ms": 32.3845,
  "throughput_tps": 186.6711,
  "prompt_tps": 15810.0525,
  "mlx_version": "0.31.2",
  "mlx_lm_version": "0.29.1",
  "platform": "macOS-26.4.1-arm64-arm-64bit-Mach-O",
  "status": "ok",
  "error": null,
  "article_id": 1,
  "run_label": null,
  "benchmark_mode": "standard",
  "draft_model_repo": null,
  "draft_preset": "llama-3.2-1b",
  "num_draft_tokens": null,
  "draft_accept_rate": null,
  "prefix_cache_cold_ttft_ms": null,
  "prefix_cache_warm_ttft_ms": null,
  "prefix_system_tokens": null,
  "workload": null,
  "schema_version": 1,
  "trials": {
    "ttft_ms": [
      31.317250104621053,
      32.748542027547956,
      32.38445916213095
    ],
    "throughput_tps": [
      188.20314296096075,
      185.47744234853735,
      186.67112272935816
    ],
    "memory_gb": [
      2.844008568,
      2.844008568,
      2.844008568
    ],
    "prompt_tps": [
      16348.81729045716,
      15634.28379710179,
      15810.052514284742
    ]
  },
  "stats": {
    "ttft_ms": {
      "n": 3,
      "mean": 32.1501,
      "median": 32.3845,
      "p50": 32.3845,
      "p95": 32.7121,
      "std": 0.6074,
      "min": 31.3173,
      "max": 32.7485
    },
    "throughput_tps": {
      "n": 3,
      "mean": 186.7839,
      "median": 186.6711,
      "p50": 186.6711,
      "p95": 188.0499,
      "std": 1.1156,
      "min": 185.4774,
      "max": 188.2031
    },
    "memory_gb": {
      "n": 3,
      "mean": 2.844,
      "median": 2.844,
      "p50": 2.844,
      "p95": 2.844,
      "std": 0.0,
      "min": 2.844,
      "max": 2.844
    },
    "prompt_tps": {
      "n": 3,
      "mean": 15931.0512,
      "median": 15810.0525,
      "p50": 15810.0525,
      "p95": 16294.9408,
      "std": 303.9957,
      "min": 15634.2838,
      "max": 16348.8173
    }
  },
  "warmup_policy": {
    "warmup_trials": 1,
    "warmup_discarded": true,
    "measured_trials_field": "num_trials",
    "description": "One full generate before timed trials; trials use seed+trial."
  }
}
