{
  "timestamp": "2026-05-25T04:11:00.300634+00:00",
  "hardware": "Mac M5 Max",
  "model_preset": "llama-3.2-1b",
  "configuration": "w4",
  "weight_bits": 4,
  "optimizations": {
    "weight_bits": 4,
    "kv_cache": false,
    "prefill": false
  },
  "model_repo": "mlx-community/Llama-3.2-1B-Instruct-4bit",
  "kv_bits": null,
  "prefill_step_size": 512,
  "prompt_tokens": 512,
  "generation_tokens": 128,
  "num_trials": 3,
  "memory_gb": 1.096,
  "ttft_ms": 30.8331,
  "throughput_tps": 525.0899,
  "prompt_tps": 16605.5177,
  "mlx_version": "0.31.2",
  "mlx_lm_version": "0.29.1",
  "platform": "macOS-26.4.1-arm64-arm-64bit-Mach-O",
  "status": "ok",
  "error": null,
  "article_id": 1,
  "run_label": null,
  "benchmark_mode": "standard",
  "draft_model_repo": null,
  "draft_preset": "llama-3.2-1b",
  "num_draft_tokens": null,
  "draft_accept_rate": null,
  "prefix_cache_cold_ttft_ms": null,
  "prefix_cache_warm_ttft_ms": null,
  "prefix_system_tokens": null,
  "workload": null,
  "schema_version": 1,
  "trials": {
    "ttft_ms": [
      30.71850002743304,
      30.833124881610278,
      31.814208952710032
    ],
    "throughput_tps": [
      525.0898770652714,
      526.5465517589088,
      523.0078339618315
    ],
    "memory_gb": [
      1.095966864,
      1.095966864,
      1.095966864
    ],
    "prompt_tps": [
      16667.48049360354,
      16605.517668608765,
      16093.438022018972
    ]
  },
  "stats": {
    "ttft_ms": {
      "n": 3,
      "mean": 31.1219,
      "median": 30.8331,
      "p50": 30.8331,
      "p95": 31.7161,
      "std": 0.4917,
      "min": 30.7185,
      "max": 31.8142
    },
    "throughput_tps": {
      "n": 3,
      "mean": 524.8814,
      "median": 525.0899,
      "p50": 525.0899,
      "p95": 526.4009,
      "std": 1.4522,
      "min": 523.0078,
      "max": 526.5466
    },
    "memory_gb": {
      "n": 3,
      "mean": 1.096,
      "median": 1.096,
      "p50": 1.096,
      "p95": 1.096,
      "std": 0.0,
      "min": 1.096,
      "max": 1.096
    },
    "prompt_tps": {
      "n": 3,
      "mean": 16455.4787,
      "median": 16605.5177,
      "p50": 16605.5177,
      "p95": 16661.2842,
      "std": 257.2482,
      "min": 16093.438,
      "max": 16667.4805
    }
  },
  "warmup_policy": {
    "warmup_trials": 1,
    "warmup_discarded": true,
    "measured_trials_field": "num_trials",
    "description": "One full generate before timed trials; trials use seed+trial."
  }
}
