{
  "timestamp": "2026-05-25T04:41:15.215281+00:00",
  "hardware": "Mac M5 Max",
  "model_preset": "qwen-3b",
  "configuration": "fp16",
  "weight_bits": 16,
  "optimizations": {
    "weight_bits": 16,
    "kv_cache": false,
    "prefill": false
  },
  "model_repo": "mlx-community/Qwen2.5-3B-Instruct-bf16",
  "kv_bits": null,
  "prefill_step_size": 512,
  "prompt_tokens": 512,
  "generation_tokens": 128,
  "num_trials": 3,
  "memory_gb": 6.5061,
  "ttft_ms": 84.1491,
  "throughput_tps": 77.6831,
  "prompt_tps": 6084.4364,
  "mlx_version": "0.31.2",
  "mlx_lm_version": "0.29.1",
  "platform": "macOS-26.4.1-arm64-arm-64bit-Mach-O",
  "status": "ok",
  "error": null,
  "article_id": 4,
  "run_label": null,
  "benchmark_mode": "standard",
  "draft_model_repo": null,
  "draft_preset": "qwen-0.5b",
  "num_draft_tokens": null,
  "draft_accept_rate": null,
  "prefix_cache_cold_ttft_ms": null,
  "prefix_cache_warm_ttft_ms": null,
  "prefix_system_tokens": null,
  "workload": null,
  "schema_version": 1,
  "trials": {
    "ttft_ms": [
      84.35362507589161,
      83.74137501232326,
      84.1491250321269
    ],
    "throughput_tps": [
      77.16742888604328,
      77.68314671169395,
      78.07728188825004
    ],
    "memory_gb": [
      6.506080352,
      6.506080352,
      6.506080352
    ],
    "prompt_tps": [
      6069.685796423826,
      6114.062492103274,
      6084.436407443642
    ]
  },
  "stats": {
    "ttft_ms": {
      "n": 3,
      "mean": 84.0814,
      "median": 84.1491,
      "p50": 84.1491,
      "p95": 84.3332,
      "std": 0.2545,
      "min": 83.7414,
      "max": 84.3536
    },
    "throughput_tps": {
      "n": 3,
      "mean": 77.6426,
      "median": 77.6831,
      "p50": 77.6831,
      "p95": 78.0379,
      "std": 0.3725,
      "min": 77.1674,
      "max": 78.0773
    },
    "memory_gb": {
      "n": 3,
      "mean": 6.5061,
      "median": 6.5061,
      "p50": 6.5061,
      "p95": 6.5061,
      "std": 0.0,
      "min": 6.5061,
      "max": 6.5061
    },
    "prompt_tps": {
      "n": 3,
      "mean": 6089.3949,
      "median": 6084.4364,
      "p50": 6084.4364,
      "p95": 6111.0999,
      "std": 18.4529,
      "min": 6069.6858,
      "max": 6114.0625
    }
  },
  "warmup_policy": {
    "warmup_trials": 1,
    "warmup_discarded": true,
    "measured_trials_field": "num_trials",
    "description": "One full generate before timed trials; trials use seed+trial."
  }
}
