{
  "timestamp": "2026-05-23T03:49:49.196035+00:00",
  "hardware": "Mac M5 Max",
  "model_preset": "qwen-3b",
  "configuration": "w4",
  "weight_bits": 4,
  "optimizations": {
    "weight_bits": 4,
    "kv_cache": false,
    "prefill": false
  },
  "model_repo": "mlx-community/Qwen2.5-3B-Instruct-4bit",
  "kv_bits": null,
  "prefill_step_size": 512,
  "prompt_tokens": 512,
  "generation_tokens": 128,
  "num_trials": 3,
  "memory_gb": 2.4316,
  "ttft_ms": 78.2854,
  "throughput_tps": 219.0809,
  "prompt_tps": 6540.1743,
  "mlx_version": "0.31.2",
  "mlx_lm_version": "0.29.1",
  "platform": "macOS-26.4.1-arm64-arm-64bit-Mach-O",
  "status": "ok",
  "error": null,
  "article_id": 4,
  "run_label": null,
  "benchmark_mode": "standard",
  "draft_model_repo": null,
  "draft_preset": "qwen-0.5b",
  "num_draft_tokens": null,
  "draft_accept_rate": null,
  "prefix_cache_cold_ttft_ms": null,
  "prefix_cache_warm_ttft_ms": null,
  "prefix_system_tokens": null,
  "workload": null,
  "schema_version": 1,
  "trials": {
    "ttft_ms": [
      88.21729104965925,
      78.28537514433265,
      78.11570912599564
    ],
    "throughput_tps": [
      219.6213046345802,
      219.08088982099292,
      218.5210071558388
    ],
    "memory_gb": [
      2.431641826,
      2.431641826,
      2.431641826
    ],
    "prompt_tps": [
      5803.850854043853,
      6540.174318077155,
      6554.379467696783
    ]
  },
  "stats": {
    "ttft_ms": {
      "n": 3,
      "mean": 81.5395,
      "median": 78.2854,
      "p50": 78.2854,
      "p95": 87.2241,
      "std": 4.7224,
      "min": 78.1157,
      "max": 88.2173
    },
    "throughput_tps": {
      "n": 3,
      "mean": 219.0744,
      "median": 219.0809,
      "p50": 219.0809,
      "p95": 219.5673,
      "std": 0.4492,
      "min": 218.521,
      "max": 219.6213
    },
    "memory_gb": {
      "n": 3,
      "mean": 2.4316,
      "median": 2.4316,
      "p50": 2.4316,
      "p95": 2.4316,
      "std": 0.0,
      "min": 2.4316,
      "max": 2.4316
    },
    "prompt_tps": {
      "n": 3,
      "mean": 6299.4682,
      "median": 6540.1743,
      "p50": 6540.1743,
      "p95": 6552.959,
      "std": 350.5024,
      "min": 5803.8509,
      "max": 6554.3795
    }
  },
  "warmup_policy": {
    "warmup_trials": 1,
    "warmup_discarded": true,
    "measured_trials_field": "num_trials",
    "description": "One full generate before timed trials; trials use seed+trial."
  }
}
