{
  "timestamp": "2026-05-25T04:41:36.470320+00:00",
  "hardware": "Mac M5 Max",
  "model_preset": "qwen-3b",
  "configuration": "w4",
  "weight_bits": 4,
  "optimizations": {
    "weight_bits": 4,
    "kv_cache": false,
    "prefill": false
  },
  "model_repo": "mlx-community/Qwen2.5-3B-Instruct-4bit",
  "kv_bits": null,
  "prefill_step_size": 512,
  "prompt_tokens": 512,
  "generation_tokens": 128,
  "num_trials": 3,
  "memory_gb": 2.4316,
  "ttft_ms": 77.9174,
  "throughput_tps": 217.4704,
  "prompt_tps": 6571.0633,
  "mlx_version": "0.31.2",
  "mlx_lm_version": "0.29.1",
  "platform": "macOS-26.4.1-arm64-arm-64bit-Mach-O",
  "status": "ok",
  "error": null,
  "article_id": 4,
  "run_label": null,
  "benchmark_mode": "standard",
  "draft_model_repo": null,
  "draft_preset": "qwen-0.5b",
  "num_draft_tokens": null,
  "draft_accept_rate": null,
  "prefix_cache_cold_ttft_ms": null,
  "prefix_cache_warm_ttft_ms": null,
  "prefix_system_tokens": null,
  "workload": null,
  "schema_version": 1,
  "trials": {
    "ttft_ms": [
      97.68650005571544,
      76.81008311919868,
      77.91737490333617
    ],
    "throughput_tps": [
      216.1047262767374,
      217.71681976134371,
      217.47035965547332
    ],
    "memory_gb": [
      2.431641826,
      2.431641826,
      2.431641826
    ],
    "prompt_tps": [
      5241.256465407002,
      6665.791510802644,
      6571.063265865722
    ]
  },
  "stats": {
    "ttft_ms": {
      "n": 3,
      "mean": 84.138,
      "median": 77.9174,
      "p50": 77.9174,
      "p95": 95.7096,
      "std": 9.5909,
      "min": 76.8101,
      "max": 97.6865
    },
    "throughput_tps": {
      "n": 3,
      "mean": 217.0973,
      "median": 217.4704,
      "p50": 217.4704,
      "p95": 217.6922,
      "std": 0.709,
      "min": 216.1047,
      "max": 217.7168
    },
    "memory_gb": {
      "n": 3,
      "mean": 2.4316,
      "median": 2.4316,
      "p50": 2.4316,
      "p95": 2.4316,
      "std": 0.0,
      "min": 2.4316,
      "max": 2.4316
    },
    "prompt_tps": {
      "n": 3,
      "mean": 6159.3704,
      "median": 6571.0633,
      "p50": 6571.0633,
      "p95": 6656.3187,
      "std": 650.3554,
      "min": 5241.2565,
      "max": 6665.7915
    }
  },
  "warmup_policy": {
    "warmup_trials": 1,
    "warmup_discarded": true,
    "measured_trials_field": "num_trials",
    "description": "One full generate before timed trials; trials use seed+trial."
  }
}
