{
  "timestamp": "2026-05-25T04:41:26.675711+00:00",
  "hardware": "Mac M5 Max",
  "model_preset": "qwen-3b",
  "configuration": "w8",
  "weight_bits": 8,
  "optimizations": {
    "weight_bits": 8,
    "kv_cache": false,
    "prefill": false
  },
  "model_repo": "mlx-community/Qwen2.5-3B-Instruct-8bit",
  "kv_bits": null,
  "prefill_step_size": 512,
  "prompt_tokens": 512,
  "generation_tokens": 128,
  "num_trials": 3,
  "memory_gb": 3.7674,
  "ttft_ms": 85.2399,
  "throughput_tps": 137.438,
  "prompt_tps": 6006.5755,
  "mlx_version": "0.31.2",
  "mlx_lm_version": "0.29.1",
  "platform": "macOS-26.4.1-arm64-arm-64bit-Mach-O",
  "status": "ok",
  "error": null,
  "article_id": 4,
  "run_label": null,
  "benchmark_mode": "standard",
  "draft_model_repo": null,
  "draft_preset": "qwen-0.5b",
  "num_draft_tokens": null,
  "draft_accept_rate": null,
  "prefix_cache_cold_ttft_ms": null,
  "prefix_cache_warm_ttft_ms": null,
  "prefix_system_tokens": null,
  "workload": null,
  "schema_version": 1,
  "trials": {
    "ttft_ms": [
      93.08649995364249,
      84.10545904189348,
      85.23991680704057
    ],
    "throughput_tps": [
      137.2667464018521,
      137.43796835100235,
      138.28333050200317
    ],
    "memory_gb": [
      3.767364028,
      3.762841756,
      3.762841756
    ],
    "prompt_tps": [
      5500.260513124657,
      6087.595333674708,
      6006.575547921115
    ]
  },
  "stats": {
    "ttft_ms": {
      "n": 3,
      "mean": 87.4773,
      "median": 85.2399,
      "p50": 85.2399,
      "p95": 92.3018,
      "std": 3.9933,
      "min": 84.1055,
      "max": 93.0865
    },
    "throughput_tps": {
      "n": 3,
      "mean": 137.6627,
      "median": 137.438,
      "p50": 137.438,
      "p95": 138.1988,
      "std": 0.4444,
      "min": 137.2667,
      "max": 138.2833
    },
    "memory_gb": {
      "n": 3,
      "mean": 3.7643,
      "median": 3.7628,
      "p50": 3.7628,
      "p95": 3.7669,
      "std": 0.0021,
      "min": 3.7628,
      "max": 3.7674
    },
    "prompt_tps": {
      "n": 3,
      "mean": 5864.8105,
      "median": 6006.5755,
      "p50": 6006.5755,
      "p95": 6079.4934,
      "std": 259.8891,
      "min": 5500.2605,
      "max": 6087.5953
    }
  },
  "warmup_policy": {
    "warmup_trials": 1,
    "warmup_discarded": true,
    "measured_trials_field": "num_trials",
    "description": "One full generate before timed trials; trials use seed+trial."
  }
}
