{
  "timestamp": "2026-05-23T03:49:07.236116+00:00",
  "hardware": "Mac M5 Max",
  "model_preset": "qwen-3b",
  "configuration": "w8",
  "weight_bits": 8,
  "optimizations": {
    "weight_bits": 8,
    "kv_cache": false,
    "prefill": false
  },
  "model_repo": "mlx-community/Qwen2.5-3B-Instruct-8bit",
  "kv_bits": null,
  "prefill_step_size": 512,
  "prompt_tokens": 512,
  "generation_tokens": 128,
  "num_trials": 3,
  "memory_gb": 3.7674,
  "ttft_ms": 84.9045,
  "throughput_tps": 137.8831,
  "prompt_tps": 6030.3046,
  "mlx_version": "0.31.2",
  "mlx_lm_version": "0.29.1",
  "platform": "macOS-26.4.1-arm64-arm-64bit-Mach-O",
  "status": "ok",
  "error": null,
  "article_id": 4,
  "run_label": null,
  "benchmark_mode": "standard",
  "draft_model_repo": null,
  "draft_preset": "qwen-0.5b",
  "num_draft_tokens": null,
  "draft_accept_rate": null,
  "prefix_cache_cold_ttft_ms": null,
  "prefix_cache_warm_ttft_ms": null,
  "prefix_system_tokens": null,
  "workload": null,
  "schema_version": 1,
  "trials": {
    "ttft_ms": [
      93.81420793943107,
      84.90449981763959,
      84.34545807540417
    ],
    "throughput_tps": [
      137.2132156751899,
      137.8830614382356,
      138.01852306233974
    ],
    "memory_gb": [
      3.767364028,
      3.762841756,
      3.762841756
    ],
    "prompt_tps": [
      5457.595509739428,
      6030.304649337654,
      6070.27351185023
    ]
  },
  "stats": {
    "ttft_ms": {
      "n": 3,
      "mean": 87.6881,
      "median": 84.9045,
      "p50": 84.9045,
      "p95": 92.9232,
      "std": 4.3379,
      "min": 84.3455,
      "max": 93.8142
    },
    "throughput_tps": {
      "n": 3,
      "mean": 137.7049,
      "median": 137.8831,
      "p50": 137.8831,
      "p95": 138.005,
      "std": 0.3521,
      "min": 137.2132,
      "max": 138.0185
    },
    "memory_gb": {
      "n": 3,
      "mean": 3.7643,
      "median": 3.7628,
      "p50": 3.7628,
      "p95": 3.7669,
      "std": 0.0021,
      "min": 3.7628,
      "max": 3.7674
    },
    "prompt_tps": {
      "n": 3,
      "mean": 5852.7246,
      "median": 6030.3046,
      "p50": 6030.3046,
      "p95": 6066.2766,
      "std": 279.8745,
      "min": 5457.5955,
      "max": 6070.2735
    }
  },
  "warmup_policy": {
    "warmup_trials": 1,
    "warmup_discarded": true,
    "measured_trials_field": "num_trials",
    "description": "One full generate before timed trials; trials use seed+trial."
  }
}
