{
  "timestamp": "2026-05-25T04:38:47.350820+00:00",
  "hardware": "Mac M5 Max",
  "model_preset": "gemma-2-2b",
  "configuration": "fp16",
  "weight_bits": 16,
  "optimizations": {
    "weight_bits": 16,
    "kv_cache": false,
    "prefill": false
  },
  "model_repo": "mlx-community/gemma-2-2b-it-8bit",
  "kv_bits": null,
  "prefill_step_size": 512,
  "prompt_tokens": 512,
  "generation_tokens": 128,
  "num_trials": 3,
  "memory_gb": 3.4275,
  "ttft_ms": 176.8085,
  "throughput_tps": 79.5933,
  "prompt_tps": 2895.7884,
  "mlx_version": "0.31.2",
  "mlx_lm_version": "0.29.1",
  "platform": "macOS-26.4.1-arm64-arm-64bit-Mach-O",
  "status": "ok",
  "error": null,
  "article_id": 4,
  "run_label": null,
  "benchmark_mode": "standard",
  "draft_model_repo": null,
  "draft_preset": "qwen-0.5b",
  "num_draft_tokens": null,
  "draft_accept_rate": null,
  "prefix_cache_cold_ttft_ms": null,
  "prefix_cache_warm_ttft_ms": null,
  "prefix_system_tokens": null,
  "workload": null,
  "schema_version": 1,
  "trials": {
    "ttft_ms": [
      87.09787484258413,
      479.520499939099,
      176.8084999639541
    ],
    "throughput_tps": [
      116.22401793267717,
      45.42154521742548,
      79.59334639618598
    ],
    "memory_gb": [
      3.427517292,
      3.427517292,
      3.427517292
    ],
    "prompt_tps": [
      5878.444232139537,
      1067.7332878678305,
      2895.7883818050677
    ]
  },
  "stats": {
    "ttft_ms": {
      "n": 3,
      "mean": 247.809,
      "median": 176.8085,
      "p50": 176.8085,
      "p95": 449.2493,
      "std": 167.8882,
      "min": 87.0979,
      "max": 479.5205
    },
    "throughput_tps": {
      "n": 3,
      "mean": 80.413,
      "median": 79.5933,
      "p50": 79.5933,
      "p95": 112.561,
      "std": 28.9108,
      "min": 45.4215,
      "max": 116.224
    },
    "memory_gb": {
      "n": 3,
      "mean": 3.4275,
      "median": 3.4275,
      "p50": 3.4275,
      "p95": 3.4275,
      "std": 0.0,
      "min": 3.4275,
      "max": 3.4275
    },
    "prompt_tps": {
      "n": 3,
      "mean": 3280.6553,
      "median": 2895.7884,
      "p50": 2895.7884,
      "p95": 5580.1786,
      "std": 1982.7299,
      "min": 1067.7333,
      "max": 5878.4442
    }
  },
  "warmup_policy": {
    "warmup_trials": 1,
    "warmup_discarded": true,
    "measured_trials_field": "num_trials",
    "description": "One full generate before timed trials; trials use seed+trial."
  }
}
