{
  "timestamp": "2026-05-23T03:42:36.916607+00:00",
  "hardware": "Mac M5 Max",
  "model_preset": "gemma-2-2b",
  "configuration": "w4",
  "weight_bits": 4,
  "optimizations": {
    "weight_bits": 4,
    "kv_cache": false,
    "prefill": false
  },
  "model_repo": "mlx-community/gemma-2-2b-it-4bit",
  "kv_bits": null,
  "prefill_step_size": 512,
  "prompt_tokens": 512,
  "generation_tokens": 128,
  "num_trials": 3,
  "memory_gb": 2.1443,
  "ttft_ms": 80.897,
  "throughput_tps": 226.7956,
  "prompt_tps": 6329.0324,
  "mlx_version": "0.31.2",
  "mlx_lm_version": "0.29.1",
  "platform": "macOS-26.4.1-arm64-arm-64bit-Mach-O",
  "status": "ok",
  "error": null,
  "article_id": 4,
  "run_label": null,
  "benchmark_mode": "standard",
  "draft_model_repo": null,
  "draft_preset": "qwen-0.5b",
  "num_draft_tokens": null,
  "draft_accept_rate": null,
  "prefix_cache_cold_ttft_ms": null,
  "prefix_cache_warm_ttft_ms": null,
  "prefix_system_tokens": null,
  "workload": null,
  "schema_version": 1,
  "trials": {
    "ttft_ms": [
      80.89704206213355,
      88.63787492737174,
      75.97912498749793
    ],
    "throughput_tps": [
      226.79557184759238,
      226.70490829966943,
      226.82899710517313
    ],
    "memory_gb": [
      2.144273242,
      2.144273242,
      2.144273242
    ],
    "prompt_tps": [
      6329.032396595598,
      5776.3117676221755,
      6738.693030279667
    ]
  },
  "stats": {
    "ttft_ms": {
      "n": 3,
      "mean": 81.838,
      "median": 80.897,
      "p50": 80.897,
      "p95": 87.8638,
      "std": 5.2106,
      "min": 75.9791,
      "max": 88.6379
    },
    "throughput_tps": {
      "n": 3,
      "mean": 226.7765,
      "median": 226.7956,
      "p50": 226.7956,
      "p95": 226.8257,
      "std": 0.0524,
      "min": 226.7049,
      "max": 226.829
    },
    "memory_gb": {
      "n": 3,
      "mean": 2.1443,
      "median": 2.1443,
      "p50": 2.1443,
      "p95": 2.1443,
      "std": 0.0,
      "min": 2.1443,
      "max": 2.1443
    },
    "prompt_tps": {
      "n": 3,
      "mean": 6281.3457,
      "median": 6329.0324,
      "p50": 6329.0324,
      "p95": 6697.727,
      "std": 394.3348,
      "min": 5776.3118,
      "max": 6738.693
    }
  },
  "warmup_policy": {
    "warmup_trials": 1,
    "warmup_discarded": true,
    "measured_trials_field": "num_trials",
    "description": "One full generate before timed trials; trials use seed+trial."
  }
}
