{
  "timestamp": "2026-05-25T04:40:24.348323+00:00",
  "hardware": "Mac M5 Max",
  "model_preset": "gemma-2-2b",
  "configuration": "w4",
  "weight_bits": 4,
  "optimizations": {
    "weight_bits": 4,
    "kv_cache": false,
    "prefill": false
  },
  "model_repo": "mlx-community/gemma-2-2b-it-4bit",
  "kv_bits": null,
  "prefill_step_size": 512,
  "prompt_tokens": 512,
  "generation_tokens": 128,
  "num_trials": 3,
  "memory_gb": 2.1443,
  "ttft_ms": 75.425,
  "throughput_tps": 227.2066,
  "prompt_tps": 6788.2039,
  "mlx_version": "0.31.2",
  "mlx_lm_version": "0.29.1",
  "platform": "macOS-26.4.1-arm64-arm-64bit-Mach-O",
  "status": "ok",
  "error": null,
  "article_id": 4,
  "run_label": null,
  "benchmark_mode": "standard",
  "draft_model_repo": null,
  "draft_preset": "qwen-0.5b",
  "num_draft_tokens": null,
  "draft_accept_rate": null,
  "prefix_cache_cold_ttft_ms": null,
  "prefix_cache_warm_ttft_ms": null,
  "prefix_system_tokens": null,
  "workload": null,
  "schema_version": 1,
  "trials": {
    "ttft_ms": [
      65.51970914006233,
      78.97062483243644,
      75.42495895177126
    ],
    "throughput_tps": [
      225.83202244232012,
      227.31917709579895,
      227.2066335730042
    ],
    "memory_gb": [
      2.144273242,
      2.144273242,
      2.144273242
    ],
    "prompt_tps": [
      7814.442504704821,
      6483.42343860626,
      6788.203893188547
    ]
  },
  "stats": {
    "ttft_ms": {
      "n": 3,
      "mean": 73.3051,
      "median": 75.425,
      "p50": 75.425,
      "p95": 78.6161,
      "std": 5.6922,
      "min": 65.5197,
      "max": 78.9706
    },
    "throughput_tps": {
      "n": 3,
      "mean": 226.7859,
      "median": 227.2066,
      "p50": 227.2066,
      "p95": 227.3079,
      "std": 0.6761,
      "min": 225.832,
      "max": 227.3192
    },
    "memory_gb": {
      "n": 3,
      "mean": 2.1443,
      "median": 2.1443,
      "p50": 2.1443,
      "p95": 2.1443,
      "std": 0.0,
      "min": 2.1443,
      "max": 2.1443
    },
    "prompt_tps": {
      "n": 3,
      "mean": 7028.6899,
      "median": 6788.2039,
      "p50": 6788.2039,
      "p95": 7711.8186,
      "std": 569.3728,
      "min": 6483.4234,
      "max": 7814.4425
    }
  },
  "warmup_policy": {
    "warmup_trials": 1,
    "warmup_discarded": true,
    "measured_trials_field": "num_trials",
    "description": "One full generate before timed trials; trials use seed+trial."
  }
}
