{
  "timestamp": "2026-05-25T04:39:01.836073+00:00",
  "hardware": "Mac M5 Max",
  "model_preset": "gemma-2-2b",
  "configuration": "w8",
  "weight_bits": 8,
  "optimizations": {
    "weight_bits": 8,
    "kv_cache": false,
    "prefill": false
  },
  "model_repo": "mlx-community/gemma-2-2b-it-8bit",
  "kv_bits": null,
  "prefill_step_size": 512,
  "prompt_tokens": 512,
  "generation_tokens": 128,
  "num_trials": 3,
  "memory_gb": 3.4275,
  "ttft_ms": 130.653,
  "throughput_tps": 92.8547,
  "prompt_tps": 3918.7772,
  "mlx_version": "0.31.2",
  "mlx_lm_version": "0.29.1",
  "platform": "macOS-26.4.1-arm64-arm-64bit-Mach-O",
  "status": "ok",
  "error": null,
  "article_id": 4,
  "run_label": null,
  "benchmark_mode": "standard",
  "draft_model_repo": null,
  "draft_preset": "qwen-0.5b",
  "num_draft_tokens": null,
  "draft_accept_rate": null,
  "prefix_cache_cold_ttft_ms": null,
  "prefix_cache_warm_ttft_ms": null,
  "prefix_system_tokens": null,
  "workload": null,
  "schema_version": 1,
  "trials": {
    "ttft_ms": [
      80.99170820787549,
      130.65299997106194,
      159.89854210056365
    ],
    "throughput_tps": [
      137.03996094052187,
      46.54526694428574,
      92.85470644408342
    ],
    "memory_gb": [
      3.427517292,
      3.427517292,
      3.427517292
    ],
    "prompt_tps": [
      6321.63478619178,
      3918.7772199138312,
      3202.0304455183345
    ]
  },
  "stats": {
    "ttft_ms": {
      "n": 3,
      "mean": 123.8478,
      "median": 130.653,
      "p50": 130.653,
      "p95": 156.974,
      "std": 32.571,
      "min": 80.9917,
      "max": 159.8985
    },
    "throughput_tps": {
      "n": 3,
      "mean": 92.1466,
      "median": 92.8547,
      "p50": 92.8547,
      "p95": 132.6214,
      "std": 36.9477,
      "min": 46.5453,
      "max": 137.04
    },
    "memory_gb": {
      "n": 3,
      "mean": 3.4275,
      "median": 3.4275,
      "p50": 3.4275,
      "p95": 3.4275,
      "std": 0.0,
      "min": 3.4275,
      "max": 3.4275
    },
    "prompt_tps": {
      "n": 3,
      "mean": 4480.8142,
      "median": 3918.7772,
      "p50": 3918.7772,
      "p95": 6081.349,
      "std": 1334.1407,
      "min": 3202.0304,
      "max": 6321.6348
    }
  },
  "warmup_policy": {
    "warmup_trials": 1,
    "warmup_discarded": true,
    "measured_trials_field": "num_trials",
    "description": "One full generate before timed trials; trials use seed+trial."
  }
}
