{
  "timestamp": "2026-05-25T04:34:15.359239+00:00",
  "hardware": "Mac M5 Max",
  "model_preset": "llama3-8b",
  "configuration": "w4+kv_cache",
  "weight_bits": 4,
  "optimizations": {
    "weight_bits": 4,
    "kv_cache": true,
    "prefill": false
  },
  "model_repo": "mlx-community/Meta-Llama-3.1-8B-Instruct-4bit",
  "kv_bits": 4,
  "prefill_step_size": 512,
  "prompt_tokens": 512,
  "generation_tokens": 128,
  "num_trials": 3,
  "memory_gb": 5.1148,
  "ttft_ms": 165.2385,
  "throughput_tps": 106.7309,
  "prompt_tps": 3098.5515,
  "mlx_version": "0.31.2",
  "mlx_lm_version": "0.29.1",
  "platform": "macOS-26.4.1-arm64-arm-64bit-Mach-O",
  "status": "ok",
  "error": null,
  "article_id": 2,
  "run_label": "llama3-8b_w4_kv",
  "benchmark_mode": "standard",
  "draft_model_repo": null,
  "draft_preset": "llama-3.2-1b",
  "num_draft_tokens": null,
  "draft_accept_rate": null,
  "prefix_cache_cold_ttft_ms": null,
  "prefix_cache_warm_ttft_ms": null,
  "prefix_system_tokens": null,
  "workload": null,
  "schema_version": 1,
  "trials": {
    "ttft_ms": [
      165.2141660451889,
      166.0449590999633,
      165.2384998742491
    ],
    "throughput_tps": [
      106.5917489354752,
      106.7309424430831,
      107.695582090772
    ],
    "memory_gb": [
      5.11480844,
      5.11480844,
      5.11480844
    ],
    "prompt_tps": [
      3099.0078651001345,
      3083.5022199726213,
      3098.551490056165
    ]
  },
  "stats": {
    "ttft_ms": {
      "n": 3,
      "mean": 165.4992,
      "median": 165.2385,
      "p50": 165.2385,
      "p95": 165.9643,
      "std": 0.386,
      "min": 165.2142,
      "max": 166.045
    },
    "throughput_tps": {
      "n": 3,
      "mean": 107.0061,
      "median": 106.7309,
      "p50": 106.7309,
      "p95": 107.5991,
      "std": 0.4908,
      "min": 106.5917,
      "max": 107.6956
    },
    "memory_gb": {
      "n": 3,
      "mean": 5.1148,
      "median": 5.1148,
      "p50": 5.1148,
      "p95": 5.1148,
      "std": 0.0,
      "min": 5.1148,
      "max": 5.1148
    },
    "prompt_tps": {
      "n": 3,
      "mean": 3093.6872,
      "median": 3098.5515,
      "p50": 3098.5515,
      "p95": 3098.9622,
      "std": 7.2043,
      "min": 3083.5022,
      "max": 3099.0079
    }
  },
  "warmup_policy": {
    "warmup_trials": 1,
    "warmup_discarded": true,
    "measured_trials_field": "num_trials",
    "description": "One full generate before timed trials; trials use seed+trial."
  }
}
