{
  "timestamp": "2026-05-23T14:49:17.663015+00:00",
  "hardware": "Mac M5 Max",
  "model_preset": "phi-3.5-mini",
  "configuration": "fp16",
  "weight_bits": 16,
  "optimizations": {
    "weight_bits": 16,
    "kv_cache": false,
    "prefill": false
  },
  "model_repo": "mlx-community/Phi-3.5-mini-instruct-bf16",
  "kv_bits": null,
  "prefill_step_size": 512,
  "prompt_tokens": 512,
  "generation_tokens": 128,
  "num_trials": 3,
  "memory_gb": 8.2859,
  "ttft_ms": 112.5217,
  "throughput_tps": 64.5088,
  "prompt_tps": 4550.2348,
  "mlx_version": "0.31.2",
  "mlx_lm_version": "0.29.1",
  "platform": "macOS-26.4.1-arm64-arm-64bit-Mach-O",
  "status": "ok",
  "error": null,
  "article_id": 5,
  "run_label": null,
  "benchmark_mode": "standard",
  "draft_model_repo": null,
  "draft_preset": "qwen-0.5b",
  "num_draft_tokens": null,
  "draft_accept_rate": null,
  "prefix_cache_cold_ttft_ms": null,
  "prefix_cache_warm_ttft_ms": null,
  "prefix_system_tokens": null,
  "workload": null,
  "schema_version": 1,
  "trials": {
    "ttft_ms": [
      112.89116693660617,
      111.45437485538422,
      112.52166610211135
    ],
    "throughput_tps": [
      64.53984759067309,
      64.31584977143471,
      64.50881326391017
    ],
    "memory_gb": [
      8.285882466,
      8.285882466,
      8.285882466
    ],
    "prompt_tps": [
      4535.341549684863,
      4593.808010357037,
      4550.2347924298365
    ]
  },
  "stats": {
    "ttft_ms": {
      "n": 3,
      "mean": 112.2891,
      "median": 112.5217,
      "p50": 112.5217,
      "p95": 112.8542,
      "std": 0.6092,
      "min": 111.4544,
      "max": 112.8912
    },
    "throughput_tps": {
      "n": 3,
      "mean": 64.4548,
      "median": 64.5088,
      "p50": 64.5088,
      "p95": 64.5367,
      "std": 0.0991,
      "min": 64.3158,
      "max": 64.5398
    },
    "memory_gb": {
      "n": 3,
      "mean": 8.2859,
      "median": 8.2859,
      "p50": 8.2859,
      "p95": 8.2859,
      "std": 0.0,
      "min": 8.2859,
      "max": 8.2859
    },
    "prompt_tps": {
      "n": 3,
      "mean": 4559.7948,
      "median": 4550.2348,
      "p50": 4550.2348,
      "p95": 4589.4507,
      "std": 24.8076,
      "min": 4535.3415,
      "max": 4593.808
    }
  },
  "warmup_policy": {
    "warmup_trials": 1,
    "warmup_discarded": true,
    "measured_trials_field": "num_trials",
    "description": "One full generate before timed trials; trials use seed+trial."
  }
}
