{
  "timestamp": "2026-05-25T05:19:45.182698+00:00",
  "hardware": "Mac M5 Max",
  "model_preset": "phi-3.5-mini",
  "configuration": "fp16+prefill",
  "weight_bits": 16,
  "optimizations": {
    "weight_bits": 16,
    "kv_cache": false,
    "prefill": true
  },
  "model_repo": "mlx-community/Phi-3.5-mini-instruct-bf16",
  "kv_bits": null,
  "prefill_step_size": 2048,
  "prompt_tokens": 512,
  "generation_tokens": 128,
  "num_trials": 3,
  "memory_gb": 8.2859,
  "ttft_ms": 110.5995,
  "throughput_tps": 64.8144,
  "prompt_tps": 4629.3157,
  "mlx_version": "0.31.2",
  "mlx_lm_version": "0.29.1",
  "platform": "macOS-26.4.1-arm64-arm-64bit-Mach-O",
  "status": "ok",
  "error": null,
  "article_id": 5,
  "run_label": null,
  "benchmark_mode": "standard",
  "draft_model_repo": null,
  "draft_preset": "qwen-0.5b",
  "num_draft_tokens": null,
  "draft_accept_rate": null,
  "prefix_cache_cold_ttft_ms": null,
  "prefix_cache_warm_ttft_ms": null,
  "prefix_system_tokens": null,
  "workload": null,
  "schema_version": 1,
  "trials": {
    "ttft_ms": [
      110.2727078832686,
      110.59949989430606,
      111.76658305339514
    ],
    "throughput_tps": [
      64.94439295108486,
      64.4755379748863,
      64.8144024272971
    ],
    "memory_gb": [
      8.285882466,
      8.285882466,
      8.285882466
    ],
    "prompt_tps": [
      4643.0346168880515,
      4629.315688491273,
      4580.975690698159
    ]
  },
  "stats": {
    "ttft_ms": {
      "n": 3,
      "mean": 110.8796,
      "median": 110.5995,
      "p50": 110.5995,
      "p95": 111.6499,
      "std": 0.6412,
      "min": 110.2727,
      "max": 111.7666
    },
    "throughput_tps": {
      "n": 3,
      "mean": 64.7448,
      "median": 64.8144,
      "p50": 64.8144,
      "p95": 64.9314,
      "std": 0.1976,
      "min": 64.4755,
      "max": 64.9444
    },
    "memory_gb": {
      "n": 3,
      "mean": 8.2859,
      "median": 8.2859,
      "p50": 8.2859,
      "p95": 8.2859,
      "std": 0.0,
      "min": 8.2859,
      "max": 8.2859
    },
    "prompt_tps": {
      "n": 3,
      "mean": 4617.7753,
      "median": 4629.3157,
      "p50": 4629.3157,
      "p95": 4641.6627,
      "std": 26.6172,
      "min": 4580.9757,
      "max": 4643.0346
    }
  },
  "warmup_policy": {
    "warmup_trials": 1,
    "warmup_discarded": true,
    "measured_trials_field": "num_trials",
    "description": "One full generate before timed trials; trials use seed+trial."
  }
}
