{
  "timestamp": "2026-05-25T05:19:23.479873+00:00",
  "hardware": "Mac M5 Max",
  "model_preset": "phi-3.5-mini",
  "configuration": "fp16",
  "weight_bits": 16,
  "optimizations": {
    "weight_bits": 16,
    "kv_cache": false,
    "prefill": false
  },
  "model_repo": "mlx-community/Phi-3.5-mini-instruct-bf16",
  "kv_bits": null,
  "prefill_step_size": 512,
  "prompt_tokens": 512,
  "generation_tokens": 128,
  "num_trials": 3,
  "memory_gb": 8.2859,
  "ttft_ms": 110.8302,
  "throughput_tps": 64.4354,
  "prompt_tps": 4619.6809,
  "mlx_version": "0.31.2",
  "mlx_lm_version": "0.29.1",
  "platform": "macOS-26.4.1-arm64-arm-64bit-Mach-O",
  "status": "ok",
  "error": null,
  "article_id": 5,
  "run_label": null,
  "benchmark_mode": "standard",
  "draft_model_repo": null,
  "draft_preset": "qwen-0.5b",
  "num_draft_tokens": null,
  "draft_accept_rate": null,
  "prefix_cache_cold_ttft_ms": null,
  "prefix_cache_warm_ttft_ms": null,
  "prefix_system_tokens": null,
  "workload": null,
  "schema_version": 1,
  "trials": {
    "ttft_ms": [
      109.45083294063807,
      110.9664998948574,
      110.83016684278846
    ],
    "throughput_tps": [
      64.6324704451797,
      64.4354493887606,
      64.15135174135288
    ],
    "memory_gb": [
      8.285882466,
      8.285882466,
      8.285882466
    ],
    "prompt_tps": [
      4677.899530263869,
      4614.005132045513,
      4619.6808557210525
    ]
  },
  "stats": {
    "ttft_ms": {
      "n": 3,
      "mean": 110.4158,
      "median": 110.8302,
      "p50": 110.8302,
      "p95": 110.9529,
      "std": 0.6846,
      "min": 109.4508,
      "max": 110.9665
    },
    "throughput_tps": {
      "n": 3,
      "mean": 64.4064,
      "median": 64.4354,
      "p50": 64.4354,
      "p95": 64.6128,
      "std": 0.1975,
      "min": 64.1514,
      "max": 64.6325
    },
    "memory_gb": {
      "n": 3,
      "mean": 8.2859,
      "median": 8.2859,
      "p50": 8.2859,
      "p95": 8.2859,
      "std": 0.0,
      "min": 8.2859,
      "max": 8.2859
    },
    "prompt_tps": {
      "n": 3,
      "mean": 4637.1952,
      "median": 4619.6809,
      "p50": 4619.6809,
      "p95": 4672.0777,
      "std": 28.8754,
      "min": 4614.0051,
      "max": 4677.8995
    }
  },
  "warmup_policy": {
    "warmup_trials": 1,
    "warmup_discarded": true,
    "measured_trials_field": "num_trials",
    "description": "One full generate before timed trials; trials use seed+trial."
  }
}
