{
  "timestamp": "2026-05-23T14:50:48.828459+00:00",
  "hardware": "Mac M5 Max",
  "model_preset": "phi-3.5-mini",
  "configuration": "w4+prefill",
  "weight_bits": 4,
  "optimizations": {
    "weight_bits": 4,
    "kv_cache": false,
    "prefill": true
  },
  "model_repo": "mlx-community/Phi-3.5-mini-instruct-4bit",
  "kv_bits": null,
  "prefill_step_size": 2048,
  "prompt_tokens": 512,
  "generation_tokens": 128,
  "num_trials": 3,
  "memory_gb": 3.2083,
  "ttft_ms": 101.4935,
  "throughput_tps": 189.5977,
  "prompt_tps": 5044.656,
  "mlx_version": "0.31.2",
  "mlx_lm_version": "0.29.1",
  "platform": "macOS-26.4.1-arm64-arm-64bit-Mach-O",
  "status": "ok",
  "error": null,
  "article_id": 5,
  "run_label": null,
  "benchmark_mode": "standard",
  "draft_model_repo": null,
  "draft_preset": "qwen-0.5b",
  "num_draft_tokens": null,
  "draft_accept_rate": null,
  "prefix_cache_cold_ttft_ms": null,
  "prefix_cache_warm_ttft_ms": null,
  "prefix_system_tokens": null,
  "workload": null,
  "schema_version": 1,
  "trials": {
    "ttft_ms": [
      100.89574987068772,
      101.49354184977712,
      105.23533285595477
    ],
    "throughput_tps": [
      189.59765558782436,
      190.24495478120596,
      189.5938994655222
    ],
    "memory_gb": [
      3.20827203,
      3.20827203,
      3.20827203
    ],
    "prompt_tps": [
      5074.544771768889,
      5044.655952176965,
      4865.2860793515165
    ]
  },
  "stats": {
    "ttft_ms": {
      "n": 3,
      "mean": 102.5415,
      "median": 101.4935,
      "p50": 101.4935,
      "p95": 104.8612,
      "std": 1.9204,
      "min": 100.8957,
      "max": 105.2353
    },
    "throughput_tps": {
      "n": 3,
      "mean": 189.8122,
      "median": 189.5977,
      "p50": 189.5977,
      "p95": 190.1802,
      "std": 0.306,
      "min": 189.5939,
      "max": 190.245
    },
    "memory_gb": {
      "n": 3,
      "mean": 3.2083,
      "median": 3.2083,
      "p50": 3.2083,
      "p95": 3.2083,
      "std": 0.0,
      "min": 3.2083,
      "max": 3.2083
    },
    "prompt_tps": {
      "n": 3,
      "mean": 4994.8289,
      "median": 5044.656,
      "p50": 5044.656,
      "p95": 5071.5559,
      "std": 92.4098,
      "min": 4865.2861,
      "max": 5074.5448
    }
  },
  "warmup_policy": {
    "warmup_trials": 1,
    "warmup_discarded": true,
    "measured_trials_field": "num_trials",
    "description": "One full generate before timed trials; trials use seed+trial."
  }
}
