{
  "timestamp": "2026-05-25T05:20:54.237232+00:00",
  "hardware": "Mac M5 Max",
  "model_preset": "phi-3.5-mini",
  "configuration": "w4+prefill",
  "weight_bits": 4,
  "optimizations": {
    "weight_bits": 4,
    "kv_cache": false,
    "prefill": true
  },
  "model_repo": "mlx-community/Phi-3.5-mini-instruct-4bit",
  "kv_bits": null,
  "prefill_step_size": 2048,
  "prompt_tokens": 512,
  "generation_tokens": 128,
  "num_trials": 3,
  "memory_gb": 3.2083,
  "ttft_ms": 104.3318,
  "throughput_tps": 190.47,
  "prompt_tps": 4907.4207,
  "mlx_version": "0.31.2",
  "mlx_lm_version": "0.29.1",
  "platform": "macOS-26.4.1-arm64-arm-64bit-Mach-O",
  "status": "ok",
  "error": null,
  "article_id": 5,
  "run_label": null,
  "benchmark_mode": "standard",
  "draft_model_repo": null,
  "draft_preset": "qwen-0.5b",
  "num_draft_tokens": null,
  "draft_accept_rate": null,
  "prefix_cache_cold_ttft_ms": null,
  "prefix_cache_warm_ttft_ms": null,
  "prefix_system_tokens": null,
  "workload": null,
  "schema_version": 1,
  "trials": {
    "ttft_ms": [
      101.40500008128583,
      104.81783305294813,
      104.33179209940135
    ],
    "throughput_tps": [
      190.47000218075885,
      191.49178084500676,
      189.6094164268374
    ],
    "memory_gb": [
      3.20827203,
      3.20827203,
      3.20827203
    ],
    "prompt_tps": [
      5049.060693156974,
      4884.664995329241,
      4907.42073626221
    ]
  },
  "stats": {
    "ttft_ms": {
      "n": 3,
      "mean": 103.5182,
      "median": 104.3318,
      "p50": 104.3318,
      "p95": 104.7692,
      "std": 1.5074,
      "min": 101.405,
      "max": 104.8178
    },
    "throughput_tps": {
      "n": 3,
      "mean": 190.5237,
      "median": 190.47,
      "p50": 190.47,
      "p95": 191.3896,
      "std": 0.7694,
      "min": 189.6094,
      "max": 191.4918
    },
    "memory_gb": {
      "n": 3,
      "mean": 3.2083,
      "median": 3.2083,
      "p50": 3.2083,
      "p95": 3.2083,
      "std": 0.0,
      "min": 3.2083,
      "max": 3.2083
    },
    "prompt_tps": {
      "n": 3,
      "mean": 4947.0488,
      "median": 4907.4207,
      "p50": 4907.4207,
      "p95": 5034.8967,
      "std": 72.7291,
      "min": 4884.665,
      "max": 5049.0607
    }
  },
  "warmup_policy": {
    "warmup_trials": 1,
    "warmup_discarded": true,
    "measured_trials_field": "num_trials",
    "description": "One full generate before timed trials; trials use seed+trial."
  }
}
