{
  "timestamp": "2026-05-25T05:20:38.171985+00:00",
  "hardware": "Mac M5 Max",
  "model_preset": "phi-3.5-mini",
  "configuration": "w4",
  "weight_bits": 4,
  "optimizations": {
    "weight_bits": 4,
    "kv_cache": false,
    "prefill": false
  },
  "model_repo": "mlx-community/Phi-3.5-mini-instruct-4bit",
  "kv_bits": null,
  "prefill_step_size": 512,
  "prompt_tokens": 512,
  "generation_tokens": 128,
  "num_trials": 3,
  "memory_gb": 3.2083,
  "ttft_ms": 103.0398,
  "throughput_tps": 191.4151,
  "prompt_tps": 4968.9541,
  "mlx_version": "0.31.2",
  "mlx_lm_version": "0.29.1",
  "platform": "macOS-26.4.1-arm64-arm-64bit-Mach-O",
  "status": "ok",
  "error": null,
  "article_id": 5,
  "run_label": null,
  "benchmark_mode": "standard",
  "draft_model_repo": null,
  "draft_preset": "qwen-0.5b",
  "num_draft_tokens": null,
  "draft_accept_rate": null,
  "prefix_cache_cold_ttft_ms": null,
  "prefix_cache_warm_ttft_ms": null,
  "prefix_system_tokens": null,
  "workload": null,
  "schema_version": 1,
  "trials": {
    "ttft_ms": [
      102.56508295424284,
      103.90966688282786,
      103.03979204036297
    ],
    "throughput_tps": [
      191.59450218163818,
      191.41508315085295,
      191.37812876703498
    ],
    "memory_gb": [
      3.20827203,
      3.193624734,
      3.20827203
    ],
    "prompt_tps": [
      4991.952282907211,
      4927.356764384096,
      4968.9541279299
    ]
  },
  "stats": {
    "ttft_ms": {
      "n": 3,
      "mean": 103.1715,
      "median": 103.0398,
      "p50": 103.0398,
      "p95": 103.8227,
      "std": 0.5568,
      "min": 102.5651,
      "max": 103.9097
    },
    "throughput_tps": {
      "n": 3,
      "mean": 191.4626,
      "median": 191.4151,
      "p50": 191.4151,
      "p95": 191.5766,
      "std": 0.0945,
      "min": 191.3781,
      "max": 191.5945
    },
    "memory_gb": {
      "n": 3,
      "mean": 3.2034,
      "median": 3.2083,
      "p50": 3.2083,
      "p95": 3.2083,
      "std": 0.0069,
      "min": 3.1936,
      "max": 3.2083
    },
    "prompt_tps": {
      "n": 3,
      "mean": 4962.7544,
      "median": 4968.9541,
      "p50": 4968.9541,
      "p95": 4989.6525,
      "std": 26.7329,
      "min": 4927.3568,
      "max": 4991.9523
    }
  },
  "warmup_policy": {
    "warmup_trials": 1,
    "warmup_discarded": true,
    "measured_trials_field": "num_trials",
    "description": "One full generate before timed trials; trials use seed+trial."
  }
}
