{
  "timestamp": "2026-05-23T14:50:32.676908+00:00",
  "hardware": "Mac M5 Max",
  "model_preset": "phi-3.5-mini",
  "configuration": "w4",
  "weight_bits": 4,
  "optimizations": {
    "weight_bits": 4,
    "kv_cache": false,
    "prefill": false
  },
  "model_repo": "mlx-community/Phi-3.5-mini-instruct-4bit",
  "kv_bits": null,
  "prefill_step_size": 512,
  "prompt_tokens": 512,
  "generation_tokens": 128,
  "num_trials": 3,
  "memory_gb": 3.2083,
  "ttft_ms": 103.5807,
  "throughput_tps": 190.9415,
  "prompt_tps": 4943.0034,
  "mlx_version": "0.31.2",
  "mlx_lm_version": "0.29.1",
  "platform": "macOS-26.4.1-arm64-arm-64bit-Mach-O",
  "status": "ok",
  "error": null,
  "article_id": 5,
  "run_label": null,
  "benchmark_mode": "standard",
  "draft_model_repo": null,
  "draft_preset": "qwen-0.5b",
  "num_draft_tokens": null,
  "draft_accept_rate": null,
  "prefix_cache_cold_ttft_ms": null,
  "prefix_cache_warm_ttft_ms": null,
  "prefix_system_tokens": null,
  "workload": null,
  "schema_version": 1,
  "trials": {
    "ttft_ms": [
      103.58074982650578,
      101.43670905381441,
      105.97195802256465
    ],
    "throughput_tps": [
      191.26735051304914,
      190.94146823313523,
      190.44506350061678
    ],
    "memory_gb": [
      3.20827203,
      3.193624734,
      3.20827203
    ],
    "prompt_tps": [
      4943.003413834931,
      5047.482363888331,
      4831.466829092463
    ]
  },
  "stats": {
    "ttft_ms": {
      "n": 3,
      "mean": 103.6631,
      "median": 103.5807,
      "p50": 103.5807,
      "p95": 105.7328,
      "std": 1.8524,
      "min": 101.4367,
      "max": 105.972
    },
    "throughput_tps": {
      "n": 3,
      "mean": 190.8846,
      "median": 190.9415,
      "p50": 190.9415,
      "p95": 191.2348,
      "std": 0.3381,
      "min": 190.4451,
      "max": 191.2674
    },
    "memory_gb": {
      "n": 3,
      "mean": 3.2034,
      "median": 3.2083,
      "p50": 3.2083,
      "p95": 3.2083,
      "std": 0.0069,
      "min": 3.1936,
      "max": 3.2083
    },
    "prompt_tps": {
      "n": 3,
      "mean": 4940.6509,
      "median": 4943.0034,
      "p50": 4943.0034,
      "p95": 5037.0345,
      "std": 88.2037,
      "min": 4831.4668,
      "max": 5047.4824
    }
  },
  "warmup_policy": {
    "warmup_trials": 1,
    "warmup_discarded": true,
    "measured_trials_field": "num_trials",
    "description": "One full generate before timed trials; trials use seed+trial."
  }
}
