{
  "timestamp": "2026-05-25T05:20:21.744878+00:00",
  "hardware": "Mac M5 Max",
  "model_preset": "phi-3.5-mini",
  "configuration": "w8+prefill",
  "weight_bits": 8,
  "optimizations": {
    "weight_bits": 8,
    "kv_cache": false,
    "prefill": true
  },
  "model_repo": "mlx-community/Phi-3.5-mini-instruct-8bit",
  "kv_bits": null,
  "prefill_step_size": 2048,
  "prompt_tokens": 512,
  "generation_tokens": 128,
  "num_trials": 3,
  "memory_gb": 4.8373,
  "ttft_ms": 109.2389,
  "throughput_tps": 112.4233,
  "prompt_tps": 4686.9744,
  "mlx_version": "0.31.2",
  "mlx_lm_version": "0.29.1",
  "platform": "macOS-26.4.1-arm64-arm-64bit-Mach-O",
  "status": "ok",
  "error": null,
  "article_id": 5,
  "run_label": null,
  "benchmark_mode": "standard",
  "draft_model_repo": null,
  "draft_preset": "qwen-0.5b",
  "num_draft_tokens": null,
  "draft_accept_rate": null,
  "prefix_cache_cold_ttft_ms": null,
  "prefix_cache_warm_ttft_ms": null,
  "prefix_system_tokens": null,
  "workload": null,
  "schema_version": 1,
  "trials": {
    "ttft_ms": [
      109.06304186210036,
      109.23891607671976,
      109.29120797663927
    ],
    "throughput_tps": [
      112.44572897277784,
      112.39409408959723,
      112.42332247624273
    ],
    "memory_gb": [
      4.837321854,
      4.837321854,
      4.837321854
    ],
    "prompt_tps": [
      4694.532549783219,
      4686.974371298379,
      4684.731823162196
    ]
  },
  "stats": {
    "ttft_ms": {
      "n": 3,
      "mean": 109.1977,
      "median": 109.2389,
      "p50": 109.2389,
      "p95": 109.286,
      "std": 0.0976,
      "min": 109.063,
      "max": 109.2912
    },
    "throughput_tps": {
      "n": 3,
      "mean": 112.421,
      "median": 112.4233,
      "p50": 112.4233,
      "p95": 112.4435,
      "std": 0.0211,
      "min": 112.3941,
      "max": 112.4457
    },
    "memory_gb": {
      "n": 3,
      "mean": 4.8373,
      "median": 4.8373,
      "p50": 4.8373,
      "p95": 4.8373,
      "std": 0.0,
      "min": 4.8373,
      "max": 4.8373
    },
    "prompt_tps": {
      "n": 3,
      "mean": 4688.7462,
      "median": 4686.9744,
      "p50": 4686.9744,
      "p95": 4693.7767,
      "std": 4.1927,
      "min": 4684.7318,
      "max": 4694.5325
    }
  },
  "warmup_policy": {
    "warmup_trials": 1,
    "warmup_discarded": true,
    "measured_trials_field": "num_trials",
    "description": "One full generate before timed trials; trials use seed+trial."
  }
}
