{
  "timestamp": "2026-05-25T05:20:03.612345+00:00",
  "hardware": "Mac M5 Max",
  "model_preset": "phi-3.5-mini",
  "configuration": "w8",
  "weight_bits": 8,
  "optimizations": {
    "weight_bits": 8,
    "kv_cache": false,
    "prefill": false
  },
  "model_repo": "mlx-community/Phi-3.5-mini-instruct-8bit",
  "kv_bits": null,
  "prefill_step_size": 512,
  "prompt_tokens": 512,
  "generation_tokens": 128,
  "num_trials": 3,
  "memory_gb": 4.8373,
  "ttft_ms": 109.068,
  "throughput_tps": 112.2631,
  "prompt_tps": 4694.3191,
  "mlx_version": "0.31.2",
  "mlx_lm_version": "0.29.1",
  "platform": "macOS-26.4.1-arm64-arm-64bit-Mach-O",
  "status": "ok",
  "error": null,
  "article_id": 5,
  "run_label": null,
  "benchmark_mode": "standard",
  "draft_model_repo": null,
  "draft_preset": "qwen-0.5b",
  "num_draft_tokens": null,
  "draft_accept_rate": null,
  "prefix_cache_cold_ttft_ms": null,
  "prefix_cache_warm_ttft_ms": null,
  "prefix_system_tokens": null,
  "workload": null,
  "schema_version": 1,
  "trials": {
    "ttft_ms": [
      109.06799999065697,
      109.59754185751079,
      108.93620899878442
    ],
    "throughput_tps": [
      112.45334398463234,
      110.99229059740517,
      112.26310312858027
    ],
    "memory_gb": [
      4.837321854,
      4.837321854,
      4.837321854
    ],
    "prompt_tps": [
      4694.319140754934,
      4671.637623639935,
      4699.99832659601
    ]
  },
  "stats": {
    "ttft_ms": {
      "n": 3,
      "mean": 109.2006,
      "median": 109.068,
      "p50": 109.068,
      "p95": 109.5446,
      "std": 0.2858,
      "min": 108.9362,
      "max": 109.5975
    },
    "throughput_tps": {
      "n": 3,
      "mean": 111.9029,
      "median": 112.2631,
      "p50": 112.2631,
      "p95": 112.4343,
      "std": 0.6486,
      "min": 110.9923,
      "max": 112.4533
    },
    "memory_gb": {
      "n": 3,
      "mean": 4.8373,
      "median": 4.8373,
      "p50": 4.8373,
      "p95": 4.8373,
      "std": 0.0,
      "min": 4.8373,
      "max": 4.8373
    },
    "prompt_tps": {
      "n": 3,
      "mean": 4688.6517,
      "median": 4694.3191,
      "p50": 4694.3191,
      "p95": 4699.4304,
      "std": 12.2521,
      "min": 4671.6376,
      "max": 4699.9983
    }
  },
  "warmup_policy": {
    "warmup_trials": 1,
    "warmup_discarded": true,
    "measured_trials_field": "num_trials",
    "description": "One full generate before timed trials; trials use seed+trial."
  }
}
