{
  "timestamp": "2026-05-25T04:15:12.490855+00:00",
  "hardware": "Mac M5 Max",
  "model_preset": "qwen-7b",
  "configuration": "w8",
  "weight_bits": 8,
  "optimizations": {
    "weight_bits": 8,
    "kv_cache": false,
    "prefill": false
  },
  "model_repo": "mlx-community/Qwen2.5-7B-Instruct-8bit",
  "kv_bits": null,
  "prefill_step_size": 512,
  "prompt_tokens": 512,
  "generation_tokens": 128,
  "num_trials": 3,
  "memory_gb": 8.5247,
  "ttft_ms": 181.7423,
  "throughput_tps": 67.0322,
  "prompt_tps": 2817.1759,
  "mlx_version": "0.31.2",
  "mlx_lm_version": "0.29.1",
  "platform": "macOS-26.4.1-arm64-arm-64bit-Mach-O",
  "status": "ok",
  "error": null,
  "article_id": 1,
  "run_label": null,
  "benchmark_mode": "standard",
  "draft_model_repo": null,
  "draft_preset": "qwen-0.5b",
  "num_draft_tokens": null,
  "draft_accept_rate": null,
  "prefix_cache_cold_ttft_ms": null,
  "prefix_cache_warm_ttft_ms": null,
  "prefix_system_tokens": null,
  "workload": null,
  "schema_version": 1,
  "trials": {
    "ttft_ms": [
      189.0079160220921,
      181.74229213036597,
      180.9759170282632
    ],
    "throughput_tps": [
      67.12311845290743,
      66.77824055358813,
      67.03222941190748
    ],
    "memory_gb": [
      8.524674144,
      8.524674144,
      8.524674144
    ],
    "prompt_tps": [
      2708.8812509850386,
      2817.1758702852508,
      2829.1057086896285
    ]
  },
  "stats": {
    "ttft_ms": {
      "n": 3,
      "mean": 183.9087,
      "median": 181.7423,
      "p50": 181.7423,
      "p95": 188.2814,
      "std": 3.6192,
      "min": 180.9759,
      "max": 189.0079
    },
    "throughput_tps": {
      "n": 3,
      "mean": 66.9779,
      "median": 67.0322,
      "p50": 67.0322,
      "p95": 67.114,
      "std": 0.1459,
      "min": 66.7782,
      "max": 67.1231
    },
    "memory_gb": {
      "n": 3,
      "mean": 8.5247,
      "median": 8.5247,
      "p50": 8.5247,
      "p95": 8.5247,
      "std": 0.0,
      "min": 8.5247,
      "max": 8.5247
    },
    "prompt_tps": {
      "n": 3,
      "mean": 2785.0543,
      "median": 2817.1759,
      "p50": 2817.1759,
      "p95": 2827.9127,
      "std": 54.0822,
      "min": 2708.8813,
      "max": 2829.1057
    }
  },
  "warmup_policy": {
    "warmup_trials": 1,
    "warmup_discarded": true,
    "measured_trials_field": "num_trials",
    "description": "One full generate before timed trials; trials use seed+trial."
  }
}
