{
  "timestamp": "2026-05-25T05:04:13.360171+00:00",
  "hardware": "Mac M5 Max",
  "model_preset": "qwen-0.5b",
  "configuration": "fp16+prefill",
  "weight_bits": 16,
  "optimizations": {
    "weight_bits": 16,
    "kv_cache": false,
    "prefill": true
  },
  "model_repo": "mlx-community/Qwen2.5-0.5B-Instruct-bf16",
  "kv_bits": null,
  "prefill_step_size": 2048,
  "prompt_tokens": 512,
  "generation_tokens": 128,
  "num_trials": 3,
  "memory_gb": 1.2655,
  "ttft_ms": 17.3335,
  "throughput_tps": 387.4759,
  "prompt_tps": 29538.2472,
  "mlx_version": "0.31.2",
  "mlx_lm_version": "0.29.1",
  "platform": "macOS-26.4.1-arm64-arm-64bit-Mach-O",
  "status": "ok",
  "error": null,
  "article_id": 5,
  "run_label": null,
  "benchmark_mode": "standard",
  "draft_model_repo": null,
  "draft_preset": "qwen-0.5b",
  "num_draft_tokens": null,
  "draft_accept_rate": null,
  "prefix_cache_cold_ttft_ms": null,
  "prefix_cache_warm_ttft_ms": null,
  "prefix_system_tokens": null,
  "workload": null,
  "schema_version": 1,
  "trials": {
    "ttft_ms": [
      17.333459109067917,
      17.325291875749826,
      18.49691686220467
    ],
    "throughput_tps": [
      380.11489396738546,
      387.47590109551004,
      388.03914813744507
    ],
    "memory_gb": [
      1.255585704,
      1.255585704,
      1.2655472
    ],
    "prompt_tps": [
      29538.247200303467,
      29552.17168471749,
      27680.288764566252
    ]
  },
  "stats": {
    "ttft_ms": {
      "n": 3,
      "mean": 17.7186,
      "median": 17.3335,
      "p50": 17.3335,
      "p95": 18.3806,
      "std": 0.5504,
      "min": 17.3253,
      "max": 18.4969
    },
    "throughput_tps": {
      "n": 3,
      "mean": 385.21,
      "median": 387.4759,
      "p50": 387.4759,
      "p95": 387.9828,
      "std": 3.6101,
      "min": 380.1149,
      "max": 388.0391
    },
    "memory_gb": {
      "n": 3,
      "mean": 1.2589,
      "median": 1.2556,
      "p50": 1.2556,
      "p95": 1.2646,
      "std": 0.0047,
      "min": 1.2556,
      "max": 1.2655
    },
    "prompt_tps": {
      "n": 3,
      "mean": 28923.5692,
      "median": 29538.2472,
      "p50": 29538.2472,
      "p95": 29550.7792,
      "std": 879.1504,
      "min": 27680.2888,
      "max": 29552.1717
    }
  },
  "warmup_policy": {
    "warmup_trials": 1,
    "warmup_discarded": true,
    "measured_trials_field": "num_trials",
    "description": "One full generate before timed trials; trials use seed+trial."
  }
}
