{
  "timestamp": "2026-05-23T14:35:39.331708+00:00",
  "hardware": "Mac M5 Max",
  "model_preset": "qwen-0.5b",
  "configuration": "fp16+prefill",
  "weight_bits": 16,
  "optimizations": {
    "weight_bits": 16,
    "kv_cache": false,
    "prefill": true
  },
  "model_repo": "mlx-community/Qwen2.5-0.5B-Instruct-bf16",
  "kv_bits": null,
  "prefill_step_size": 2048,
  "prompt_tokens": 512,
  "generation_tokens": 128,
  "num_trials": 3,
  "memory_gb": 1.4238,
  "ttft_ms": 20.2483,
  "throughput_tps": 386.2052,
  "prompt_tps": 25286.0834,
  "mlx_version": "0.31.2",
  "mlx_lm_version": "0.29.1",
  "platform": "macOS-26.4.1-arm64-arm-64bit-Mach-O",
  "status": "ok",
  "error": null,
  "article_id": 5,
  "run_label": null,
  "benchmark_mode": "standard",
  "draft_model_repo": null,
  "draft_preset": "qwen-0.5b",
  "num_draft_tokens": null,
  "draft_accept_rate": null,
  "prefix_cache_cold_ttft_ms": null,
  "prefix_cache_warm_ttft_ms": null,
  "prefix_system_tokens": null,
  "workload": null,
  "schema_version": 1,
  "trials": {
    "ttft_ms": [
      28.026291867718097,
      19.326375098899007,
      20.2482920140028
    ],
    "throughput_tps": [
      384.6384026960469,
      386.20518409984436,
      388.07493257121996
    ],
    "memory_gb": [
      1.42375118,
      1.256765376,
      1.255585704
    ],
    "prompt_tps": [
      18268.56019399926,
      26492.293426984546,
      25286.083371670265
    ]
  },
  "stats": {
    "ttft_ms": {
      "n": 3,
      "mean": 22.5337,
      "median": 20.2483,
      "p50": 20.2483,
      "p95": 27.2485,
      "std": 3.9021,
      "min": 19.3264,
      "max": 28.0263
    },
    "throughput_tps": {
      "n": 3,
      "mean": 386.3062,
      "median": 386.2052,
      "p50": 386.2052,
      "p95": 387.888,
      "std": 1.4048,
      "min": 384.6384,
      "max": 388.0749
    },
    "memory_gb": {
      "n": 3,
      "mean": 1.312,
      "median": 1.2568,
      "p50": 1.2568,
      "p95": 1.4071,
      "std": 0.079,
      "min": 1.2556,
      "max": 1.4238
    },
    "prompt_tps": {
      "n": 3,
      "mean": 23348.979,
      "median": 25286.0834,
      "p50": 25286.0834,
      "p95": 26371.6724,
      "std": 3625.992,
      "min": 18268.5602,
      "max": 26492.2934
    }
  },
  "warmup_policy": {
    "warmup_trials": 1,
    "warmup_discarded": true,
    "measured_trials_field": "num_trials",
    "description": "One full generate before timed trials; trials use seed+trial."
  }
}
