{
  "timestamp": "2026-05-25T05:04:21.878002+00:00",
  "hardware": "Mac M5 Max",
  "model_preset": "qwen-0.5b",
  "configuration": "fp16+kv_cache+prefill",
  "weight_bits": 16,
  "optimizations": {
    "weight_bits": 16,
    "kv_cache": true,
    "prefill": true
  },
  "model_repo": "mlx-community/Qwen2.5-0.5B-Instruct-bf16",
  "kv_bits": 4,
  "prefill_step_size": 2048,
  "prompt_tokens": 512,
  "generation_tokens": 128,
  "num_trials": 3,
  "memory_gb": 1.4252,
  "ttft_ms": 36.194,
  "throughput_tps": 294.4305,
  "prompt_tps": 14146.0071,
  "mlx_version": "0.31.2",
  "mlx_lm_version": "0.29.1",
  "platform": "macOS-26.4.1-arm64-arm-64bit-Mach-O",
  "status": "ok",
  "error": null,
  "article_id": 5,
  "run_label": null,
  "benchmark_mode": "standard",
  "draft_model_repo": null,
  "draft_preset": "qwen-0.5b",
  "num_draft_tokens": null,
  "draft_accept_rate": null,
  "prefix_cache_cold_ttft_ms": null,
  "prefix_cache_warm_ttft_ms": null,
  "prefix_system_tokens": null,
  "workload": null,
  "schema_version": 1,
  "trials": {
    "ttft_ms": [
      36.19395894929767,
      28.22070801630616,
      40.20379204303026
    ],
    "throughput_tps": [
      331.5536071030758,
      294.4305187611379,
      285.88852585870535
    ],
    "memory_gb": [
      1.42522574,
      1.257449384,
      1.42522574
    ],
    "prompt_tps": [
      14146.007092433176,
      18142.705693427753,
      12735.117111639733
    ]
  },
  "stats": {
    "ttft_ms": {
      "n": 3,
      "mean": 34.8728,
      "median": 36.194,
      "p50": 36.194,
      "p95": 39.8028,
      "std": 4.9805,
      "min": 28.2207,
      "max": 40.2038
    },
    "throughput_tps": {
      "n": 3,
      "mean": 303.9576,
      "median": 294.4305,
      "p50": 294.4305,
      "p95": 327.8413,
      "std": 19.8225,
      "min": 285.8885,
      "max": 331.5536
    },
    "memory_gb": {
      "n": 3,
      "mean": 1.3693,
      "median": 1.4252,
      "p50": 1.4252,
      "p95": 1.4252,
      "std": 0.0791,
      "min": 1.2574,
      "max": 1.4252
    },
    "prompt_tps": {
      "n": 3,
      "mean": 15007.9433,
      "median": 14146.0071,
      "p50": 14146.0071,
      "p95": 17743.0358,
      "std": 2290.2262,
      "min": 12735.1171,
      "max": 18142.7057
    }
  },
  "warmup_policy": {
    "warmup_trials": 1,
    "warmup_discarded": true,
    "measured_trials_field": "num_trials",
    "description": "One full generate before timed trials; trials use seed+trial."
  }
}
