{
  "timestamp": "2026-05-23T14:35:47.979099+00:00",
  "hardware": "Mac M5 Max",
  "model_preset": "qwen-0.5b",
  "configuration": "fp16+kv_cache+prefill",
  "weight_bits": 16,
  "optimizations": {
    "weight_bits": 16,
    "kv_cache": true,
    "prefill": true
  },
  "model_repo": "mlx-community/Qwen2.5-0.5B-Instruct-bf16",
  "kv_bits": 4,
  "prefill_step_size": 2048,
  "prompt_tokens": 512,
  "generation_tokens": 128,
  "num_trials": 3,
  "memory_gb": 1.2655,
  "ttft_ms": 26.4078,
  "throughput_tps": 278.2573,
  "prompt_tps": 19388.1868,
  "mlx_version": "0.31.2",
  "mlx_lm_version": "0.29.1",
  "platform": "macOS-26.4.1-arm64-arm-64bit-Mach-O",
  "status": "ok",
  "error": null,
  "article_id": 5,
  "run_label": null,
  "benchmark_mode": "standard",
  "draft_model_repo": null,
  "draft_preset": "qwen-0.5b",
  "num_draft_tokens": null,
  "draft_accept_rate": null,
  "prefix_cache_cold_ttft_ms": null,
  "prefix_cache_warm_ttft_ms": null,
  "prefix_system_tokens": null,
  "workload": null,
  "schema_version": 1,
  "trials": {
    "ttft_ms": [
      26.4078329782933,
      30.067292042076584,
      25.17620800063014
    ],
    "throughput_tps": [
      278.2573412403345,
      252.2406680749208,
      316.72143812022074
    ],
    "memory_gb": [
      1.2655472,
      1.182709696,
      1.257449384
    ],
    "prompt_tps": [
      19388.186846715274,
      17028.470647888746,
      20336.66070709239
    ]
  },
  "stats": {
    "ttft_ms": {
      "n": 3,
      "mean": 27.2171,
      "median": 26.4078,
      "p50": 26.4078,
      "p95": 29.7013,
      "std": 2.0772,
      "min": 25.1762,
      "max": 30.0673
    },
    "throughput_tps": {
      "n": 3,
      "mean": 282.4065,
      "median": 278.2573,
      "p50": 278.2573,
      "p95": 312.875,
      "std": 26.4872,
      "min": 252.2407,
      "max": 316.7214
    },
    "memory_gb": {
      "n": 3,
      "mean": 1.2352,
      "median": 1.2574,
      "p50": 1.2574,
      "p95": 1.2647,
      "std": 0.0373,
      "min": 1.1827,
      "max": 1.2655
    },
    "prompt_tps": {
      "n": 3,
      "mean": 18917.7727,
      "median": 19388.1868,
      "p50": 19388.1868,
      "p95": 20241.8133,
      "std": 1390.9223,
      "min": 17028.4706,
      "max": 20336.6607
    }
  },
  "warmup_policy": {
    "warmup_trials": 1,
    "warmup_discarded": true,
    "measured_trials_field": "num_trials",
    "description": "One full generate before timed trials; trials use seed+trial."
  }
}
