{
  "timestamp": "2026-05-25T05:04:05.250299+00:00",
  "hardware": "Mac M5 Max",
  "model_preset": "qwen-0.5b",
  "configuration": "fp16+kv_cache",
  "weight_bits": 16,
  "optimizations": {
    "weight_bits": 16,
    "kv_cache": true,
    "prefill": false
  },
  "model_repo": "mlx-community/Qwen2.5-0.5B-Instruct-bf16",
  "kv_bits": 4,
  "prefill_step_size": 512,
  "prompt_tokens": 512,
  "generation_tokens": 128,
  "num_trials": 3,
  "memory_gb": 1.2772,
  "ttft_ms": 28.5152,
  "throughput_tps": 325.7788,
  "prompt_tps": 17955.331,
  "mlx_version": "0.31.2",
  "mlx_lm_version": "0.29.1",
  "platform": "macOS-26.4.1-arm64-arm-64bit-Mach-O",
  "status": "ok",
  "error": null,
  "article_id": 5,
  "run_label": null,
  "benchmark_mode": "standard",
  "draft_model_repo": null,
  "draft_preset": "qwen-0.5b",
  "num_draft_tokens": null,
  "draft_accept_rate": null,
  "prefix_cache_cold_ttft_ms": null,
  "prefix_cache_warm_ttft_ms": null,
  "prefix_system_tokens": null,
  "workload": null,
  "schema_version": 1,
  "trials": {
    "ttft_ms": [
      26.382500072941184,
      30.484292190521955,
      28.515208046883345
    ],
    "throughput_tps": [
      334.43188552673416,
      287.84644345944724,
      325.77880697258115
    ],
    "memory_gb": [
      1.277212608,
      1.257449384,
      1.257449384
    ],
    "prompt_tps": [
      19406.803698832362,
      16795.535116908137,
      17955.331034520037
    ]
  },
  "stats": {
    "ttft_ms": {
      "n": 3,
      "mean": 28.4607,
      "median": 28.5152,
      "p50": 28.5152,
      "p95": 30.2874,
      "std": 1.675,
      "min": 26.3825,
      "max": 30.4843
    },
    "throughput_tps": {
      "n": 3,
      "mean": 316.019,
      "median": 325.7788,
      "p50": 325.7788,
      "p95": 333.5666,
      "std": 20.2318,
      "min": 287.8464,
      "max": 334.4319
    },
    "memory_gb": {
      "n": 3,
      "mean": 1.264,
      "median": 1.2574,
      "p50": 1.2574,
      "p95": 1.2752,
      "std": 0.0093,
      "min": 1.2574,
      "max": 1.2772
    },
    "prompt_tps": {
      "n": 3,
      "mean": 18052.5566,
      "median": 17955.331,
      "p50": 17955.331,
      "p95": 19261.6564,
      "std": 1068.2604,
      "min": 16795.5351,
      "max": 19406.8037
    }
  },
  "warmup_policy": {
    "warmup_trials": 1,
    "warmup_discarded": true,
    "measured_trials_field": "num_trials",
    "description": "One full generate before timed trials; trials use seed+trial."
  }
}
