{
  "timestamp": "2026-05-25T05:03:56.781322+00:00",
  "hardware": "Mac M5 Max",
  "model_preset": "qwen-0.5b",
  "configuration": "fp16",
  "weight_bits": 16,
  "optimizations": {
    "weight_bits": 16,
    "kv_cache": false,
    "prefill": false
  },
  "model_repo": "mlx-community/Qwen2.5-0.5B-Instruct-bf16",
  "kv_bits": null,
  "prefill_step_size": 512,
  "prompt_tokens": 512,
  "generation_tokens": 128,
  "num_trials": 3,
  "memory_gb": 1.396,
  "ttft_ms": 18.5899,
  "throughput_tps": 387.4458,
  "prompt_tps": 27541.8133,
  "mlx_version": "0.31.2",
  "mlx_lm_version": "0.29.1",
  "platform": "macOS-26.4.1-arm64-arm-64bit-Mach-O",
  "status": "ok",
  "error": null,
  "article_id": 5,
  "run_label": null,
  "benchmark_mode": "standard",
  "draft_model_repo": null,
  "draft_preset": "qwen-0.5b",
  "num_draft_tokens": null,
  "draft_accept_rate": null,
  "prefix_cache_cold_ttft_ms": null,
  "prefix_cache_warm_ttft_ms": null,
  "prefix_system_tokens": null,
  "workload": null,
  "schema_version": 1,
  "trials": {
    "ttft_ms": [
      29.4626671820879,
      17.9089168086648,
      18.589916173368692
    ],
    "throughput_tps": [
      391.1176078714361,
      387.44584646189713,
      382.4057983644429
    ],
    "memory_gb": [
      1.395963912,
      1.254930344,
      1.28127584
    ],
    "prompt_tps": [
      17377.92430113982,
      28589.110411874888,
      27541.81327258885
    ]
  },
  "stats": {
    "ttft_ms": {
      "n": 3,
      "mean": 21.9872,
      "median": 18.5899,
      "p50": 18.5899,
      "p95": 28.3754,
      "std": 5.2933,
      "min": 17.9089,
      "max": 29.4627
    },
    "throughput_tps": {
      "n": 3,
      "mean": 386.9898,
      "median": 387.4458,
      "p50": 387.4458,
      "p95": 390.7504,
      "std": 3.5712,
      "min": 382.4058,
      "max": 391.1176
    },
    "memory_gb": {
      "n": 3,
      "mean": 1.3107,
      "median": 1.2813,
      "p50": 1.2813,
      "p95": 1.3845,
      "std": 0.0612,
      "min": 1.2549,
      "max": 1.396
    },
    "prompt_tps": {
      "n": 3,
      "mean": 24502.9493,
      "median": 27541.8133,
      "p50": 27541.8133,
      "p95": 28484.3807,
      "std": 5056.2631,
      "min": 17377.9243,
      "max": 28589.1104
    }
  },
  "warmup_policy": {
    "warmup_trials": 1,
    "warmup_discarded": true,
    "measured_trials_field": "num_trials",
    "description": "One full generate before timed trials; trials use seed+trial."
  }
}
