{
  "timestamp": "2026-05-25T05:05:27.554466+00:00",
  "hardware": "Mac M5 Max",
  "model_preset": "qwen-0.5b",
  "configuration": "w4+kv_cache+prefill",
  "weight_bits": 4,
  "optimizations": {
    "weight_bits": 4,
    "kv_cache": true,
    "prefill": true
  },
  "model_repo": "mlx-community/Qwen2.5-0.5B-Instruct-4bit",
  "kv_bits": 4,
  "prefill_step_size": 2048,
  "prompt_tokens": 512,
  "generation_tokens": 128,
  "num_trials": 3,
  "memory_gb": 0.6932,
  "ttft_ms": 28.2061,
  "throughput_tps": 366.2924,
  "prompt_tps": 18152.0857,
  "mlx_version": "0.31.2",
  "mlx_lm_version": "0.29.1",
  "platform": "macOS-26.4.1-arm64-arm-64bit-Mach-O",
  "status": "ok",
  "error": null,
  "article_id": 5,
  "run_label": null,
  "benchmark_mode": "standard",
  "draft_model_repo": null,
  "draft_preset": "qwen-0.5b",
  "num_draft_tokens": null,
  "draft_accept_rate": null,
  "prefix_cache_cold_ttft_ms": null,
  "prefix_cache_warm_ttft_ms": null,
  "prefix_system_tokens": null,
  "workload": null,
  "schema_version": 1,
  "trials": {
    "ttft_ms": [
      38.844750029966235,
      28.20612513460219,
      24.21658392995596
    ],
    "throughput_tps": [
      366.2923735807346,
      329.51265303188717,
      366.9160226645545
    ],
    "memory_gb": [
      0.69322754,
      0.534423476,
      0.566376396
    ],
    "prompt_tps": [
      13180.674340934742,
      18152.085674891165,
      21142.53610174369
    ]
  },
  "stats": {
    "ttft_ms": {
      "n": 3,
      "mean": 30.4225,
      "median": 28.2061,
      "p50": 28.2061,
      "p95": 37.7809,
      "std": 6.1741,
      "min": 24.2166,
      "max": 38.8448
    },
    "throughput_tps": {
      "n": 3,
      "mean": 354.2403,
      "median": 366.2924,
      "p50": 366.2924,
      "p95": 366.8537,
      "std": 17.487,
      "min": 329.5127,
      "max": 366.916
    },
    "memory_gb": {
      "n": 3,
      "mean": 0.598,
      "median": 0.5664,
      "p50": 0.5664,
      "p95": 0.6805,
      "std": 0.0686,
      "min": 0.5344,
      "max": 0.6932
    },
    "prompt_tps": {
      "n": 3,
      "mean": 17491.7654,
      "median": 18152.0857,
      "p50": 18152.0857,
      "p95": 20843.4911,
      "std": 3283.7811,
      "min": 13180.6743,
      "max": 21142.5361
    }
  },
  "warmup_policy": {
    "warmup_trials": 1,
    "warmup_discarded": true,
    "measured_trials_field": "num_trials",
    "description": "One full generate before timed trials; trials use seed+trial."
  }
}
