{
  "timestamp": "2026-05-25T05:05:11.268779+00:00",
  "hardware": "Mac M5 Max",
  "model_preset": "qwen-0.5b",
  "configuration": "w4+kv_cache",
  "weight_bits": 4,
  "optimizations": {
    "weight_bits": 4,
    "kv_cache": true,
    "prefill": false
  },
  "model_repo": "mlx-community/Qwen2.5-0.5B-Instruct-4bit",
  "kv_bits": 4,
  "prefill_step_size": 512,
  "prompt_tokens": 512,
  "generation_tokens": 128,
  "num_trials": 3,
  "memory_gb": 0.6932,
  "ttft_ms": 25.0901,
  "throughput_tps": 372.6475,
  "prompt_tps": 20406.4349,
  "mlx_version": "0.31.2",
  "mlx_lm_version": "0.29.1",
  "platform": "macOS-26.4.1-arm64-arm-64bit-Mach-O",
  "status": "ok",
  "error": null,
  "article_id": 5,
  "run_label": null,
  "benchmark_mode": "standard",
  "draft_model_repo": null,
  "draft_preset": "qwen-0.5b",
  "num_draft_tokens": null,
  "draft_accept_rate": null,
  "prefix_cache_cold_ttft_ms": null,
  "prefix_cache_warm_ttft_ms": null,
  "prefix_system_tokens": null,
  "workload": null,
  "schema_version": 1,
  "trials": {
    "ttft_ms": [
      41.736166924238205,
      24.74137488752603,
      25.090124923735857
    ],
    "throughput_tps": [
      372.64748041546204,
      370.50893598896045,
      380.1148463968036
    ],
    "memory_gb": [
      0.69322754,
      0.545273796,
      0.554448836
    ],
    "prompt_tps": [
      12267.537671329777,
      20694.080354367747,
      20406.434864564417
    ]
  },
  "stats": {
    "ttft_ms": {
      "n": 3,
      "mean": 30.5226,
      "median": 25.0901,
      "p50": 25.0901,
      "p95": 40.0716,
      "std": 7.9305,
      "min": 24.7414,
      "max": 41.7362
    },
    "throughput_tps": {
      "n": 3,
      "mean": 374.4238,
      "median": 372.6475,
      "p50": 372.6475,
      "p95": 379.3681,
      "std": 4.1178,
      "min": 370.5089,
      "max": 380.1148
    },
    "memory_gb": {
      "n": 3,
      "mean": 0.5977,
      "median": 0.5544,
      "p50": 0.5544,
      "p95": 0.6793,
      "std": 0.0677,
      "min": 0.5453,
      "max": 0.6932
    },
    "prompt_tps": {
      "n": 3,
      "mean": 17789.351,
      "median": 20406.4349,
      "p50": 20406.4349,
      "p95": 20665.3158,
      "std": 3906.2771,
      "min": 12267.5377,
      "max": 20694.0804
    }
  },
  "warmup_policy": {
    "warmup_trials": 1,
    "warmup_discarded": true,
    "measured_trials_field": "num_trials",
    "description": "One full generate before timed trials; trials use seed+trial."
  }
}
