{
  "timestamp": "2026-05-25T05:05:19.073589+00:00",
  "hardware": "Mac M5 Max",
  "model_preset": "qwen-0.5b",
  "configuration": "w4+prefill",
  "weight_bits": 4,
  "optimizations": {
    "weight_bits": 4,
    "kv_cache": false,
    "prefill": true
  },
  "model_repo": "mlx-community/Qwen2.5-0.5B-Instruct-4bit",
  "kv_bits": null,
  "prefill_step_size": 2048,
  "prompt_tokens": 512,
  "generation_tokens": 128,
  "num_trials": 3,
  "memory_gb": 0.6923,
  "ttft_ms": 21.1756,
  "throughput_tps": 589.5466,
  "prompt_tps": 24178.7903,
  "mlx_version": "0.31.2",
  "mlx_lm_version": "0.29.1",
  "platform": "macOS-26.4.1-arm64-arm-64bit-Mach-O",
  "status": "ok",
  "error": null,
  "article_id": 5,
  "run_label": null,
  "benchmark_mode": "standard",
  "draft_model_repo": null,
  "draft_preset": "qwen-0.5b",
  "num_draft_tokens": null,
  "draft_accept_rate": null,
  "prefix_cache_cold_ttft_ms": null,
  "prefix_cache_warm_ttft_ms": null,
  "prefix_system_tokens": null,
  "workload": null,
  "schema_version": 1,
  "trials": {
    "ttft_ms": [
      39.47770898230374,
      21.087416913360357,
      21.175583824515343
    ],
    "throughput_tps": [
      594.86637263089,
      508.1308377918766,
      589.5466014614467
    ],
    "memory_gb": [
      0.69233666,
      0.552482764,
      0.532559796
    ],
    "prompt_tps": [
      12969.344300843519,
      24279.882268349906,
      24178.79026349435
    ]
  },
  "stats": {
    "ttft_ms": {
      "n": 3,
      "mean": 27.2469,
      "median": 21.1756,
      "p50": 21.1756,
      "p95": 37.6475,
      "std": 8.6486,
      "min": 21.0874,
      "max": 39.4777
    },
    "throughput_tps": {
      "n": 3,
      "mean": 564.1813,
      "median": 589.5466,
      "p50": 589.5466,
      "p95": 594.3344,
      "std": 39.6931,
      "min": 508.1308,
      "max": 594.8664
    },
    "memory_gb": {
      "n": 3,
      "mean": 0.5925,
      "median": 0.5525,
      "p50": 0.5525,
      "p95": 0.6784,
      "std": 0.0711,
      "min": 0.5326,
      "max": 0.6923
    },
    "prompt_tps": {
      "n": 3,
      "mean": 20476.0056,
      "median": 24178.7903,
      "p50": 24178.7903,
      "p95": 24269.7731,
      "std": 5308.1716,
      "min": 12969.3443,
      "max": 24279.8823
    }
  },
  "warmup_policy": {
    "warmup_trials": 1,
    "warmup_discarded": true,
    "measured_trials_field": "num_trials",
    "description": "One full generate before timed trials; trials use seed+trial."
  }
}
