{
  "timestamp": "2026-05-25T05:05:02.855994+00:00",
  "hardware": "Mac M5 Max",
  "model_preset": "qwen-0.5b",
  "configuration": "w4",
  "weight_bits": 4,
  "optimizations": {
    "weight_bits": 4,
    "kv_cache": false,
    "prefill": false
  },
  "model_repo": "mlx-community/Qwen2.5-0.5B-Instruct-4bit",
  "kv_bits": null,
  "prefill_step_size": 512,
  "prompt_tokens": 512,
  "generation_tokens": 128,
  "num_trials": 3,
  "memory_gb": 0.5664,
  "ttft_ms": 18.9385,
  "throughput_tps": 521.1201,
  "prompt_tps": 27034.9359,
  "mlx_version": "0.31.2",
  "mlx_lm_version": "0.29.1",
  "platform": "macOS-26.4.1-arm64-arm-64bit-Mach-O",
  "status": "ok",
  "error": null,
  "article_id": 5,
  "run_label": null,
  "benchmark_mode": "standard",
  "draft_model_repo": null,
  "draft_preset": "qwen-0.5b",
  "num_draft_tokens": null,
  "draft_accept_rate": null,
  "prefix_cache_cold_ttft_ms": null,
  "prefix_cache_warm_ttft_ms": null,
  "prefix_system_tokens": null,
  "workload": null,
  "schema_version": 1,
  "trials": {
    "ttft_ms": [
      18.563624937087297,
      20.00416605733335,
      18.938458058983088
    ],
    "throughput_tps": [
      555.6035827106952,
      521.120122950554,
      502.666241914603
    ],
    "memory_gb": [
      0.552351692,
      0.566376394,
      0.550385612
    ],
    "prompt_tps": [
      27580.820111114284,
      25594.668557168137,
      27034.935917454102
    ]
  },
  "stats": {
    "ttft_ms": {
      "n": 3,
      "mean": 19.1687,
      "median": 18.9385,
      "p50": 18.9385,
      "p95": 19.8976,
      "std": 0.6102,
      "min": 18.5636,
      "max": 20.0042
    },
    "throughput_tps": {
      "n": 3,
      "mean": 526.4633,
      "median": 521.1201,
      "p50": 521.1201,
      "p95": 552.1552,
      "std": 21.9394,
      "min": 502.6662,
      "max": 555.6036
    },
    "memory_gb": {
      "n": 3,
      "mean": 0.5564,
      "median": 0.5524,
      "p50": 0.5524,
      "p95": 0.565,
      "std": 0.0071,
      "min": 0.5504,
      "max": 0.5664
    },
    "prompt_tps": {
      "n": 3,
      "mean": 26736.8082,
      "median": 27034.9359,
      "p50": 27034.9359,
      "p95": 27526.2317,
      "std": 837.7985,
      "min": 25594.6686,
      "max": 27580.8201
    }
  },
  "warmup_policy": {
    "warmup_trials": 1,
    "warmup_discarded": true,
    "measured_trials_field": "num_trials",
    "description": "One full generate before timed trials; trials use seed+trial."
  }
}
