{
  "timestamp": "2026-05-25T05:04:55.122771+00:00",
  "hardware": "Mac M5 Max",
  "model_preset": "qwen-0.5b",
  "configuration": "w8+kv_cache+prefill",
  "weight_bits": 8,
  "optimizations": {
    "weight_bits": 8,
    "kv_cache": true,
    "prefill": true
  },
  "model_repo": "mlx-community/Qwen2.5-0.5B-Instruct-8bit",
  "kv_bits": 4,
  "prefill_step_size": 2048,
  "prompt_tokens": 512,
  "generation_tokens": 128,
  "num_trials": 3,
  "memory_gb": 0.9094,
  "ttft_ms": 26.747,
  "throughput_tps": 320.1359,
  "prompt_tps": 19142.3631,
  "mlx_version": "0.31.2",
  "mlx_lm_version": "0.29.1",
  "platform": "macOS-26.4.1-arm64-arm-64bit-Mach-O",
  "status": "ok",
  "error": null,
  "article_id": 5,
  "run_label": null,
  "benchmark_mode": "standard",
  "draft_model_repo": null,
  "draft_preset": "qwen-0.5b",
  "num_draft_tokens": null,
  "draft_accept_rate": null,
  "prefix_cache_cold_ttft_ms": null,
  "prefix_cache_warm_ttft_ms": null,
  "prefix_system_tokens": null,
  "workload": null,
  "schema_version": 1,
  "trials": {
    "ttft_ms": [
      45.820290921255946,
      26.746958959847685,
      26.021416997537017
    ],
    "throughput_tps": [
      318.0831514211547,
      320.13585778536844,
      353.59396848790885
    ],
    "memory_gb": [
      0.909424672,
      0.796469184,
      0.796469184
    ],
    "prompt_tps": [
      11174.088808818195,
      19142.363091393312,
      19676.09988527765
    ]
  },
  "stats": {
    "ttft_ms": {
      "n": 3,
      "mean": 32.8629,
      "median": 26.747,
      "p50": 26.747,
      "p95": 43.913,
      "std": 9.1671,
      "min": 26.0214,
      "max": 45.8203
    },
    "throughput_tps": {
      "n": 3,
      "mean": 330.6043,
      "median": 320.1359,
      "p50": 320.1359,
      "p95": 350.2482,
      "std": 16.2777,
      "min": 318.0832,
      "max": 353.594
    },
    "memory_gb": {
      "n": 3,
      "mean": 0.8341,
      "median": 0.7965,
      "p50": 0.7965,
      "p95": 0.8981,
      "std": 0.0532,
      "min": 0.7965,
      "max": 0.9094
    },
    "prompt_tps": {
      "n": 3,
      "mean": 16664.1839,
      "median": 19142.3631,
      "p50": 19142.3631,
      "p95": 19622.7262,
      "std": 3888.1938,
      "min": 11174.0888,
      "max": 19676.0999
    }
  },
  "warmup_policy": {
    "warmup_trials": 1,
    "warmup_discarded": true,
    "measured_trials_field": "num_trials",
    "description": "One full generate before timed trials; trials use seed+trial."
  }
}
