{
  "timestamp": "2026-05-25T05:04:38.759149+00:00",
  "hardware": "Mac M5 Max",
  "model_preset": "qwen-0.5b",
  "configuration": "w8+kv_cache",
  "weight_bits": 8,
  "optimizations": {
    "weight_bits": 8,
    "kv_cache": true,
    "prefill": false
  },
  "model_repo": "mlx-community/Qwen2.5-0.5B-Instruct-8bit",
  "kv_bits": 4,
  "prefill_step_size": 512,
  "prompt_tokens": 512,
  "generation_tokens": 128,
  "num_trials": 3,
  "memory_gb": 0.7965,
  "ttft_ms": 26.463,
  "throughput_tps": 360.2851,
  "prompt_tps": 19347.7685,
  "mlx_version": "0.31.2",
  "mlx_lm_version": "0.29.1",
  "platform": "macOS-26.4.1-arm64-arm-64bit-Mach-O",
  "status": "ok",
  "error": null,
  "article_id": 5,
  "run_label": null,
  "benchmark_mode": "standard",
  "draft_model_repo": null,
  "draft_preset": "qwen-0.5b",
  "num_draft_tokens": null,
  "draft_accept_rate": null,
  "prefix_cache_cold_ttft_ms": null,
  "prefix_cache_warm_ttft_ms": null,
  "prefix_system_tokens": null,
  "workload": null,
  "schema_version": 1,
  "trials": {
    "ttft_ms": [
      25.840874994173646,
      26.46300010383129,
      26.76066709682345
    ],
    "throughput_tps": [
      317.56569372780024,
      362.21823294730007,
      360.2850889198018
    ],
    "memory_gb": [
      0.796465088,
      0.796465088,
      0.796465088
    ],
    "prompt_tps": [
      19813.57055887004,
      19347.768506635537,
      19132.557426446798
    ]
  },
  "stats": {
    "ttft_ms": {
      "n": 3,
      "mean": 26.3548,
      "median": 26.463,
      "p50": 26.463,
      "p95": 26.7309,
      "std": 0.3832,
      "min": 25.8409,
      "max": 26.7607
    },
    "throughput_tps": {
      "n": 3,
      "mean": 346.6897,
      "median": 360.2851,
      "p50": 360.2851,
      "p95": 362.0249,
      "std": 20.6089,
      "min": 317.5657,
      "max": 362.2182
    },
    "memory_gb": {
      "n": 3,
      "mean": 0.7965,
      "median": 0.7965,
      "p50": 0.7965,
      "p95": 0.7965,
      "std": 0.0,
      "min": 0.7965,
      "max": 0.7965
    },
    "prompt_tps": {
      "n": 3,
      "mean": 19431.2988,
      "median": 19347.7685,
      "p50": 19347.7685,
      "p95": 19766.9904,
      "std": 284.2273,
      "min": 19132.5574,
      "max": 19813.5706
    }
  },
  "warmup_policy": {
    "warmup_trials": 1,
    "warmup_discarded": true,
    "measured_trials_field": "num_trials",
    "description": "One full generate before timed trials; trials use seed+trial."
  }
}
