{
  "timestamp": "2026-05-23T14:36:04.611900+00:00",
  "hardware": "Mac M5 Max",
  "model_preset": "qwen-0.5b",
  "configuration": "w8+kv_cache",
  "weight_bits": 8,
  "optimizations": {
    "weight_bits": 8,
    "kv_cache": true,
    "prefill": false
  },
  "model_repo": "mlx-community/Qwen2.5-0.5B-Instruct-8bit",
  "kv_bits": 4,
  "prefill_step_size": 512,
  "prompt_tokens": 512,
  "generation_tokens": 128,
  "num_trials": 3,
  "memory_gb": 0.9091,
  "ttft_ms": 40.8762,
  "throughput_tps": 283.0698,
  "prompt_tps": 12525.6365,
  "mlx_version": "0.31.2",
  "mlx_lm_version": "0.29.1",
  "platform": "macOS-26.4.1-arm64-arm-64bit-Mach-O",
  "status": "ok",
  "error": null,
  "article_id": 5,
  "run_label": null,
  "benchmark_mode": "standard",
  "draft_model_repo": null,
  "draft_preset": "qwen-0.5b",
  "num_draft_tokens": null,
  "draft_accept_rate": null,
  "prefix_cache_cold_ttft_ms": null,
  "prefix_cache_warm_ttft_ms": null,
  "prefix_system_tokens": null,
  "workload": null,
  "schema_version": 1,
  "trials": {
    "ttft_ms": [
      46.861334005370736,
      27.095957892015576,
      40.87616619654
    ],
    "throughput_tps": [
      351.5336684177571,
      283.0697739542794,
      263.21354298533385
    ],
    "memory_gb": [
      0.90904372,
      0.796469184,
      0.909060104
    ],
    "prompt_tps": [
      10925.85200287555,
      18895.80733925159,
      12525.636517334122
    ]
  },
  "stats": {
    "ttft_ms": {
      "n": 3,
      "mean": 38.2778,
      "median": 40.8762,
      "p50": 40.8762,
      "p95": 46.2628,
      "std": 8.2757,
      "min": 27.096,
      "max": 46.8613
    },
    "throughput_tps": {
      "n": 3,
      "mean": 299.2723,
      "median": 283.0698,
      "p50": 283.0698,
      "p95": 344.6873,
      "std": 37.833,
      "min": 263.2135,
      "max": 351.5337
    },
    "memory_gb": {
      "n": 3,
      "mean": 0.8715,
      "median": 0.909,
      "p50": 0.909,
      "p95": 0.9091,
      "std": 0.0531,
      "min": 0.7965,
      "max": 0.9091
    },
    "prompt_tps": {
      "n": 3,
      "mean": 14115.7653,
      "median": 12525.6365,
      "p50": 12525.6365,
      "p95": 18258.7903,
      "std": 3442.5213,
      "min": 10925.852,
      "max": 18895.8073
    }
  },
  "warmup_policy": {
    "warmup_trials": 1,
    "warmup_discarded": true,
    "measured_trials_field": "num_trials",
    "description": "One full generate before timed trials; trials use seed+trial."
  }
}
