{
  "timestamp": "2026-05-25T05:04:46.723647+00:00",
  "hardware": "Mac M5 Max",
  "model_preset": "qwen-0.5b",
  "configuration": "w8+prefill",
  "weight_bits": 8,
  "optimizations": {
    "weight_bits": 8,
    "kv_cache": false,
    "prefill": true
  },
  "model_repo": "mlx-community/Qwen2.5-0.5B-Instruct-8bit",
  "kv_bits": null,
  "prefill_step_size": 2048,
  "prompt_tokens": 512,
  "generation_tokens": 128,
  "num_trials": 3,
  "memory_gb": 0.7966,
  "ttft_ms": 19.6522,
  "throughput_tps": 444.2052,
  "prompt_tps": 26053.0511,
  "mlx_version": "0.31.2",
  "mlx_lm_version": "0.29.1",
  "platform": "macOS-26.4.1-arm64-arm-64bit-Mach-O",
  "status": "ok",
  "error": null,
  "article_id": 5,
  "run_label": null,
  "benchmark_mode": "standard",
  "draft_model_repo": null,
  "draft_preset": "qwen-0.5b",
  "num_draft_tokens": null,
  "draft_accept_rate": null,
  "prefix_cache_cold_ttft_ms": null,
  "prefix_cache_warm_ttft_ms": null,
  "prefix_system_tokens": null,
  "workload": null,
  "schema_version": 1,
  "trials": {
    "ttft_ms": [
      19.380291923880577,
      19.9430831708014,
      19.652208779007196
    ],
    "throughput_tps": [
      444.205182903305,
      441.7271064925972,
      446.2644953337365
    ],
    "memory_gb": [
      0.796571608,
      0.794605504,
      0.794605504
    ],
    "prompt_tps": [
      26418.590700850527,
      25673.061462713922,
      26053.051123033387
    ]
  },
  "stats": {
    "ttft_ms": {
      "n": 3,
      "mean": 19.6585,
      "median": 19.6522,
      "p50": 19.6522,
      "p95": 19.914,
      "std": 0.2298,
      "min": 19.3803,
      "max": 19.9431
    },
    "throughput_tps": {
      "n": 3,
      "mean": 444.0656,
      "median": 444.2052,
      "p50": 444.2052,
      "p95": 446.0586,
      "std": 1.855,
      "min": 441.7271,
      "max": 446.2645
    },
    "memory_gb": {
      "n": 3,
      "mean": 0.7953,
      "median": 0.7946,
      "p50": 0.7946,
      "p95": 0.7964,
      "std": 0.0009,
      "min": 0.7946,
      "max": 0.7966
    },
    "prompt_tps": {
      "n": 3,
      "mean": 26048.2344,
      "median": 26053.0511,
      "p50": 26053.0511,
      "p95": 26382.0367,
      "std": 304.3801,
      "min": 25673.0615,
      "max": 26418.5907
    }
  },
  "warmup_policy": {
    "warmup_trials": 1,
    "warmup_discarded": true,
    "measured_trials_field": "num_trials",
    "description": "One full generate before timed trials; trials use seed+trial."
  }
}
