{
  "timestamp": "2026-05-23T14:35:55.971532+00:00",
  "hardware": "Mac M5 Max",
  "model_preset": "qwen-0.5b",
  "configuration": "w8",
  "weight_bits": 8,
  "optimizations": {
    "weight_bits": 8,
    "kv_cache": false,
    "prefill": false
  },
  "model_repo": "mlx-community/Qwen2.5-0.5B-Instruct-8bit",
  "kv_bits": null,
  "prefill_step_size": 512,
  "prompt_tokens": 512,
  "generation_tokens": 128,
  "num_trials": 3,
  "memory_gb": 0.7946,
  "ttft_ms": 19.5529,
  "throughput_tps": 446.5441,
  "prompt_tps": 26185.4074,
  "mlx_version": "0.31.2",
  "mlx_lm_version": "0.29.1",
  "platform": "macOS-26.4.1-arm64-arm-64bit-Mach-O",
  "status": "ok",
  "error": null,
  "article_id": 5,
  "run_label": null,
  "benchmark_mode": "standard",
  "draft_model_repo": null,
  "draft_preset": "qwen-0.5b",
  "num_draft_tokens": null,
  "draft_accept_rate": null,
  "prefix_cache_cold_ttft_ms": null,
  "prefix_cache_warm_ttft_ms": null,
  "prefix_system_tokens": null,
  "workload": null,
  "schema_version": 1,
  "trials": {
    "ttft_ms": [
      19.527291879057884,
      19.90966685116291,
      19.552875077351928
    ],
    "throughput_tps": [
      445.14900536982407,
      446.5441461431854,
      447.1251256748892
    ],
    "memory_gb": [
      0.794605504,
      0.794605504,
      0.794605504
    ],
    "prompt_tps": [
      26219.713576827122,
      25716.15104499322,
      26185.40741320692
    ]
  },
  "stats": {
    "ttft_ms": {
      "n": 3,
      "mean": 19.6633,
      "median": 19.5529,
      "p50": 19.5529,
      "p95": 19.874,
      "std": 0.1745,
      "min": 19.5273,
      "max": 19.9097
    },
    "throughput_tps": {
      "n": 3,
      "mean": 446.2728,
      "median": 446.5441,
      "p50": 446.5441,
      "p95": 447.067,
      "std": 0.8293,
      "min": 445.149,
      "max": 447.1251
    },
    "memory_gb": {
      "n": 3,
      "mean": 0.7946,
      "median": 0.7946,
      "p50": 0.7946,
      "p95": 0.7946,
      "std": 0.0,
      "min": 0.7946,
      "max": 0.7946
    },
    "prompt_tps": {
      "n": 3,
      "mean": 26040.424,
      "median": 26185.4074,
      "p50": 26185.4074,
      "p95": 26216.283,
      "std": 229.7229,
      "min": 25716.151,
      "max": 26219.7136
    }
  },
  "warmup_policy": {
    "warmup_trials": 1,
    "warmup_discarded": true,
    "measured_trials_field": "num_trials",
    "description": "One full generate before timed trials; trials use seed+trial."
  }
}
