{
  "timestamp": "2026-05-25T05:04:30.003366+00:00",
  "hardware": "Mac M5 Max",
  "model_preset": "qwen-0.5b",
  "configuration": "w8",
  "weight_bits": 8,
  "optimizations": {
    "weight_bits": 8,
    "kv_cache": false,
    "prefill": false
  },
  "model_repo": "mlx-community/Qwen2.5-0.5B-Instruct-8bit",
  "kv_bits": null,
  "prefill_step_size": 512,
  "prompt_tokens": 512,
  "generation_tokens": 128,
  "num_trials": 3,
  "memory_gb": 0.9072,
  "ttft_ms": 19.593,
  "throughput_tps": 442.3851,
  "prompt_tps": 26131.7256,
  "mlx_version": "0.31.2",
  "mlx_lm_version": "0.29.1",
  "platform": "macOS-26.4.1-arm64-arm-64bit-Mach-O",
  "status": "ok",
  "error": null,
  "article_id": 5,
  "run_label": null,
  "benchmark_mode": "standard",
  "draft_model_repo": null,
  "draft_preset": "qwen-0.5b",
  "num_draft_tokens": null,
  "draft_accept_rate": null,
  "prefix_cache_cold_ttft_ms": null,
  "prefix_cache_warm_ttft_ms": null,
  "prefix_system_tokens": null,
  "workload": null,
  "schema_version": 1,
  "trials": {
    "ttft_ms": [
      40.11004092171788,
      19.357334123924375,
      19.59304208867252
    ],
    "throughput_tps": [
      446.2851118774044,
      442.11763443409365,
      442.3851018124925
    ],
    "memory_gb": [
      0.907196424,
      0.794605504,
      0.794605504
    ],
    "prompt_tps": [
      12764.883511319824,
      26449.92315172171,
      26131.725623965594
    ]
  },
  "stats": {
    "ttft_ms": {
      "n": 3,
      "mean": 26.3535,
      "median": 19.593,
      "p50": 19.593,
      "p95": 38.0583,
      "std": 9.7278,
      "min": 19.3573,
      "max": 40.11
    },
    "throughput_tps": {
      "n": 3,
      "mean": 443.5959,
      "median": 442.3851,
      "p50": 442.3851,
      "p95": 445.8951,
      "std": 1.9047,
      "min": 442.1176,
      "max": 446.2851
    },
    "memory_gb": {
      "n": 3,
      "mean": 0.8321,
      "median": 0.7946,
      "p50": 0.7946,
      "p95": 0.8959,
      "std": 0.0531,
      "min": 0.7946,
      "max": 0.9072
    },
    "prompt_tps": {
      "n": 3,
      "mean": 21782.1774,
      "median": 26131.7256,
      "p50": 26131.7256,
      "p95": 26418.1034,
      "std": 6377.5128,
      "min": 12764.8835,
      "max": 26449.9232
    }
  },
  "warmup_policy": {
    "warmup_trials": 1,
    "warmup_discarded": true,
    "measured_trials_field": "num_trials",
    "description": "One full generate before timed trials; trials use seed+trial."
  }
}
