{
  "timestamp": "2026-05-25T06:07:28.852116+00:00",
  "hardware": "Mac M5 Max",
  "model_preset": "mistral-7b",
  "configuration": "w4",
  "weight_bits": 4,
  "optimizations": {
    "weight_bits": 4,
    "kv_cache": false,
    "prefill": false
  },
  "model_repo": "mlx-community/Mistral-7B-Instruct-v0.3-4bit",
  "kv_bits": null,
  "prefill_step_size": 512,
  "prompt_tokens": 512,
  "generation_tokens": 128,
  "num_trials": 3,
  "memory_gb": 4.6727,
  "ttft_ms": 161.8695,
  "throughput_tps": 118.9169,
  "prompt_tps": 3163.0426,
  "mlx_version": "0.31.2",
  "mlx_lm_version": "0.29.1",
  "platform": "macOS-26.4.1-arm64-arm-64bit-Mach-O",
  "status": "ok",
  "error": null,
  "article_id": 6,
  "run_label": "mistral-7b_w4_baseline",
  "benchmark_mode": "standard",
  "draft_model_repo": null,
  "draft_preset": null,
  "num_draft_tokens": null,
  "draft_accept_rate": null,
  "prefix_cache_cold_ttft_ms": null,
  "prefix_cache_warm_ttft_ms": null,
  "prefix_system_tokens": null,
  "workload": null,
  "schema_version": 1,
  "trials": {
    "ttft_ms": [
      161.86945885419846,
      162.54625003784895,
      160.72991606779397
    ],
    "throughput_tps": [
      119.0807754857775,
      118.91690391354757,
      117.49057122288357
    ],
    "memory_gb": [
      4.672694404,
      4.672694404,
      4.672694404
    ],
    "prompt_tps": [
      3163.042637099173,
      3149.8727277976614,
      3185.4679733923613
    ]
  },
  "stats": {
    "ttft_ms": {
      "n": 3,
      "mean": 161.7152,
      "median": 161.8695,
      "p50": 161.8695,
      "p95": 162.4786,
      "std": 0.7495,
      "min": 160.7299,
      "max": 162.5463
    },
    "throughput_tps": {
      "n": 3,
      "mean": 118.4961,
      "median": 118.9169,
      "p50": 118.9169,
      "p95": 119.0644,
      "std": 0.7141,
      "min": 117.4906,
      "max": 119.0808
    },
    "memory_gb": {
      "n": 3,
      "mean": 4.6727,
      "median": 4.6727,
      "p50": 4.6727,
      "p95": 4.6727,
      "std": 0.0,
      "min": 4.6727,
      "max": 4.6727
    },
    "prompt_tps": {
      "n": 3,
      "mean": 3166.1278,
      "median": 3163.0426,
      "p50": 3163.0426,
      "p95": 3183.2254,
      "std": 14.6945,
      "min": 3149.8727,
      "max": 3185.468
    }
  },
  "warmup_policy": {
    "warmup_trials": 1,
    "warmup_discarded": true,
    "measured_trials_field": "num_trials",
    "description": "One full generate before timed trials; trials use seed+trial."
  }
}
