{
  "timestamp": "2026-05-25T05:47:07.472481+00:00",
  "hardware": "Mac M5 Max",
  "model_preset": "qwen-14b",
  "configuration": "fp16",
  "weight_bits": 16,
  "optimizations": {
    "weight_bits": 16,
    "kv_cache": false,
    "prefill": false
  },
  "model_repo": "mlx-community/Qwen2.5-14B-Instruct-bf16",
  "kv_bits": null,
  "prefill_step_size": 512,
  "prompt_tokens": 512,
  "generation_tokens": 128,
  "num_trials": 3,
  "memory_gb": 29.8876,
  "ttft_ms": 365.3177,
  "throughput_tps": 18.6309,
  "prompt_tps": 1401.5198,
  "mlx_version": "0.31.2",
  "mlx_lm_version": "0.29.1",
  "platform": "macOS-26.4.1-arm64-arm-64bit-Mach-O",
  "status": "ok",
  "error": null,
  "article_id": 5,
  "run_label": null,
  "benchmark_mode": "standard",
  "draft_model_repo": null,
  "draft_preset": "qwen-1.5b",
  "num_draft_tokens": null,
  "draft_accept_rate": null,
  "prefix_cache_cold_ttft_ms": null,
  "prefix_cache_warm_ttft_ms": null,
  "prefix_system_tokens": null,
  "workload": null,
  "schema_version": 1,
  "trials": {
    "ttft_ms": [
      373.1992500834167,
      364.3451251555234,
      365.3177081141621
    ],
    "throughput_tps": [
      18.689348478726174,
      18.521252246748585,
      18.63093587894943
    ],
    "memory_gb": [
      29.887557692,
      29.887557692,
      29.887557692
    ],
    "prompt_tps": [
      1371.9212991064662,
      1405.2610139395965,
      1401.5197966806459
    ]
  },
  "stats": {
    "ttft_ms": {
      "n": 3,
      "mean": 367.6207,
      "median": 365.3177,
      "p50": 365.3177,
      "p95": 372.4111,
      "std": 3.9646,
      "min": 364.3451,
      "max": 373.1993
    },
    "throughput_tps": {
      "n": 3,
      "mean": 18.6138,
      "median": 18.6309,
      "p50": 18.6309,
      "p95": 18.6835,
      "std": 0.0697,
      "min": 18.5213,
      "max": 18.6893
    },
    "memory_gb": {
      "n": 3,
      "mean": 29.8876,
      "median": 29.8876,
      "p50": 29.8876,
      "p95": 29.8876,
      "std": 0.0,
      "min": 29.8876,
      "max": 29.8876
    },
    "prompt_tps": {
      "n": 3,
      "mean": 1392.9007,
      "median": 1401.5198,
      "p50": 1401.5198,
      "p95": 1404.8869,
      "std": 14.9131,
      "min": 1371.9213,
      "max": 1405.261
    }
  },
  "warmup_policy": {
    "warmup_trials": 1,
    "warmup_discarded": true,
    "measured_trials_field": "num_trials",
    "description": "One full generate before timed trials; trials use seed+trial."
  }
}
