{
  "timestamp": "2026-05-25T05:49:17.339027+00:00",
  "hardware": "Mac M5 Max",
  "model_preset": "qwen-14b",
  "configuration": "fp16+kv_cache+prefill",
  "weight_bits": 16,
  "optimizations": {
    "weight_bits": 16,
    "kv_cache": true,
    "prefill": true
  },
  "model_repo": "mlx-community/Qwen2.5-14B-Instruct-bf16",
  "kv_bits": 4,
  "prefill_step_size": 2048,
  "prompt_tokens": 512,
  "generation_tokens": 128,
  "num_trials": 3,
  "memory_gb": 29.8876,
  "ttft_ms": 367.8502,
  "throughput_tps": 18.2293,
  "prompt_tps": 1391.8709,
  "mlx_version": "0.31.2",
  "mlx_lm_version": "0.29.1",
  "platform": "macOS-26.4.1-arm64-arm-64bit-Mach-O",
  "status": "ok",
  "error": null,
  "article_id": 5,
  "run_label": null,
  "benchmark_mode": "standard",
  "draft_model_repo": null,
  "draft_preset": "qwen-1.5b",
  "num_draft_tokens": null,
  "draft_accept_rate": null,
  "prefix_cache_cold_ttft_ms": null,
  "prefix_cache_warm_ttft_ms": null,
  "prefix_system_tokens": null,
  "workload": null,
  "schema_version": 1,
  "trials": {
    "ttft_ms": [
      377.28720903396606,
      367.8502079565078,
      367.4882908817381
    ],
    "throughput_tps": [
      18.0893682997987,
      18.229250915355035,
      18.25565320224617
    ],
    "memory_gb": [
      29.887557692,
      29.887557692,
      29.887557692
    ],
    "prompt_tps": [
      1357.0563425963007,
      1391.8708999629966,
      1393.2416697455196
    ]
  },
  "stats": {
    "ttft_ms": {
      "n": 3,
      "mean": 370.8752,
      "median": 367.8502,
      "p50": 367.8502,
      "p95": 376.3435,
      "std": 4.5364,
      "min": 367.4883,
      "max": 377.2872
    },
    "throughput_tps": {
      "n": 3,
      "mean": 18.1914,
      "median": 18.2293,
      "p50": 18.2293,
      "p95": 18.253,
      "std": 0.073,
      "min": 18.0894,
      "max": 18.2557
    },
    "memory_gb": {
      "n": 3,
      "mean": 29.8876,
      "median": 29.8876,
      "p50": 29.8876,
      "p95": 29.8876,
      "std": 0.0,
      "min": 29.8876,
      "max": 29.8876
    },
    "prompt_tps": {
      "n": 3,
      "mean": 1380.723,
      "median": 1391.8709,
      "p50": 1391.8709,
      "p95": 1393.1046,
      "std": 16.7442,
      "min": 1357.0563,
      "max": 1393.2417
    }
  },
  "warmup_policy": {
    "warmup_trials": 1,
    "warmup_discarded": true,
    "measured_trials_field": "num_trials",
    "description": "One full generate before timed trials; trials use seed+trial."
  }
}
