{
  "timestamp": "2026-05-23T15:18:35.947637+00:00",
  "hardware": "Mac M5 Max",
  "model_preset": "qwen-14b",
  "configuration": "fp16+prefill",
  "weight_bits": 16,
  "optimizations": {
    "weight_bits": 16,
    "kv_cache": false,
    "prefill": true
  },
  "model_repo": "mlx-community/Qwen2.5-14B-Instruct-bf16",
  "kv_bits": null,
  "prefill_step_size": 2048,
  "prompt_tokens": 512,
  "generation_tokens": 128,
  "num_trials": 3,
  "memory_gb": 29.8876,
  "ttft_ms": 365.3895,
  "throughput_tps": 18.8272,
  "prompt_tps": 1401.2444,
  "mlx_version": "0.31.2",
  "mlx_lm_version": "0.29.1",
  "platform": "macOS-26.4.1-arm64-arm-64bit-Mach-O",
  "status": "ok",
  "error": null,
  "article_id": 5,
  "run_label": null,
  "benchmark_mode": "standard",
  "draft_model_repo": null,
  "draft_preset": "qwen-1.5b",
  "num_draft_tokens": null,
  "draft_accept_rate": null,
  "prefix_cache_cold_ttft_ms": null,
  "prefix_cache_warm_ttft_ms": null,
  "prefix_system_tokens": null,
  "workload": null,
  "schema_version": 1,
  "trials": {
    "ttft_ms": [
      374.6922081336379,
      365.38950004614884,
      365.2745829895139
    ],
    "throughput_tps": [
      18.820016110079738,
      18.827209140518544,
      18.86016192592302
    ],
    "memory_gb": [
      29.887557692,
      29.887557692,
      29.887557692
    ],
    "prompt_tps": [
      1366.4548898689397,
      1401.2444252922817,
      1401.6852632056753
    ]
  },
  "stats": {
    "ttft_ms": {
      "n": 3,
      "mean": 368.4521,
      "median": 365.3895,
      "p50": 365.3895,
      "p95": 373.7619,
      "std": 4.4127,
      "min": 365.2746,
      "max": 374.6922
    },
    "throughput_tps": {
      "n": 3,
      "mean": 18.8358,
      "median": 18.8272,
      "p50": 18.8272,
      "p95": 18.8569,
      "std": 0.0175,
      "min": 18.82,
      "max": 18.8602
    },
    "memory_gb": {
      "n": 3,
      "mean": 29.8876,
      "median": 29.8876,
      "p50": 29.8876,
      "p95": 29.8876,
      "std": 0.0,
      "min": 29.8876,
      "max": 29.8876
    },
    "prompt_tps": {
      "n": 3,
      "mean": 1389.7949,
      "median": 1401.2444,
      "p50": 1401.2444,
      "p95": 1401.6412,
      "std": 16.5048,
      "min": 1366.4549,
      "max": 1401.6853
    }
  },
  "warmup_policy": {
    "warmup_trials": 1,
    "warmup_discarded": true,
    "measured_trials_field": "num_trials",
    "description": "One full generate before timed trials; trials use seed+trial."
  }
}
