{
  "timestamp": "2026-05-25T05:48:34.093473+00:00",
  "hardware": "Mac M5 Max",
  "model_preset": "qwen-14b",
  "configuration": "fp16+prefill",
  "weight_bits": 16,
  "optimizations": {
    "weight_bits": 16,
    "kv_cache": false,
    "prefill": true
  },
  "model_repo": "mlx-community/Qwen2.5-14B-Instruct-bf16",
  "kv_bits": null,
  "prefill_step_size": 2048,
  "prompt_tokens": 512,
  "generation_tokens": 128,
  "num_trials": 3,
  "memory_gb": 29.8876,
  "ttft_ms": 365.6861,
  "throughput_tps": 18.6496,
  "prompt_tps": 1400.108,
  "mlx_version": "0.31.2",
  "mlx_lm_version": "0.29.1",
  "platform": "macOS-26.4.1-arm64-arm-64bit-Mach-O",
  "status": "ok",
  "error": null,
  "article_id": 5,
  "run_label": null,
  "benchmark_mode": "standard",
  "draft_model_repo": null,
  "draft_preset": "qwen-1.5b",
  "num_draft_tokens": null,
  "draft_accept_rate": null,
  "prefix_cache_cold_ttft_ms": null,
  "prefix_cache_warm_ttft_ms": null,
  "prefix_system_tokens": null,
  "workload": null,
  "schema_version": 1,
  "trials": {
    "ttft_ms": [
      363.85845905169845,
      365.6860839109868,
      386.0607910901308
    ],
    "throughput_tps": [
      18.64964263439294,
      18.59179060222471,
      18.81582714446141
    ],
    "memory_gb": [
      29.887557692,
      29.887557692,
      29.887557692
    ],
    "prompt_tps": [
      1407.1405714584555,
      1400.1079683541584,
      1326.2160048790531
    ]
  },
  "stats": {
    "ttft_ms": {
      "n": 3,
      "mean": 371.8684,
      "median": 365.6861,
      "p50": 365.6861,
      "p95": 384.0233,
      "std": 10.0632,
      "min": 363.8585,
      "max": 386.0608
    },
    "throughput_tps": {
      "n": 3,
      "mean": 18.6858,
      "median": 18.6496,
      "p50": 18.6496,
      "p95": 18.7992,
      "std": 0.095,
      "min": 18.5918,
      "max": 18.8158
    },
    "memory_gb": {
      "n": 3,
      "mean": 29.8876,
      "median": 29.8876,
      "p50": 29.8876,
      "p95": 29.8876,
      "std": 0.0,
      "min": 29.8876,
      "max": 29.8876
    },
    "prompt_tps": {
      "n": 3,
      "mean": 1377.8215,
      "median": 1400.108,
      "p50": 1400.108,
      "p95": 1406.4373,
      "std": 36.6034,
      "min": 1326.216,
      "max": 1407.1406
    }
  },
  "warmup_policy": {
    "warmup_trials": 1,
    "warmup_discarded": true,
    "measured_trials_field": "num_trials",
    "description": "One full generate before timed trials; trials use seed+trial."
  }
}
