{
  "timestamp": "2026-05-25T05:47:51.706813+00:00",
  "hardware": "Mac M5 Max",
  "model_preset": "qwen-14b",
  "configuration": "fp16+kv_cache",
  "weight_bits": 16,
  "optimizations": {
    "weight_bits": 16,
    "kv_cache": true,
    "prefill": false
  },
  "model_repo": "mlx-community/Qwen2.5-14B-Instruct-bf16",
  "kv_bits": 4,
  "prefill_step_size": 512,
  "prompt_tokens": 512,
  "generation_tokens": 128,
  "num_trials": 3,
  "memory_gb": 29.8876,
  "ttft_ms": 379.1445,
  "throughput_tps": 18.185,
  "prompt_tps": 1350.4085,
  "mlx_version": "0.31.2",
  "mlx_lm_version": "0.29.1",
  "platform": "macOS-26.4.1-arm64-arm-64bit-Mach-O",
  "status": "ok",
  "error": null,
  "article_id": 5,
  "run_label": null,
  "benchmark_mode": "standard",
  "draft_model_repo": null,
  "draft_preset": "qwen-1.5b",
  "num_draft_tokens": null,
  "draft_accept_rate": null,
  "prefix_cache_cold_ttft_ms": null,
  "prefix_cache_warm_ttft_ms": null,
  "prefix_system_tokens": null,
  "workload": null,
  "schema_version": 1,
  "trials": {
    "ttft_ms": [
      380.1135830581188,
      379.14454098790884,
      367.8093748167157
    ],
    "throughput_tps": [
      18.185003894881493,
      16.28288234597404,
      18.229653110381534
    ],
    "memory_gb": [
      29.887557692,
      29.887557692,
      29.887557692
    ],
    "prompt_tps": [
      1346.9658092215977,
      1350.4084713073266,
      1392.0254214703918
    ]
  },
  "stats": {
    "ttft_ms": {
      "n": 3,
      "mean": 375.6892,
      "median": 379.1445,
      "p50": 379.1445,
      "p95": 380.0167,
      "std": 5.5859,
      "min": 367.8094,
      "max": 380.1136
    },
    "throughput_tps": {
      "n": 3,
      "mean": 17.5658,
      "median": 18.185,
      "p50": 18.185,
      "p95": 18.2252,
      "std": 0.9074,
      "min": 16.2829,
      "max": 18.2297
    },
    "memory_gb": {
      "n": 3,
      "mean": 29.8876,
      "median": 29.8876,
      "p50": 29.8876,
      "p95": 29.8876,
      "std": 0.0,
      "min": 29.8876,
      "max": 29.8876
    },
    "prompt_tps": {
      "n": 3,
      "mean": 1363.1332,
      "median": 1350.4085,
      "p50": 1350.4085,
      "p95": 1387.8637,
      "std": 20.4781,
      "min": 1346.9658,
      "max": 1392.0254
    }
  },
  "warmup_policy": {
    "warmup_trials": 1,
    "warmup_discarded": true,
    "measured_trials_field": "num_trials",
    "description": "One full generate before timed trials; trials use seed+trial."
  }
}
