{
  "timestamp": "2026-05-23T15:22:04.973948+00:00",
  "hardware": "Mac M5 Max",
  "model_preset": "qwen-14b",
  "configuration": "w4+kv_cache+prefill",
  "weight_bits": 4,
  "optimizations": {
    "weight_bits": 4,
    "kv_cache": true,
    "prefill": true
  },
  "model_repo": "mlx-community/Qwen2.5-14B-Instruct-4bit",
  "kv_bits": 4,
  "prefill_step_size": 2048,
  "prompt_tokens": 512,
  "generation_tokens": 128,
  "num_trials": 3,
  "memory_gb": 8.9288,
  "ttft_ms": 308.3034,
  "throughput_tps": 58.1596,
  "prompt_tps": 1660.7019,
  "mlx_version": "0.31.2",
  "mlx_lm_version": "0.29.1",
  "platform": "macOS-26.4.1-arm64-arm-64bit-Mach-O",
  "status": "ok",
  "error": null,
  "article_id": 5,
  "run_label": null,
  "benchmark_mode": "standard",
  "draft_model_repo": null,
  "draft_preset": "qwen-1.5b",
  "num_draft_tokens": null,
  "draft_accept_rate": null,
  "prefix_cache_cold_ttft_ms": null,
  "prefix_cache_warm_ttft_ms": null,
  "prefix_system_tokens": null,
  "workload": null,
  "schema_version": 1,
  "trials": {
    "ttft_ms": [
      315.21875015459955,
      308.30337502993643,
      307.32204183004797
    ],
    "throughput_tps": [
      58.159615086978306,
      58.23007746826819,
      57.75719667441514
    ],
    "memory_gb": [
      8.928800876,
      8.928800876,
      8.928800876
    ],
    "prompt_tps": [
      1624.268860113457,
      1660.701897766395,
      1666.004810299747
    ]
  },
  "stats": {
    "ttft_ms": {
      "n": 3,
      "mean": 310.2814,
      "median": 308.3034,
      "p50": 308.3034,
      "p95": 314.5272,
      "std": 3.5142,
      "min": 307.322,
      "max": 315.2188
    },
    "throughput_tps": {
      "n": 3,
      "mean": 58.049,
      "median": 58.1596,
      "p50": 58.1596,
      "p95": 58.223,
      "std": 0.2083,
      "min": 57.7572,
      "max": 58.2301
    },
    "memory_gb": {
      "n": 3,
      "mean": 8.9288,
      "median": 8.9288,
      "p50": 8.9288,
      "p95": 8.9288,
      "std": 0.0,
      "min": 8.9288,
      "max": 8.9288
    },
    "prompt_tps": {
      "n": 3,
      "mean": 1650.3252,
      "median": 1660.7019,
      "p50": 1660.7019,
      "p95": 1665.4745,
      "std": 18.5514,
      "min": 1624.2689,
      "max": 1666.0048
    }
  },
  "warmup_policy": {
    "warmup_trials": 1,
    "warmup_discarded": true,
    "measured_trials_field": "num_trials",
    "description": "One full generate before timed trials; trials use seed+trial."
  }
}
