{
  "timestamp": "2026-05-25T05:52:03.345410+00:00",
  "hardware": "Mac M5 Max",
  "model_preset": "qwen-14b",
  "configuration": "w4+kv_cache+prefill",
  "weight_bits": 4,
  "optimizations": {
    "weight_bits": 4,
    "kv_cache": true,
    "prefill": true
  },
  "model_repo": "mlx-community/Qwen2.5-14B-Instruct-4bit",
  "kv_bits": 4,
  "prefill_step_size": 2048,
  "prompt_tokens": 512,
  "generation_tokens": 128,
  "num_trials": 3,
  "memory_gb": 8.9288,
  "ttft_ms": 308.0805,
  "throughput_tps": 57.6477,
  "prompt_tps": 1661.9035,
  "mlx_version": "0.31.2",
  "mlx_lm_version": "0.29.1",
  "platform": "macOS-26.4.1-arm64-arm-64bit-Mach-O",
  "status": "ok",
  "error": null,
  "article_id": 5,
  "run_label": null,
  "benchmark_mode": "standard",
  "draft_model_repo": null,
  "draft_preset": "qwen-1.5b",
  "num_draft_tokens": null,
  "draft_accept_rate": null,
  "prefix_cache_cold_ttft_ms": null,
  "prefix_cache_warm_ttft_ms": null,
  "prefix_system_tokens": null,
  "workload": null,
  "schema_version": 1,
  "trials": {
    "ttft_ms": [
      315.59191597625613,
      306.9235000293702,
      308.0804580822587
    ],
    "throughput_tps": [
      57.64773915357569,
      57.39445218104836,
      57.677740939500595
    ],
    "memory_gb": [
      8.928800876,
      8.928800876,
      8.928800876
    ],
    "prompt_tps": [
      1622.348273453623,
      1668.1681264256586,
      1661.9035273678214
    ]
  },
  "stats": {
    "ttft_ms": {
      "n": 3,
      "mean": 310.1986,
      "median": 308.0805,
      "p50": 308.0805,
      "p95": 314.8408,
      "std": 3.8428,
      "min": 306.9235,
      "max": 315.5919
    },
    "throughput_tps": {
      "n": 3,
      "mean": 57.5733,
      "median": 57.6477,
      "p50": 57.6477,
      "p95": 57.6747,
      "std": 0.1271,
      "min": 57.3945,
      "max": 57.6777
    },
    "memory_gb": {
      "n": 3,
      "mean": 8.9288,
      "median": 8.9288,
      "p50": 8.9288,
      "p95": 8.9288,
      "std": 0.0,
      "min": 8.9288,
      "max": 8.9288
    },
    "prompt_tps": {
      "n": 3,
      "mean": 1650.8066,
      "median": 1661.9035,
      "p50": 1661.9035,
      "p95": 1667.5417,
      "std": 20.285,
      "min": 1622.3483,
      "max": 1668.1681
    }
  },
  "warmup_policy": {
    "warmup_trials": 1,
    "warmup_discarded": true,
    "measured_trials_field": "num_trials",
    "description": "One full generate before timed trials; trials use seed+trial."
  }
}
