{
  "timestamp": "2026-05-25T05:51:29.414578+00:00",
  "hardware": "Mac M5 Max",
  "model_preset": "qwen-14b",
  "configuration": "w4+kv_cache",
  "weight_bits": 4,
  "optimizations": {
    "weight_bits": 4,
    "kv_cache": true,
    "prefill": false
  },
  "model_repo": "mlx-community/Qwen2.5-14B-Instruct-4bit",
  "kv_bits": 4,
  "prefill_step_size": 512,
  "prompt_tokens": 512,
  "generation_tokens": 128,
  "num_trials": 3,
  "memory_gb": 8.9288,
  "ttft_ms": 306.7362,
  "throughput_tps": 57.7428,
  "prompt_tps": 1669.1869,
  "mlx_version": "0.31.2",
  "mlx_lm_version": "0.29.1",
  "platform": "macOS-26.4.1-arm64-arm-64bit-Mach-O",
  "status": "ok",
  "error": null,
  "article_id": 5,
  "run_label": null,
  "benchmark_mode": "standard",
  "draft_model_repo": null,
  "draft_preset": "qwen-1.5b",
  "num_draft_tokens": null,
  "draft_accept_rate": null,
  "prefix_cache_cold_ttft_ms": null,
  "prefix_cache_warm_ttft_ms": null,
  "prefix_system_tokens": null,
  "workload": null,
  "schema_version": 1,
  "trials": {
    "ttft_ms": [
      307.1748751681298,
      306.73616705462337,
      306.2166669405997
    ],
    "throughput_tps": [
      57.66226154264507,
      57.74282400338063,
      58.073046704277424
    ],
    "memory_gb": [
      8.928800876,
      8.928800876,
      8.928800876
    ],
    "prompt_tps": [
      1666.8029887527773,
      1669.1869267207196,
      1672.0187216305847
    ]
  },
  "stats": {
    "ttft_ms": {
      "n": 3,
      "mean": 306.7092,
      "median": 306.7362,
      "p50": 306.7362,
      "p95": 307.131,
      "std": 0.3917,
      "min": 306.2167,
      "max": 307.1749
    },
    "throughput_tps": {
      "n": 3,
      "mean": 57.826,
      "median": 57.7428,
      "p50": 57.7428,
      "p95": 58.04,
      "std": 0.1777,
      "min": 57.6623,
      "max": 58.073
    },
    "memory_gb": {
      "n": 3,
      "mean": 8.9288,
      "median": 8.9288,
      "p50": 8.9288,
      "p95": 8.9288,
      "std": 0.0,
      "min": 8.9288,
      "max": 8.9288
    },
    "prompt_tps": {
      "n": 3,
      "mean": 1669.3362,
      "median": 1669.1869,
      "p50": 1669.1869,
      "p95": 1671.7355,
      "std": 2.1319,
      "min": 1666.803,
      "max": 1672.0187
    }
  },
  "warmup_policy": {
    "warmup_trials": 1,
    "warmup_discarded": true,
    "measured_trials_field": "num_trials",
    "description": "One full generate before timed trials; trials use seed+trial."
  }
}
