{
  "timestamp": "2026-05-23T15:21:47.818452+00:00",
  "hardware": "Mac M5 Max",
  "model_preset": "qwen-14b",
  "configuration": "w4+prefill",
  "weight_bits": 4,
  "optimizations": {
    "weight_bits": 4,
    "kv_cache": false,
    "prefill": true
  },
  "model_repo": "mlx-community/Qwen2.5-14B-Instruct-4bit",
  "kv_bits": null,
  "prefill_step_size": 2048,
  "prompt_tokens": 512,
  "generation_tokens": 128,
  "num_trials": 3,
  "memory_gb": 8.9288,
  "ttft_ms": 303.2422,
  "throughput_tps": 60.7104,
  "prompt_tps": 1688.4193,
  "mlx_version": "0.31.2",
  "mlx_lm_version": "0.29.1",
  "platform": "macOS-26.4.1-arm64-arm-64bit-Mach-O",
  "status": "ok",
  "error": null,
  "article_id": 5,
  "run_label": null,
  "benchmark_mode": "standard",
  "draft_model_repo": null,
  "draft_preset": "qwen-1.5b",
  "num_draft_tokens": null,
  "draft_accept_rate": null,
  "prefix_cache_cold_ttft_ms": null,
  "prefix_cache_warm_ttft_ms": null,
  "prefix_system_tokens": null,
  "workload": null,
  "schema_version": 1,
  "trials": {
    "ttft_ms": [
      311.9690001476556,
      303.2218748703599,
      303.2422079704702
    ],
    "throughput_tps": [
      60.73229627972727,
      60.71035740668264,
      60.274482004041566
    ],
    "memory_gb": [
      8.928800876,
      8.928800876,
      8.928800876
    ],
    "prompt_tps": [
      1641.1887070756045,
      1688.5325315625778,
      1688.4193115025028
    ]
  },
  "stats": {
    "ttft_ms": {
      "n": 3,
      "mean": 306.1444,
      "median": 303.2422,
      "p50": 303.2422,
      "p95": 311.0963,
      "std": 4.1187,
      "min": 303.2219,
      "max": 311.969
    },
    "throughput_tps": {
      "n": 3,
      "mean": 60.5724,
      "median": 60.7104,
      "p50": 60.7104,
      "p95": 60.7301,
      "std": 0.2108,
      "min": 60.2745,
      "max": 60.7323
    },
    "memory_gb": {
      "n": 3,
      "mean": 8.9288,
      "median": 8.9288,
      "p50": 8.9288,
      "p95": 8.9288,
      "std": 0.0,
      "min": 8.9288,
      "max": 8.9288
    },
    "prompt_tps": {
      "n": 3,
      "mean": 1672.7135,
      "median": 1688.4193,
      "p50": 1688.4193,
      "p95": 1688.5212,
      "std": 22.2915,
      "min": 1641.1887,
      "max": 1688.5325
    }
  },
  "warmup_policy": {
    "warmup_trials": 1,
    "warmup_discarded": true,
    "measured_trials_field": "num_trials",
    "description": "One full generate before timed trials; trials use seed+trial."
  }
}
