{
  "timestamp": "2026-05-25T05:51:46.217316+00:00",
  "hardware": "Mac M5 Max",
  "model_preset": "qwen-14b",
  "configuration": "w4+prefill",
  "weight_bits": 4,
  "optimizations": {
    "weight_bits": 4,
    "kv_cache": false,
    "prefill": true
  },
  "model_repo": "mlx-community/Qwen2.5-14B-Instruct-4bit",
  "kv_bits": null,
  "prefill_step_size": 2048,
  "prompt_tokens": 512,
  "generation_tokens": 128,
  "num_trials": 3,
  "memory_gb": 8.9288,
  "ttft_ms": 303.434,
  "throughput_tps": 60.5162,
  "prompt_tps": 1687.3523,
  "mlx_version": "0.31.2",
  "mlx_lm_version": "0.29.1",
  "platform": "macOS-26.4.1-arm64-arm-64bit-Mach-O",
  "status": "ok",
  "error": null,
  "article_id": 5,
  "run_label": null,
  "benchmark_mode": "standard",
  "draft_model_repo": null,
  "draft_preset": "qwen-1.5b",
  "num_draft_tokens": null,
  "draft_accept_rate": null,
  "prefix_cache_cold_ttft_ms": null,
  "prefix_cache_warm_ttft_ms": null,
  "prefix_system_tokens": null,
  "workload": null,
  "schema_version": 1,
  "trials": {
    "ttft_ms": [
      312.37825006246567,
      303.433959139511,
      303.3881669398397
    ],
    "throughput_tps": [
      60.209190472768036,
      60.51616507350059,
      60.838541670748
    ],
    "memory_gb": [
      8.928800876,
      8.928800876,
      8.928800876
    ],
    "prompt_tps": [
      1639.0385690988933,
      1687.3523367389337,
      1687.6070189696188
    ]
  },
  "stats": {
    "ttft_ms": {
      "n": 3,
      "mean": 306.4001,
      "median": 303.434,
      "p50": 303.434,
      "p95": 311.4838,
      "std": 4.2272,
      "min": 303.3882,
      "max": 312.3783
    },
    "throughput_tps": {
      "n": 3,
      "mean": 60.5213,
      "median": 60.5162,
      "p50": 60.5162,
      "p95": 60.8063,
      "std": 0.257,
      "min": 60.2092,
      "max": 60.8385
    },
    "memory_gb": {
      "n": 3,
      "mean": 8.9288,
      "median": 8.9288,
      "p50": 8.9288,
      "p95": 8.9288,
      "std": 0.0,
      "min": 8.9288,
      "max": 8.9288
    },
    "prompt_tps": {
      "n": 3,
      "mean": 1671.3326,
      "median": 1687.3523,
      "p50": 1687.3523,
      "p95": 1687.5816,
      "std": 22.8356,
      "min": 1639.0386,
      "max": 1687.607
    }
  },
  "warmup_policy": {
    "warmup_trials": 1,
    "warmup_discarded": true,
    "measured_trials_field": "num_trials",
    "description": "One full generate before timed trials; trials use seed+trial."
  }
}
