{
  "timestamp": "2026-05-25T05:51:12.204001+00:00",
  "hardware": "Mac M5 Max",
  "model_preset": "qwen-14b",
  "configuration": "w4",
  "weight_bits": 4,
  "optimizations": {
    "weight_bits": 4,
    "kv_cache": false,
    "prefill": false
  },
  "model_repo": "mlx-community/Qwen2.5-14B-Instruct-4bit",
  "kv_bits": null,
  "prefill_step_size": 512,
  "prompt_tokens": 512,
  "generation_tokens": 128,
  "num_trials": 3,
  "memory_gb": 8.9288,
  "ttft_ms": 303.7318,
  "throughput_tps": 60.5358,
  "prompt_tps": 1685.6978,
  "mlx_version": "0.31.2",
  "mlx_lm_version": "0.29.1",
  "platform": "macOS-26.4.1-arm64-arm-64bit-Mach-O",
  "status": "ok",
  "error": null,
  "article_id": 5,
  "run_label": null,
  "benchmark_mode": "standard",
  "draft_model_repo": null,
  "draft_preset": "qwen-1.5b",
  "num_draft_tokens": null,
  "draft_accept_rate": null,
  "prefix_cache_cold_ttft_ms": null,
  "prefix_cache_warm_ttft_ms": null,
  "prefix_system_tokens": null,
  "workload": null,
  "schema_version": 1,
  "trials": {
    "ttft_ms": [
      303.73179190792143,
      304.69424999319017,
      303.61649999395013
    ],
    "throughput_tps": [
      60.38923099023709,
      60.80891655826074,
      60.53581406539739
    ],
    "memory_gb": [
      8.928800876,
      8.928800876,
      8.928800876
    ],
    "prompt_tps": [
      1685.6977558517042,
      1680.3730297222316,
      1686.3378637531298
    ]
  },
  "stats": {
    "ttft_ms": {
      "n": 3,
      "mean": 304.0142,
      "median": 303.7318,
      "p50": 303.7318,
      "p95": 304.598,
      "std": 0.4832,
      "min": 303.6165,
      "max": 304.6942
    },
    "throughput_tps": {
      "n": 3,
      "mean": 60.578,
      "median": 60.5358,
      "p50": 60.5358,
      "p95": 60.7816,
      "std": 0.1739,
      "min": 60.3892,
      "max": 60.8089
    },
    "memory_gb": {
      "n": 3,
      "mean": 8.9288,
      "median": 8.9288,
      "p50": 8.9288,
      "p95": 8.9288,
      "std": 0.0,
      "min": 8.9288,
      "max": 8.9288
    },
    "prompt_tps": {
      "n": 3,
      "mean": 1684.1362,
      "median": 1685.6978,
      "p50": 1685.6978,
      "p95": 1686.2739,
      "std": 2.6738,
      "min": 1680.373,
      "max": 1686.3379
    }
  },
  "warmup_policy": {
    "warmup_trials": 1,
    "warmup_discarded": true,
    "measured_trials_field": "num_trials",
    "description": "One full generate before timed trials; trials use seed+trial."
  }
}
