{
  "timestamp": "2026-05-23T15:20:08.087965+00:00",
  "hardware": "Mac M5 Max",
  "model_preset": "qwen-14b",
  "configuration": "w8+kv_cache",
  "weight_bits": 8,
  "optimizations": {
    "weight_bits": 8,
    "kv_cache": true,
    "prefill": false
  },
  "model_repo": "mlx-community/Qwen2.5-14B-Instruct-8bit",
  "kv_bits": 4,
  "prefill_step_size": 512,
  "prompt_tokens": 512,
  "generation_tokens": 128,
  "num_trials": 3,
  "memory_gb": 16.1924,
  "ttft_ms": 364.6541,
  "throughput_tps": 32.8224,
  "prompt_tps": 1404.0702,
  "mlx_version": "0.31.2",
  "mlx_lm_version": "0.29.1",
  "platform": "macOS-26.4.1-arm64-arm-64bit-Mach-O",
  "status": "ok",
  "error": null,
  "article_id": 5,
  "run_label": null,
  "benchmark_mode": "standard",
  "draft_model_repo": null,
  "draft_preset": "qwen-1.5b",
  "num_draft_tokens": null,
  "draft_accept_rate": null,
  "prefix_cache_cold_ttft_ms": null,
  "prefix_cache_warm_ttft_ms": null,
  "prefix_system_tokens": null,
  "workload": null,
  "schema_version": 1,
  "trials": {
    "ttft_ms": [
      365.19441590644414,
      364.6541249472648,
      358.31491695716977
    ],
    "throughput_tps": [
      32.4586155620332,
      32.82235943280139,
      32.880326560818226
    ],
    "memory_gb": [
      16.192368736,
      16.192368736,
      16.192368736
    ],
    "prompt_tps": [
      1401.9929596381469,
      1404.0702270241532,
      1428.9106475050844
    ]
  },
  "stats": {
    "ttft_ms": {
      "n": 3,
      "mean": 362.7212,
      "median": 364.6541,
      "p50": 364.6541,
      "p95": 365.1404,
      "std": 3.1235,
      "min": 358.3149,
      "max": 365.1944
    },
    "throughput_tps": {
      "n": 3,
      "mean": 32.7204,
      "median": 32.8224,
      "p50": 32.8224,
      "p95": 32.8745,
      "std": 0.1866,
      "min": 32.4586,
      "max": 32.8803
    },
    "memory_gb": {
      "n": 3,
      "mean": 16.1924,
      "median": 16.1924,
      "p50": 16.1924,
      "p95": 16.1924,
      "std": 0.0,
      "min": 16.1924,
      "max": 16.1924
    },
    "prompt_tps": {
      "n": 3,
      "mean": 1411.6579,
      "median": 1404.0702,
      "p50": 1404.0702,
      "p95": 1426.4266,
      "std": 12.2289,
      "min": 1401.993,
      "max": 1428.9106
    }
  },
  "warmup_policy": {
    "warmup_trials": 1,
    "warmup_discarded": true,
    "measured_trials_field": "num_trials",
    "description": "One full generate before timed trials; trials use seed+trial."
  }
}
