{
  "timestamp": "2026-05-25T05:50:54.853640+00:00",
  "hardware": "Mac M5 Max",
  "model_preset": "qwen-14b",
  "configuration": "w8+kv_cache+prefill",
  "weight_bits": 8,
  "optimizations": {
    "weight_bits": 8,
    "kv_cache": true,
    "prefill": true
  },
  "model_repo": "mlx-community/Qwen2.5-14B-Instruct-8bit",
  "kv_bits": 4,
  "prefill_step_size": 2048,
  "prompt_tokens": 512,
  "generation_tokens": 128,
  "num_trials": 3,
  "memory_gb": 16.1924,
  "ttft_ms": 356.5928,
  "throughput_tps": 32.7627,
  "prompt_tps": 1435.8112,
  "mlx_version": "0.31.2",
  "mlx_lm_version": "0.29.1",
  "platform": "macOS-26.4.1-arm64-arm-64bit-Mach-O",
  "status": "ok",
  "error": null,
  "article_id": 5,
  "run_label": null,
  "benchmark_mode": "standard",
  "draft_model_repo": null,
  "draft_preset": "qwen-1.5b",
  "num_draft_tokens": null,
  "draft_accept_rate": null,
  "prefix_cache_cold_ttft_ms": null,
  "prefix_cache_warm_ttft_ms": null,
  "prefix_system_tokens": null,
  "workload": null,
  "schema_version": 1,
  "trials": {
    "ttft_ms": [
      364.7128331940621,
      356.5928330644965,
      356.5919999964535
    ],
    "throughput_tps": [
      32.74376018663092,
      32.76269716103066,
      32.814957070900775
    ],
    "memory_gb": [
      16.192368736,
      16.192368736,
      16.192368736
    ],
    "prompt_tps": [
      1403.8442122149484,
      1435.8112461205724,
      1435.814600453998
    ]
  },
  "stats": {
    "ttft_ms": {
      "n": 3,
      "mean": 359.2992,
      "median": 356.5928,
      "p50": 356.5928,
      "p95": 363.9008,
      "std": 3.828,
      "min": 356.592,
      "max": 364.7128
    },
    "throughput_tps": {
      "n": 3,
      "mean": 32.7738,
      "median": 32.7627,
      "p50": 32.7627,
      "p95": 32.8097,
      "std": 0.0301,
      "min": 32.7438,
      "max": 32.815
    },
    "memory_gb": {
      "n": 3,
      "mean": 16.1924,
      "median": 16.1924,
      "p50": 16.1924,
      "p95": 16.1924,
      "std": 0.0,
      "min": 16.1924,
      "max": 16.1924
    },
    "prompt_tps": {
      "n": 3,
      "mean": 1425.1567,
      "median": 1435.8112,
      "p50": 1435.8112,
      "p95": 1435.8143,
      "std": 15.0702,
      "min": 1403.8442,
      "max": 1435.8146
    }
  },
  "warmup_policy": {
    "warmup_trials": 1,
    "warmup_discarded": true,
    "measured_trials_field": "num_trials",
    "description": "One full generate before timed trials; trials use seed+trial."
  }
}
