{
  "timestamp": "2026-05-25T05:50:06.697900+00:00",
  "hardware": "Mac M5 Max",
  "model_preset": "qwen-14b",
  "configuration": "w8+kv_cache",
  "weight_bits": 8,
  "optimizations": {
    "weight_bits": 8,
    "kv_cache": true,
    "prefill": false
  },
  "model_repo": "mlx-community/Qwen2.5-14B-Instruct-8bit",
  "kv_bits": 4,
  "prefill_step_size": 512,
  "prompt_tokens": 512,
  "generation_tokens": 128,
  "num_trials": 3,
  "memory_gb": 16.1924,
  "ttft_ms": 355.8117,
  "throughput_tps": 32.8052,
  "prompt_tps": 1438.9633,
  "mlx_version": "0.31.2",
  "mlx_lm_version": "0.29.1",
  "platform": "macOS-26.4.1-arm64-arm-64bit-Mach-O",
  "status": "ok",
  "error": null,
  "article_id": 5,
  "run_label": null,
  "benchmark_mode": "standard",
  "draft_model_repo": null,
  "draft_preset": "qwen-1.5b",
  "num_draft_tokens": null,
  "draft_accept_rate": null,
  "prefix_cache_cold_ttft_ms": null,
  "prefix_cache_warm_ttft_ms": null,
  "prefix_system_tokens": null,
  "workload": null,
  "schema_version": 1,
  "trials": {
    "ttft_ms": [
      364.58608391694725,
      355.8117081411183,
      355.3033748175949
    ],
    "throughput_tps": [
      32.805191811482196,
      32.77848037827178,
      32.84432144050974
    ],
    "memory_gb": [
      16.192368736,
      16.192368736,
      16.192368736
    ],
    "prompt_tps": [
      1404.3322622172097,
      1438.963328876564,
      1441.0220568911
    ]
  },
  "stats": {
    "ttft_ms": {
      "n": 3,
      "mean": 358.5671,
      "median": 355.8117,
      "p50": 355.8117,
      "p95": 363.7086,
      "std": 4.2612,
      "min": 355.3034,
      "max": 364.5861
    },
    "throughput_tps": {
      "n": 3,
      "mean": 32.8093,
      "median": 32.8052,
      "p50": 32.8052,
      "p95": 32.8404,
      "std": 0.027,
      "min": 32.7785,
      "max": 32.8443
    },
    "memory_gb": {
      "n": 3,
      "mean": 16.1924,
      "median": 16.1924,
      "p50": 16.1924,
      "p95": 16.1924,
      "std": 0.0,
      "min": 16.1924,
      "max": 16.1924
    },
    "prompt_tps": {
      "n": 3,
      "mean": 1428.1059,
      "median": 1438.9633,
      "p50": 1438.9633,
      "p95": 1440.8162,
      "std": 16.8315,
      "min": 1404.3323,
      "max": 1441.0221
    }
  },
  "warmup_policy": {
    "warmup_trials": 1,
    "warmup_discarded": true,
    "measured_trials_field": "num_trials",
    "description": "One full generate before timed trials; trials use seed+trial."
  }
}
