{
  "timestamp": "2026-05-23T15:20:56.429975+00:00",
  "hardware": "Mac M5 Max",
  "model_preset": "qwen-14b",
  "configuration": "w8+kv_cache+prefill",
  "weight_bits": 8,
  "optimizations": {
    "weight_bits": 8,
    "kv_cache": true,
    "prefill": true
  },
  "model_repo": "mlx-community/Qwen2.5-14B-Instruct-8bit",
  "kv_bits": 4,
  "prefill_step_size": 2048,
  "prompt_tokens": 512,
  "generation_tokens": 128,
  "num_trials": 3,
  "memory_gb": 16.1924,
  "ttft_ms": 358.7345,
  "throughput_tps": 32.6498,
  "prompt_tps": 1427.2392,
  "mlx_version": "0.31.2",
  "mlx_lm_version": "0.29.1",
  "platform": "macOS-26.4.1-arm64-arm-64bit-Mach-O",
  "status": "ok",
  "error": null,
  "article_id": 5,
  "run_label": null,
  "benchmark_mode": "standard",
  "draft_model_repo": null,
  "draft_preset": "qwen-1.5b",
  "num_draft_tokens": null,
  "draft_accept_rate": null,
  "prefix_cache_cold_ttft_ms": null,
  "prefix_cache_warm_ttft_ms": null,
  "prefix_system_tokens": null,
  "workload": null,
  "schema_version": 1,
  "trials": {
    "ttft_ms": [
      365.93062500469387,
      358.7345420382917,
      356.9145421497524
    ],
    "throughput_tps": [
      32.649774384893526,
      32.59029787946586,
      32.866547401581535
    ],
    "memory_gb": [
      16.192368736,
      16.192368736,
      16.192368736
    ],
    "prompt_tps": [
      1399.1723157727847,
      1427.2391977947543,
      1434.5170609080358
    ]
  },
  "stats": {
    "ttft_ms": {
      "n": 3,
      "mean": 360.5266,
      "median": 358.7345,
      "p50": 358.7345,
      "p95": 365.211,
      "std": 3.8928,
      "min": 356.9145,
      "max": 365.9306
    },
    "throughput_tps": {
      "n": 3,
      "mean": 32.7022,
      "median": 32.6498,
      "p50": 32.6498,
      "p95": 32.8449,
      "std": 0.1187,
      "min": 32.5903,
      "max": 32.8665
    },
    "memory_gb": {
      "n": 3,
      "mean": 16.1924,
      "median": 16.1924,
      "p50": 16.1924,
      "p95": 16.1924,
      "std": 0.0,
      "min": 16.1924,
      "max": 16.1924
    },
    "prompt_tps": {
      "n": 3,
      "mean": 1420.3095,
      "median": 1427.2392,
      "p50": 1427.2392,
      "p95": 1433.7893,
      "std": 15.2387,
      "min": 1399.1723,
      "max": 1434.5171
    }
  },
  "warmup_policy": {
    "warmup_trials": 1,
    "warmup_discarded": true,
    "measured_trials_field": "num_trials",
    "description": "One full generate before timed trials; trials use seed+trial."
  }
}
