{
  "timestamp": "2026-05-25T05:50:30.539830+00:00",
  "hardware": "Mac M5 Max",
  "model_preset": "qwen-14b",
  "configuration": "w8+prefill",
  "weight_bits": 8,
  "optimizations": {
    "weight_bits": 8,
    "kv_cache": false,
    "prefill": true
  },
  "model_repo": "mlx-community/Qwen2.5-14B-Instruct-8bit",
  "kv_bits": null,
  "prefill_step_size": 2048,
  "prompt_tokens": 512,
  "generation_tokens": 128,
  "num_trials": 3,
  "memory_gb": 16.1924,
  "ttft_ms": 353.3757,
  "throughput_tps": 34.0312,
  "prompt_tps": 1448.883,
  "mlx_version": "0.31.2",
  "mlx_lm_version": "0.29.1",
  "platform": "macOS-26.4.1-arm64-arm-64bit-Mach-O",
  "status": "ok",
  "error": null,
  "article_id": 5,
  "run_label": null,
  "benchmark_mode": "standard",
  "draft_model_repo": null,
  "draft_preset": "qwen-1.5b",
  "num_draft_tokens": null,
  "draft_accept_rate": null,
  "prefix_cache_cold_ttft_ms": null,
  "prefix_cache_warm_ttft_ms": null,
  "prefix_system_tokens": null,
  "workload": null,
  "schema_version": 1,
  "trials": {
    "ttft_ms": [
      359.1872078832239,
      353.3756658434868,
      353.083707857877
    ],
    "throughput_tps": [
      34.03705045788646,
      34.031238483404785,
      33.997880490587974
    ],
    "memory_gb": [
      16.192368736,
      16.192368736,
      16.192368736
    ],
    "prompt_tps": [
      1425.4405189353442,
      1448.8830145615327,
      1450.081067479018
    ]
  },
  "stats": {
    "ttft_ms": {
      "n": 3,
      "mean": 355.2155,
      "median": 353.3757,
      "p50": 353.3757,
      "p95": 358.6061,
      "std": 2.8109,
      "min": 353.0837,
      "max": 359.1872
    },
    "throughput_tps": {
      "n": 3,
      "mean": 34.0221,
      "median": 34.0312,
      "p50": 34.0312,
      "p95": 34.0365,
      "std": 0.0173,
      "min": 33.9979,
      "max": 34.0371
    },
    "memory_gb": {
      "n": 3,
      "mean": 16.1924,
      "median": 16.1924,
      "p50": 16.1924,
      "p95": 16.1924,
      "std": 0.0,
      "min": 16.1924,
      "max": 16.1924
    },
    "prompt_tps": {
      "n": 3,
      "mean": 1441.4682,
      "median": 1448.883,
      "p50": 1448.883,
      "p95": 1449.9613,
      "std": 11.3438,
      "min": 1425.4405,
      "max": 1450.0811
    }
  },
  "warmup_policy": {
    "warmup_trials": 1,
    "warmup_discarded": true,
    "measured_trials_field": "num_trials",
    "description": "One full generate before timed trials; trials use seed+trial."
  }
}
