{
  "timestamp": "2026-05-23T15:19:43.689703+00:00",
  "hardware": "Mac M5 Max",
  "model_preset": "qwen-14b",
  "configuration": "w8",
  "weight_bits": 8,
  "optimizations": {
    "weight_bits": 8,
    "kv_cache": false,
    "prefill": false
  },
  "model_repo": "mlx-community/Qwen2.5-14B-Instruct-8bit",
  "kv_bits": null,
  "prefill_step_size": 512,
  "prompt_tokens": 512,
  "generation_tokens": 128,
  "num_trials": 3,
  "memory_gb": 16.1924,
  "ttft_ms": 352.1346,
  "throughput_tps": 33.9907,
  "prompt_tps": 1453.9894,
  "mlx_version": "0.31.2",
  "mlx_lm_version": "0.29.1",
  "platform": "macOS-26.4.1-arm64-arm-64bit-Mach-O",
  "status": "ok",
  "error": null,
  "article_id": 5,
  "run_label": null,
  "benchmark_mode": "standard",
  "draft_model_repo": null,
  "draft_preset": "qwen-1.5b",
  "num_draft_tokens": null,
  "draft_accept_rate": null,
  "prefix_cache_cold_ttft_ms": null,
  "prefix_cache_warm_ttft_ms": null,
  "prefix_system_tokens": null,
  "workload": null,
  "schema_version": 1,
  "trials": {
    "ttft_ms": [
      353.6364589817822,
      352.060291916132,
      352.1346249617636
    ],
    "throughput_tps": [
      33.965912335221105,
      33.99067033774043,
      34.145621960567716
    ],
    "memory_gb": [
      16.192368736,
      16.192368736,
      16.192368736
    ],
    "prompt_tps": [
      1447.814519674217,
      1454.2963570625254,
      1453.9893657307778
    ]
  },
  "stats": {
    "ttft_ms": {
      "n": 3,
      "mean": 352.6105,
      "median": 352.1346,
      "p50": 352.1346,
      "p95": 353.4863,
      "std": 0.7261,
      "min": 352.0603,
      "max": 353.6365
    },
    "throughput_tps": {
      "n": 3,
      "mean": 34.0341,
      "median": 33.9907,
      "p50": 33.9907,
      "p95": 34.1301,
      "std": 0.0795,
      "min": 33.9659,
      "max": 34.1456
    },
    "memory_gb": {
      "n": 3,
      "mean": 16.1924,
      "median": 16.1924,
      "p50": 16.1924,
      "p95": 16.1924,
      "std": 0.0,
      "min": 16.1924,
      "max": 16.1924
    },
    "prompt_tps": {
      "n": 3,
      "mean": 1452.0334,
      "median": 1453.9894,
      "p50": 1453.9894,
      "p95": 1454.2657,
      "std": 2.9858,
      "min": 1447.8145,
      "max": 1454.2964
    }
  },
  "warmup_policy": {
    "warmup_trials": 1,
    "warmup_discarded": true,
    "measured_trials_field": "num_trials",
    "description": "One full generate before timed trials; trials use seed+trial."
  }
}
