{
  "timestamp": "2026-05-25T05:49:42.337166+00:00",
  "hardware": "Mac M5 Max",
  "model_preset": "qwen-14b",
  "configuration": "w8",
  "weight_bits": 8,
  "optimizations": {
    "weight_bits": 8,
    "kv_cache": false,
    "prefill": false
  },
  "model_repo": "mlx-community/Qwen2.5-14B-Instruct-8bit",
  "kv_bits": null,
  "prefill_step_size": 512,
  "prompt_tokens": 512,
  "generation_tokens": 128,
  "num_trials": 3,
  "memory_gb": 16.1924,
  "ttft_ms": 353.5776,
  "throughput_tps": 33.9096,
  "prompt_tps": 1448.0556,
  "mlx_version": "0.31.2",
  "mlx_lm_version": "0.29.1",
  "platform": "macOS-26.4.1-arm64-arm-64bit-Mach-O",
  "status": "ok",
  "error": null,
  "article_id": 5,
  "run_label": null,
  "benchmark_mode": "standard",
  "draft_model_repo": null,
  "draft_preset": "qwen-1.5b",
  "num_draft_tokens": null,
  "draft_accept_rate": null,
  "prefix_cache_cold_ttft_ms": null,
  "prefix_cache_warm_ttft_ms": null,
  "prefix_system_tokens": null,
  "workload": null,
  "schema_version": 1,
  "trials": {
    "ttft_ms": [
      360.22674990817904,
      353.5775837954134,
      352.77187498286366
    ],
    "throughput_tps": [
      33.885357271896936,
      33.90962738061592,
      33.95325920949537
    ],
    "memory_gb": [
      16.192368736,
      16.192368736,
      16.192368736
    ],
    "prompt_tps": [
      1421.3269839913544,
      1448.0555992945888,
      1451.3628673625726
    ]
  },
  "stats": {
    "ttft_ms": {
      "n": 3,
      "mean": 355.5254,
      "median": 353.5776,
      "p50": 353.5776,
      "p95": 359.5618,
      "std": 3.3406,
      "min": 352.7719,
      "max": 360.2267
    },
    "throughput_tps": {
      "n": 3,
      "mean": 33.9161,
      "median": 33.9096,
      "p50": 33.9096,
      "p95": 33.9489,
      "std": 0.0281,
      "min": 33.8854,
      "max": 33.9533
    },
    "memory_gb": {
      "n": 3,
      "mean": 16.1924,
      "median": 16.1924,
      "p50": 16.1924,
      "p95": 16.1924,
      "std": 0.0,
      "min": 16.1924,
      "max": 16.1924
    },
    "prompt_tps": {
      "n": 3,
      "mean": 1440.2485,
      "median": 1448.0556,
      "p50": 1448.0556,
      "p95": 1451.0321,
      "std": 13.4475,
      "min": 1421.327,
      "max": 1451.3629
    }
  },
  "warmup_policy": {
    "warmup_trials": 1,
    "warmup_discarded": true,
    "measured_trials_field": "num_trials",
    "description": "One full generate before timed trials; trials use seed+trial."
  }
}
