{
  "timestamp": "2026-05-25T04:44:15.268910+00:00",
  "hardware": "Mac M5 Max",
  "model_preset": "mistral-7b",
  "configuration": "fp16",
  "weight_bits": 16,
  "optimizations": {
    "weight_bits": 16,
    "kv_cache": false,
    "prefill": false
  },
  "model_repo": "mlx-community/Mistral-7B-Instruct-v0.3",
  "kv_bits": null,
  "prefill_step_size": 512,
  "prompt_tokens": 512,
  "generation_tokens": 128,
  "num_trials": 3,
  "memory_gb": 14.8911,
  "ttft_ms": 512.7891,
  "throughput_tps": 31.8364,
  "prompt_tps": 998.4612,
  "mlx_version": "0.31.2",
  "mlx_lm_version": "0.29.1",
  "platform": "macOS-26.4.1-arm64-arm-64bit-Mach-O",
  "status": "ok",
  "error": null,
  "article_id": 4,
  "run_label": null,
  "benchmark_mode": "standard",
  "draft_model_repo": null,
  "draft_preset": null,
  "num_draft_tokens": null,
  "draft_accept_rate": null,
  "prefix_cache_cold_ttft_ms": null,
  "prefix_cache_warm_ttft_ms": null,
  "prefix_system_tokens": null,
  "workload": null,
  "schema_version": 1,
  "trials": {
    "ttft_ms": [
      190.921583911404,
      826.9477910362184,
      512.789084110409
    ],
    "throughput_tps": [
      32.728269100971424,
      31.03651471976711,
      31.83636374882803
    ],
    "memory_gb": [
      14.891051068,
      14.891051068,
      14.891051068
    ],
    "prompt_tps": [
      2681.7292707858032,
      619.1442864348562,
      998.4611916773191
    ]
  },
  "stats": {
    "ttft_ms": {
      "n": 3,
      "mean": 510.2195,
      "median": 512.7891,
      "p50": 512.7891,
      "p95": 795.5319,
      "std": 259.663,
      "min": 190.9216,
      "max": 826.9478
    },
    "throughput_tps": {
      "n": 3,
      "mean": 31.867,
      "median": 31.8364,
      "p50": 31.8364,
      "p95": 32.6391,
      "std": 0.691,
      "min": 31.0365,
      "max": 32.7283
    },
    "memory_gb": {
      "n": 3,
      "mean": 14.8911,
      "median": 14.8911,
      "p50": 14.8911,
      "p95": 14.8911,
      "std": 0.0,
      "min": 14.8911,
      "max": 14.8911
    },
    "prompt_tps": {
      "n": 3,
      "mean": 1433.1116,
      "median": 998.4612,
      "p50": 998.4612,
      "p95": 2513.4025,
      "std": 896.3834,
      "min": 619.1443,
      "max": 2681.7293
    }
  },
  "warmup_policy": {
    "warmup_trials": 1,
    "warmup_discarded": true,
    "measured_trials_field": "num_trials",
    "description": "One full generate before timed trials; trials use seed+trial."
  }
}
