{
  "timestamp": "2026-05-23T04:12:51.712337+00:00",
  "hardware": "Mac M5 Max",
  "model_preset": "mistral-7b",
  "configuration": "w4",
  "weight_bits": 4,
  "optimizations": {
    "weight_bits": 4,
    "kv_cache": false,
    "prefill": false
  },
  "model_repo": "mlx-community/Mistral-7B-Instruct-v0.3-4bit",
  "kv_bits": null,
  "prefill_step_size": 512,
  "prompt_tokens": 512,
  "generation_tokens": 128,
  "num_trials": 3,
  "memory_gb": 4.6727,
  "ttft_ms": 162.3647,
  "throughput_tps": 116.7938,
  "prompt_tps": 3153.3946,
  "mlx_version": "0.31.2",
  "mlx_lm_version": "0.29.1",
  "platform": "macOS-26.4.1-arm64-arm-64bit-Mach-O",
  "status": "ok",
  "error": null,
  "article_id": 4,
  "run_label": null,
  "benchmark_mode": "standard",
  "draft_model_repo": null,
  "draft_preset": "qwen-0.5b",
  "num_draft_tokens": null,
  "draft_accept_rate": null,
  "prefix_cache_cold_ttft_ms": null,
  "prefix_cache_warm_ttft_ms": null,
  "prefix_system_tokens": null,
  "workload": null,
  "schema_version": 1,
  "trials": {
    "ttft_ms": [
      162.36470802687109,
      163.26249996200204,
      162.228916073218
    ],
    "throughput_tps": [
      116.74373902144782,
      116.79382697876872,
      116.93232163224239
    ],
    "memory_gb": [
      4.672694404,
      4.672694404,
      4.672694404
    ],
    "prompt_tps": [
      3153.39463989468,
      3136.053901656312,
      3156.0341546566306
    ]
  },
  "stats": {
    "ttft_ms": {
      "n": 3,
      "mean": 162.6187,
      "median": 162.3647,
      "p50": 162.3647,
      "p95": 163.1727,
      "std": 0.4586,
      "min": 162.2289,
      "max": 163.2625
    },
    "throughput_tps": {
      "n": 3,
      "mean": 116.8233,
      "median": 116.7938,
      "p50": 116.7938,
      "p95": 116.9185,
      "std": 0.0798,
      "min": 116.7437,
      "max": 116.9323
    },
    "memory_gb": {
      "n": 3,
      "mean": 4.6727,
      "median": 4.6727,
      "p50": 4.6727,
      "p95": 4.6727,
      "std": 0.0,
      "min": 4.6727,
      "max": 4.6727
    },
    "prompt_tps": {
      "n": 3,
      "mean": 3148.4942,
      "median": 3153.3946,
      "p50": 3153.3946,
      "p95": 3155.7702,
      "std": 8.8624,
      "min": 3136.0539,
      "max": 3156.0342
    }
  },
  "warmup_policy": {
    "warmup_trials": 1,
    "warmup_discarded": true,
    "measured_trials_field": "num_trials",
    "description": "One full generate before timed trials; trials use seed+trial."
  }
}
