{
  "timestamp": "2026-05-25T04:44:46.765657+00:00",
  "hardware": "Mac M5 Max",
  "model_preset": "mistral-7b",
  "configuration": "w4",
  "weight_bits": 4,
  "optimizations": {
    "weight_bits": 4,
    "kv_cache": false,
    "prefill": false
  },
  "model_repo": "mlx-community/Mistral-7B-Instruct-v0.3-4bit",
  "kv_bits": null,
  "prefill_step_size": 512,
  "prompt_tokens": 512,
  "generation_tokens": 128,
  "num_trials": 3,
  "memory_gb": 4.6727,
  "ttft_ms": 207.3658,
  "throughput_tps": 105.6773,
  "prompt_tps": 2469.0663,
  "mlx_version": "0.31.2",
  "mlx_lm_version": "0.29.1",
  "platform": "macOS-26.4.1-arm64-arm-64bit-Mach-O",
  "status": "ok",
  "error": null,
  "article_id": 4,
  "run_label": null,
  "benchmark_mode": "standard",
  "draft_model_repo": null,
  "draft_preset": null,
  "num_draft_tokens": null,
  "draft_accept_rate": null,
  "prefix_cache_cold_ttft_ms": null,
  "prefix_cache_warm_ttft_ms": null,
  "prefix_system_tokens": null,
  "workload": null,
  "schema_version": 1,
  "trials": {
    "ttft_ms": [
      163.8263331260532,
      207.36583299003541,
      594.4880410097539
    ],
    "throughput_tps": [
      118.26799296496539,
      105.67731047366945,
      68.86240914486429
    ],
    "memory_gb": [
      4.672694404,
      4.672694404,
      4.672694404
    ],
    "prompt_tps": [
      3125.260696679641,
      2469.066348189594,
      861.2452474743718
    ]
  },
  "stats": {
    "ttft_ms": {
      "n": 3,
      "mean": 321.8934,
      "median": 207.3658,
      "p50": 207.3658,
      "p95": 555.7758,
      "std": 193.5713,
      "min": 163.8263,
      "max": 594.488
    },
    "throughput_tps": {
      "n": 3,
      "mean": 97.6026,
      "median": 105.6773,
      "p50": 105.6773,
      "p95": 117.0089,
      "std": 20.9623,
      "min": 68.8624,
      "max": 118.268
    },
    "memory_gb": {
      "n": 3,
      "mean": 4.6727,
      "median": 4.6727,
      "p50": 4.6727,
      "p95": 4.6727,
      "std": 0.0,
      "min": 4.6727,
      "max": 4.6727
    },
    "prompt_tps": {
      "n": 3,
      "mean": 2151.8574,
      "median": 2469.0663,
      "p50": 2469.0663,
      "p95": 3059.6413,
      "std": 951.1073,
      "min": 861.2452,
      "max": 3125.2607
    }
  },
  "warmup_policy": {
    "warmup_trials": 1,
    "warmup_discarded": true,
    "measured_trials_field": "num_trials",
    "description": "One full generate before timed trials; trials use seed+trial."
  }
}
