{
  "timestamp": "2026-05-25T04:44:33.074197+00:00",
  "hardware": "Mac M5 Max",
  "model_preset": "mistral-7b",
  "configuration": "w8",
  "weight_bits": 8,
  "optimizations": {
    "weight_bits": 8,
    "kv_cache": false,
    "prefill": false
  },
  "model_repo": "mlx-community/Mistral-7B-Instruct-v0.3-8bit",
  "kv_bits": null,
  "prefill_step_size": 512,
  "prompt_tokens": 512,
  "generation_tokens": 128,
  "num_trials": 3,
  "memory_gb": 8.1373,
  "ttft_ms": 191.3498,
  "throughput_tps": 57.3126,
  "prompt_tps": 2675.7274,
  "mlx_version": "0.31.2",
  "mlx_lm_version": "0.29.1",
  "platform": "macOS-26.4.1-arm64-arm-64bit-Mach-O",
  "status": "ok",
  "error": null,
  "article_id": 4,
  "run_label": null,
  "benchmark_mode": "standard",
  "draft_model_repo": null,
  "draft_preset": null,
  "num_draft_tokens": null,
  "draft_accept_rate": null,
  "prefix_cache_cold_ttft_ms": null,
  "prefix_cache_warm_ttft_ms": null,
  "prefix_system_tokens": null,
  "workload": null,
  "schema_version": 1,
  "trials": {
    "ttft_ms": [
      186.3059587776661,
      191.34983303956687,
      517.6902920939028
    ],
    "throughput_tps": [
      67.26276982225845,
      43.72367435204554,
      57.31260415774757
    ],
    "memory_gb": [
      8.137287776,
      8.137287776,
      8.137287776
    ],
    "prompt_tps": [
      2748.167602148522,
      2675.727445730929,
      989.0083082862394
    ]
  },
  "stats": {
    "ttft_ms": {
      "n": 3,
      "mean": 298.4487,
      "median": 191.3498,
      "p50": 191.3498,
      "p95": 485.0562,
      "std": 155.0409,
      "min": 186.306,
      "max": 517.6903
    },
    "throughput_tps": {
      "n": 3,
      "mean": 56.0997,
      "median": 57.3126,
      "p50": 57.3126,
      "p95": 66.2678,
      "std": 9.648,
      "min": 43.7237,
      "max": 67.2628
    },
    "memory_gb": {
      "n": 3,
      "mean": 8.1373,
      "median": 8.1373,
      "p50": 8.1373,
      "p95": 8.1373,
      "std": 0.0,
      "min": 8.1373,
      "max": 8.1373
    },
    "prompt_tps": {
      "n": 3,
      "mean": 2137.6345,
      "median": 2675.7274,
      "p50": 2675.7274,
      "p95": 2740.9236,
      "std": 812.7396,
      "min": 989.0083,
      "max": 2748.1676
    }
  },
  "warmup_policy": {
    "warmup_trials": 1,
    "warmup_discarded": true,
    "measured_trials_field": "num_trials",
    "description": "One full generate before timed trials; trials use seed+trial."
  }
}
