{
  "timestamp": "2026-05-20T17:01:17.347160+00:00",
  "hardware": "Mac M3",
  "model_preset": "deepseek-r1-qwen-7b",
  "configuration": "fp16",
  "weight_bits": 16,
  "optimizations": {
    "weight_bits": 16,
    "kv_cache": false,
    "prefill": false
  },
  "model_repo": "mlx-community/DeepSeek-R1-Distill-Qwen-7B-bf16",
  "kv_bits": null,
  "prefill_step_size": 512,
  "prompt_tokens": 512,
  "generation_tokens": 128,
  "num_trials": 3,
  "memory_gb": 15.4931,
  "ttft_ms": 2430.168,
  "throughput_tps": 6.2189,
  "prompt_tps": 210.685,
  "mlx_version": "0.31.2",
  "mlx_lm_version": "0.31.3",
  "platform": "macOS-26.3.1-arm64-arm-64bit-Mach-O",
  "status": "ok",
  "error": null,
  "article_id": 1,
  "run_label": null,
  "benchmark_mode": "standard",
  "draft_model_repo": null,
  "draft_preset": "qwen-0.5b",
  "num_draft_tokens": null,
  "draft_accept_rate": null,
  "prefix_cache_cold_ttft_ms": null,
  "prefix_cache_warm_ttft_ms": null,
  "prefix_system_tokens": null,
  "workload": null,
  "schema_version": 1,
  "trials": {
    "ttft_ms": [
      2430.1679998170584,
      2429.2202501092106,
      2430.744874989614
    ],
    "throughput_tps": [
      6.168119469100736,
      6.218864859227606,
      6.278011013108726
    ],
    "memory_gb": [
      15.493149756,
      15.493149756,
      15.493149756
    ],
    "prompt_tps": [
      210.68502261512086,
      210.76722045972653,
      210.63502190956493
    ]
  },
  "stats": {
    "ttft_ms": {
      "n": 3,
      "mean": 2430.0444,
      "median": 2430.168,
      "p50": 2430.168,
      "p95": 2430.6872,
      "std": 0.6285,
      "min": 2429.2203,
      "max": 2430.7449
    },
    "throughput_tps": {
      "n": 3,
      "mean": 6.2217,
      "median": 6.2189,
      "p50": 6.2189,
      "p95": 6.2721,
      "std": 0.0449,
      "min": 6.1681,
      "max": 6.278
    },
    "memory_gb": {
      "n": 3,
      "mean": 15.4931,
      "median": 15.4931,
      "p50": 15.4931,
      "p95": 15.4931,
      "std": 0.0,
      "min": 15.4931,
      "max": 15.4931
    },
    "prompt_tps": {
      "n": 3,
      "mean": 210.6958,
      "median": 210.685,
      "p50": 210.685,
      "p95": 210.759,
      "std": 0.0545,
      "min": 210.635,
      "max": 210.7672
    }
  },
  "warmup_policy": {
    "warmup_trials": 1,
    "warmup_discarded": true,
    "measured_trials_field": "num_trials",
    "description": "One full generate before timed trials; trials use seed+trial."
  }
}
