{
  "timestamp": "2026-05-20T17:05:52.031630+00:00",
  "hardware": "Mac M3",
  "model_preset": "deepseek-r1-qwen-7b",
  "configuration": "w8",
  "weight_bits": 8,
  "optimizations": {
    "weight_bits": 8,
    "kv_cache": false,
    "prefill": false
  },
  "model_repo": "mlx-community/DeepSeek-R1-Distill-Qwen-7B-8bit",
  "kv_bits": null,
  "prefill_step_size": 512,
  "prompt_tokens": 512,
  "generation_tokens": 128,
  "num_trials": 3,
  "memory_gb": 8.5163,
  "ttft_ms": 2416.7728,
  "throughput_tps": 11.959,
  "prompt_tps": 211.8528,
  "mlx_version": "0.31.2",
  "mlx_lm_version": "0.31.3",
  "platform": "macOS-26.3.1-arm64-arm-64bit-Mach-O",
  "status": "ok",
  "error": null,
  "article_id": 1,
  "run_label": null,
  "benchmark_mode": "standard",
  "draft_model_repo": null,
  "draft_preset": "qwen-0.5b",
  "num_draft_tokens": null,
  "draft_accept_rate": null,
  "prefix_cache_cold_ttft_ms": null,
  "prefix_cache_warm_ttft_ms": null,
  "prefix_system_tokens": null,
  "workload": null,
  "schema_version": 1,
  "trials": {
    "ttft_ms": [
      2416.7727502062917,
      2416.771624935791,
      2417.3601248767227
    ],
    "throughput_tps": [
      11.958976320146196,
      11.962598282545553,
      11.909347166298366
    ],
    "memory_gb": [
      8.516318304,
      8.516318304,
      8.516318304
    ],
    "prompt_tps": [
      211.85276934138577,
      211.85286798193144,
      211.80129296048113
    ]
  },
  "stats": {
    "ttft_ms": {
      "n": 3,
      "mean": 2416.9682,
      "median": 2416.7728,
      "p50": 2416.7728,
      "p95": 2417.3014,
      "std": 0.2772,
      "min": 2416.7716,
      "max": 2417.3601
    },
    "throughput_tps": {
      "n": 3,
      "mean": 11.9436,
      "median": 11.959,
      "p50": 11.959,
      "p95": 11.9622,
      "std": 0.0243,
      "min": 11.9093,
      "max": 11.9626
    },
    "memory_gb": {
      "n": 3,
      "mean": 8.5163,
      "median": 8.5163,
      "p50": 8.5163,
      "p95": 8.5163,
      "std": 0.0,
      "min": 8.5163,
      "max": 8.5163
    },
    "prompt_tps": {
      "n": 3,
      "mean": 211.8356,
      "median": 211.8528,
      "p50": 211.8528,
      "p95": 211.8529,
      "std": 0.0243,
      "min": 211.8013,
      "max": 211.8529
    }
  },
  "warmup_policy": {
    "warmup_trials": 1,
    "warmup_discarded": true,
    "measured_trials_field": "num_trials",
    "description": "One full generate before timed trials; trials use seed+trial."
  }
}
