{
  "timestamp": "2026-05-20T16:16:16.333005+00:00",
  "hardware": "Mac M3",
  "model_preset": "llama-3.2-3b",
  "configuration": "fp16",
  "weight_bits": 16,
  "optimizations": {
    "weight_bits": 16,
    "kv_cache": false,
    "prefill": false
  },
  "model_repo": "mlx-community/Llama-3.2-3B-Instruct-bf16",
  "kv_bits": null,
  "prefill_step_size": 512,
  "prompt_tokens": 512,
  "generation_tokens": 128,
  "num_trials": 3,
  "memory_gb": 6.7284,
  "ttft_ms": 1069.9498,
  "throughput_tps": 13.6072,
  "prompt_tps": 478.5271,
  "mlx_version": "0.31.2",
  "mlx_lm_version": "0.31.3",
  "platform": "macOS-26.3.1-arm64-arm-64bit-Mach-O",
  "status": "ok",
  "error": null,
  "article_id": 1,
  "run_label": null,
  "benchmark_mode": "standard",
  "draft_model_repo": null,
  "draft_preset": "qwen-0.5b",
  "num_draft_tokens": null,
  "draft_accept_rate": null,
  "prefix_cache_cold_ttft_ms": null,
  "prefix_cache_warm_ttft_ms": null,
  "prefix_system_tokens": null,
  "workload": null,
  "schema_version": 1,
  "trials": {
    "ttft_ms": [
      1068.0538329761475,
      1070.860540959984,
      1069.949750090018
    ],
    "throughput_tps": [
      13.62500452779082,
      13.60716543162826,
      13.43129592426479
    ],
    "memory_gb": [
      6.7283672,
      6.7283672,
      6.7283672
    ],
    "prompt_tps": [
      479.3765858910918,
      478.1201476907649,
      478.52714574392303
    ]
  },
  "stats": {
    "ttft_ms": {
      "n": 3,
      "mean": 1069.6214,
      "median": 1069.9498,
      "p50": 1069.9498,
      "p95": 1070.7695,
      "std": 1.1691,
      "min": 1068.0538,
      "max": 1070.8605
    },
    "throughput_tps": {
      "n": 3,
      "mean": 13.5545,
      "median": 13.6072,
      "p50": 13.6072,
      "p95": 13.6232,
      "std": 0.0874,
      "min": 13.4313,
      "max": 13.625
    },
    "memory_gb": {
      "n": 3,
      "mean": 6.7284,
      "median": 6.7284,
      "p50": 6.7284,
      "p95": 6.7284,
      "std": 0.0,
      "min": 6.7284,
      "max": 6.7284
    },
    "prompt_tps": {
      "n": 3,
      "mean": 478.6746,
      "median": 478.5271,
      "p50": 478.5271,
      "p95": 479.2916,
      "std": 0.5234,
      "min": 478.1201,
      "max": 479.3766
    }
  },
  "warmup_policy": {
    "warmup_trials": 1,
    "warmup_discarded": true,
    "measured_trials_field": "num_trials",
    "description": "One full generate before timed trials; trials use seed+trial."
  }
}
